"Player Details","","","","","","Weeks","","","","","","","","","","","","","","","","","","Fantasy Points",""
"Rank","Name","Team","POS","G","Season","W1","W2","W3","W4","W5","W6","W7","W8","W9","W10","W11","W12","W13","W14","W15","W16","W17","W18","FP/G","FP"
"1","Christian McCaffrey","SF","RB","17","2025","23.2","22.7","24.0","26.1","27.9","24.1","39.1","9.8","34.3","17.6","35.1","27.2","17.4","","15.7","32.6","28.1","11.7","24.5","416.6"
"2","Puka Nacua","LA","WR","16","2025","23.1","27.6","22.8","36.0","24.5","4.8","","","22.8","17.4","15.3","16.7","13.2","35.7","27.9","46.5","15.7","26.0","23.5","376.0"
"3","Josh Allen","BUF","QB","17","2025","38.8","11.8","23.0","25.9","21.4","17.4","","23.2","28.8","21.3","44.7","10.1","17.7","37.8","24.5","6.9","24.2","0.0","22.2","377.6"
"4","Bijan Robinson","ATL","RB","17","2025","24.4","19.8","16.1","28.1","","35.8","21.2","6.8","17.6","10.8","30.3","14.7","30.3","10.4","30.5","29.8","39.9","7.3","22.0","373.8"
"5","Jahmyr Gibbs","DET","RB","17","2025","15.0","19.4","26.9","17.7","16.7","7.5","36.8","","5.8","38.2","19.6","55.4","11.6","37.0","9.8","22.8","7.4","20.3","21.6","367.9"
"6","Jonathan Taylor","IND","RB","17","2025","12.8","29.5","32.8","14.6","31.6","23.7","34.2","37.4","7.7","49.6","","8.6","15.1","12.4","13.1","16.9","17.4","5.9","21.4","363.3"
"7","Drake Maye","NE","QB","17","2025","16.8","26.3","21.2","23.2","12.1","27.2","23.1","27.3","18.4","19.1","15.4","17.0","20.5","","21.5","25.7","32.4","15.7","21.4","363.0"
"8","Matthew Stafford","LA","QB","17","2025","13.6","18.3","14.8","27.4","26.6","10.3","27.4","","26.8","26.9","13.2","22.9","14.6","23.2","21.9","30.9","15.8","26.7","21.3","361.4"
"9","Jaxon Smith-Njigba","SEA","WR","17","2025","20.4","18.3","20.6","13.0","27.2","30.2","26.3","","22.0","20.3","20.6","37.1","4.3","28.1","18.3","23.6","16.2","14.4","21.2","360.9"
"10","Patrick Mahomes","KC","QB","14","2025","26.0","23.1","13.2","27.3","27.7","31.5","26.2","25.0","11.5","","14.3","18.1","29.4","9.3","14.1","","","","21.2","296.7"
"11","Brock Purdy","SF","QB","9","2025","18.8","","","20.7","","","","","","","19.3","10.3","17.1","","27.2","31.9","37.9","6.2","21.0","189.4"
"12","Trevor Lawrence","JAX","QB","17","2025","11.3","21.2","8.8","11.7","28.2","19.2","17.6","","22.2","11.8","16.0","21.1","21.7","19.4","44.3","31.2","24.1","23.3","20.8","353.2"
"13","De'Von Achane","MIA","RB","16","2025","16.5","26.2","16.1","17.1","16.6","31.0","12.8","20.1","16.6","40.5","21.5","","19.4","17.5","18.7","18.0","14.2","","20.2","322.8"
"14","Ja'Marr Chase","CIN","WR","16","2025","4.6","36.5","9.9","7.3","29.0","25.1","38.1","21.1","17.1","","6.0","","18.0","10.2","23.2","19.9","25.0","23.6","19.7","314.6"
"15","Jalen Hurts","PHI","QB","16","2025","24.3","11.5","30.0","19.4","19.5","21.6","24.0","25.4","","13.0","14.5","30.9","18.3","5.4","22.9","19.4","8.9","","19.3","309.1"
"16","Caleb Williams","CHI","QB","17","2025","24.2","18.0","29.1","12.8","","19.9","5.7","12.8","38.7","25.1","10.3","22.7","10.5","15.9","19.0","21.0","23.0","17.6","19.2","326.2"
"17","Dak Prescott","DAL","QB","17","2025","7.8","23.1","14.0","31.0","28.3","22.3","23.3","8.6","16.4","","25.3","28.1","21.6","20.4","12.0","19.2","22.7","1.7","19.2","325.8"
"18","Amon-Ra St. Brown","DET","WR","17","2025","8.5","39.2","20.7","26.0","18.0","13.7","20.6","","18.7","16.8","6.2","29.9","0.0","15.2","41.4","9.4","14.8","24.9","19.1","324.0"
"19","Justin Herbert","LAC","QB","16","2025","27.9","19.8","15.6","14.5","15.6","18.8","29.9","26.3","28.7","14.7","4.3","","13.8","14.2","11.4","30.2","16.1","","18.9","301.9"
"20","Rashee Rice","KC","WR","8","2025","","","","","","","23.2","25.5","18.6","","9.8","24.1","29.4","7.4","12.1","","","","18.8","150.1"
"21","Bo Nix","DEN","QB","17","2025","9.8","21.2","13.4","26.7","17.9","13.4","40.0","24.8","19.5","7.8","12.6","","17.4","16.0","29.1","17.2","20.5","10.5","18.7","317.8"
"22","Trey McBride","ARZ","TE","17","2025","12.1","13.8","15.3","12.2","9.1","21.2","29.4","","16.5","27.7","27.5","16.9","22.2","10.8","37.4","6.7","23.6","13.5","18.6","315.9"
"23","Daniel Jones","IND","QB","13","2025","29.5","22.8","15.8","12.4","16.7","23.5","22.2","23.2","19.1","17.5","","16.8","16.1","1.8","","","","","18.3","237.4"
"24","Jared Goff","DET","QB","17","2025","11.9","34.0","12.7","13.7","21.1","16.8","12.3","","19.4","24.8","13.1","18.2","20.6","16.2","25.5","26.5","7.1","16.2","18.2","310.1"
"25","James Cook","BUF","RB","17","2025","21.2","26.5","20.8","22.5","4.9","8.7","","33.6","13.5","11.7","20.4","21.9","19.7","12.1","31.1","26.4","8.7","1.5","18.0","305.2"
"26","Jaxson Dart","NYG","QB","14","2025","","-0.3","0.3","19.8","18.6","23.6","29.4","19.4","27.2","27.3","","","13.6","","23.1","1.0","25.1","20.4","17.8","248.6"
"27","Joe Burrow","CIN","QB","8","2025","8.8","7.0","","","","","","","","","","","19.2","25.4","7.5","29.0","20.4","22.1","17.4","139.5"
"28","Lamar Jackson","BLT","QB","13","2025","29.4","26.3","27.0","12.7","","","","","25.6","16.6","6.7","7.2","9.5","22.1","15.6","4.7","","21.4","17.3","224.9"
"29","George Pickens","DAL","WR","17","2025","6.0","17.8","17.8","33.4","13.7","31.8","12.2","14.8","13.9","","29.4","29.6","16.8","8.7","6.3","26.0","11.8","1.9","17.2","291.9"
"30","Jacoby Brissett","ARZ","QB","14","2025","","0.2","","","0.0","21.7","20.8","","24.8","21.4","23.9","18.7","20.6","20.0","21.6","11.6","16.5","17.6","17.1","239.4"
"31","Jayden Daniels","WAS","QB","7","2025","20.1","19.7","","","17.1","23.6","18.7","","16.2","","","","","3.7","","","","","17.0","119.3"
"32","Drake London","ATL","WR","12","2025","13.5","6.9","10.5","25.0","","31.8","8.2","","38.8","24.4","18.9","","","","","5.7","1.4","17.8","16.9","202.9"
"33","Baker Mayfield","TB","QB","17","2025","22.6","19.9","17.7","19.9","26.7","19.6","12.1","5.1","","22.9","18.8","5.5","14.5","12.1","20.2","13.7","20.4","14.2","16.8","285.9"
"34","Chris Olave","NO","WR","16","2025","12.4","11.4","15.7","10.0","12.9","15.8","26.8","14.0","8.7","21.4","","16.0","14.7","6.0","20.5","36.8","25.9","","16.8","269.0"
"35","Chase Brown","CIN","RB","17","2025","13.1","8.5","6.0","10.1","11.8","8.9","12.0","25.5","19.2","","18.7","15.0","18.3","18.5","16.0","32.9","29.1","19.0","16.6","282.6"
"36","Derrick Henry","BLT","RB","17","2025","30.2","2.3","11.7","7.8","9.3","14.0","","19.1","13.1","11.4","20.2","22.8","17.4","11.2","10.0","23.8","45.6","12.6","16.6","282.5"
"37","Kyler Murray","ARZ","QB","5","2025","18.3","15.0","14.1","18.1","16.3","","","","","","","","","","","","","","16.4","81.8"
"38","Justin Fields","NYJ","QB","9","2025","29.5","5.0","","28.1","25.9","4.9","4.0","20.9","","8.0","20.3","","","","","","","","16.3","146.7"
"39","Jordan Love","GB","QB","15","2025","15.9","20.9","12.1","27.3","","16.0","13.4","28.3","10.0","8.8","17.7","7.1","25.8","20.3","15.9","3.8","","","16.2","243.1"
"40","Cam Skattebo","NYG","RB","8","2025","2.9","13.9","24.1","13.0","15.4","31.0","18.4","10.0","","","","","","","","","","","16.1","128.7"
"41","Josh Jacobs","GB","RB","15","2025","14.0","14.4","12.4","31.7","","32.0","18.8","13.5","20.0","20.7","4.0","","10.1","17.2","23.2","5.8","1.3","","15.9","239.1"
"42","Davante Adams","LA","WR","14","2025","9.1","22.6","14.6","15.6","13.8","7.9","26.5","","23.0","19.7","7.1","23.2","21.8","6.9","11.1","","","","15.9","222.9"
"43","Kyren Williams","LA","RB","17","2025","13.9","10.0","19.2","11.4","32.1","16.7","8.5","","17.4","22.4","16.6","5.8","13.2","17.7","21.8","11.5","16.0","11.1","15.6","265.3"
"44","C.J. Stroud","HST","QB","14","2025","9.7","15.0","12.4","18.4","28.8","","14.7","22.7","4.4","","","","10.0","12.6","23.4","11.5","15.8","17.3","15.5","216.5"
"45","Jameis Winston","NYG","QB","3","2025","","","","","","","","","","","13.0","33.2","","","0.0","","","","15.4","46.3"
"46","Javonte Williams","DAL","RB","16","2025","20.4","25.0","13.2","19.0","26.9","8.4","18.8","17.9","8.3","","10.3","12.1","17.0","14.7","15.1","6.3","11.4","","15.3","244.8"
"47","Nico Collins","HST","WR","15","2025","5.5","14.2","23.4","11.9","16.0","","6.7","","14.5","22.6","24.2","8.5","21.5","16.1","23.5","9.9","8.7","","15.1","227.2"
"48","Tyler Shough","NO","QB","11","2025","","","0.0","","","","","5.3","10.2","19.0","","9.9","19.4","22.3","18.1","17.1","21.9","22.8","15.1","166.0"
"49","Omarion Hampton","LAC","RB","9","2025","8.1","3.5","24.9","27.5","13.0","","","","","","","","","14.7","7.5","16.5","20.0","","15.1","135.7"
"50","Carson Wentz","MIN","QB","5","2025","","","15.3","23.2","14.7","","13.3","8.8","","","","","","","","","","","15.1","75.3"
"51","Sam Darnold","SEA","QB","17","2025","6.4","17.8","16.7","16.1","28.6","20.0","10.6","","28.2","7.9","8.3","17.7","4.1","23.3","11.3","21.5","8.1","8.8","15.0","255.4"
"52","Travis Etienne","JAX","RB","17","2025","18.6","16.9","11.6","19.5","8.8","9.5","6.5","","16.5","15.7","19.3","20.6","5.1","21.2","31.5","16.6","11.2","4.8","14.9","253.9"
"53","Aaron Rodgers","PIT","QB","16","2025","25.7","12.4","12.7","12.8","","17.5","24.6","16.8","12.1","8.4","9.4","","3.7","21.5","17.0","15.5","7.3","17.8","14.7","235.1"
"54","A.J. Brown","PHI","WR","15","2025","1.8","7.7","22.9","2.7","9.3","14.0","28.1","","","3.3","11.9","25.0","35.2","16.0","12.1","18.5","11.8","","14.7","220.3"
"55","Brock Bowers","LV","TE","12","2025","15.3","8.8","9.8","9.6","","","","","43.3","3.7","14.2","11.5","22.3","14.6","8.8","14.3","","","14.7","176.2"
"56","George Kittle","SF","TE","11","2025","12.5","","","","","","0.0","14.3","6.9","23.4","24.7","13.8","10.7","","22.8","24.5","","7.9","14.7","161.5"
"57","Tucker Kraft","GB","TE","8","2025","9.9","24.4","5.9","10.6","","12.3","16.8","33.3","4.0","","","","","","","","","","14.7","117.2"
"58","Saquon Barkley","PHI","RB","16","2025","18.4","17.4","9.5","17.4","17.8","8.7","5.2","33.4","","13.1","10.0","13.4","5.6","18.2","17.2","21.2","6.8","","14.6","233.3"
"59","Bryce Young","CAR","QB","16","2025","11.2","23.3","11.6","10.3","14.0","19.5","10.5","","4.0","3.6","31.8","10.3","22.5","","15.4","17.6","9.9","17.5","14.6","233.0"
"60","Zay Flowers","BLT","WR","17","2025","28.1","14.9","3.3","14.4","12.2","9.6","","14.1","11.4","12.1","11.3","11.9","1.6","20.6","15.8","22.2","13.0","29.8","14.5","246.3"
"61","Ashton Jeanty","LV","RB","17","2025","12.0","7.4","6.3","34.5","15.9","16.6","4.4","","19.9","15.3","9.4","24.8","12.1","5.8","8.2","31.8","9.3","12.4","14.5","246.1"
"62","D'Andre Swift","CHI","RB","16","2025","9.5","14.9","10.8","16.0","","25.5","20.8","15.1","","14.8","9.0","2.9","20.8","11.2","22.6","9.0","21.9","5.8","14.4","230.6"
"63","CeeDee Lamb","DAL","WR","14","2025","18.0","20.2","0.0","","","","22.0","14.6","15.5","","17.6","11.5","24.2","18.1","17.1","11.1","9.6","1.4","14.4","200.9"
"64","Malik Nabers","NYG","WR","4","2025","12.1","37.7","3.3","4.0","","","","","","","","","","","","","","","14.3","57.1"
"65","Garrett Wilson","NYJ","WR","7","2025","22.5","9.0","24.4","20.2","19.1","4.3","","","","0.0","","","","","","","","","14.2","99.5"
"66","Tee Higgins","CIN","WR","15","2025","6.3","14.6","2.5","6.2","11.2","11.2","21.6","11.4","33.1","","15.3","8.1","","27.2","","14.3","9.9","18.7","14.1","211.6"
"67","Bucky Irving","TB","RB","10","2025","14.5","18.1","13.9","26.5","","","","","","","","","16.1","16.1","8.1","7.1","8.3","10.8","14.0","139.5"
"68","J.J. McCarthy","MIN","QB","10","2025","23.2","5.8","","","","","","","19.9","16.7","8.0","2.5","","20.4","24.5","10.3","","8.0","13.9","139.4"
"69","Michael Penix","ATL","QB","9","2025","24.0","5.3","5.8","19.7","","14.6","13.2","","22.7","12.0","7.9","","","","","","","","13.9","125.3"
"70","Wan'Dale Robinson","NYG","WR","16","2025","11.5","28.2","3.6","4.4","8.2","20.4","15.5","7.8","13.6","12.2","7.6","30.6","10.4","","16.4","5.2","22.3","","13.6","217.9"
"71","Jaylen Warren","PIT","RB","16","2025","13.9","17.4","13.1","","","8.3","19.8","9.3","16.9","11.1","8.7","12.8","12.4","15.2","7.8","29.1","6.4","14.9","13.6","217.1"
"72","Tyreek Hill","MIA","WR","4","2025","8.0","16.9","15.9","12.7","","","","","","","","","","","","","","","13.4","53.5"
"73","Christian Watson","GB","WR","10","2025","","","","","","","","12.5","7.8","6.5","20.6","9.9","18.3","24.9","5.9","3.7","22.3","","13.2","132.4"
"74","Breece Hall","NYJ","RB","16","2025","16.5","5.8","9.2","16.1","18.5","5.9","7.2","32.9","","19.5","8.4","14.9","15.6","4.3","5.7","8.3","20.9","","13.1","209.7"
"75","Kenneth Gainwell","PIT","RB","17","2025","5.3","6.6","9.6","31.4","","9.6","3.5","4.5","7.4","2.4","29.5","18.2","6.5","16.2","19.6","23.8","6.8","21.4","13.1","222.3"
"76","Malik Willis","GB","QB","4","2025","","","","","","","","","","","5.8","0.6","","","","13.2","32.5","","13.0","52.2"
"77","Rhamondre Stevenson","NE","RB","14","2025","4.7","21.2","6.6","5.1","15.7","1.8","16.8","5.9","","","","2.0","11.0","","10.7","17.8","27.2","35.3","13.0","181.8"
"78","Michael Wilson","ARZ","WR","17","2025","1.5","8.1","1.5","4.5","3.6","8.4","7.0","","9.1","7.4","33.5","21.8","6.6","37.2","16.4","13.2","19.9","20.9","13.0","220.6"
"79","Jameson Williams","DET","WR","17","2025","6.6","18.8","6.3","5.7","2.0","18.6","0.0","","16.6","23.9","19.7","0.0","26.9","17.3","26.4","12.0","5.7","13.4","12.9","219.9"
"80","Courtland Sutton","DEN","WR","17","2025","18.1","1.6","23.8","19.1","17.9","2.7","16.7","10.7","10.0","5.4","9.9","","17.2","12.2","24.3","20.6","8.0","1.5","12.9","219.7"
"81","Geno Smith","LV","QB","15","2025","18.5","6.2","26.1","12.8","7.9","9.7","2.8","","27.3","5.4","13.9","15.2","13.0","9.0","","15.0","9.1","","12.8","191.9"
"82","Rico Dowdle","CAR","RB","17","2025","3.6","2.9","10.8","4.0","32.4","33.9","10.6","5.4","28.1","15.3","15.0","11.4","9.9","","12.4","8.3","9.3","4.0","12.8","217.3"
"83","Tua Tagovailoa","MIA","QB","14","2025","8.3","19.6","13.8","15.7","22.7","9.6","1.6","24.2","9.5","12.8","6.8","","5.7","9.1","17.2","","","","12.6","176.7"
"84","Mac Jones","SF","QB","11","2025","","22.8","14.3","","22.2","13.2","6.2","19.0","16.8","24.1","-0.3","","0.2","","","-0.3","","","12.5","138.0"
"85","Tetairoa McMillan","CAR","WR","17","2025","11.8","16.0","7.8","10.2","13.3","17.9","6.3","16.9","8.6","11.0","33.0","11.5","11.3","","4.5","19.3","1.5","11.5","12.5","212.4"
"86","DK Metcalf","PIT","WR","15","2025","12.3","11.0","12.2","23.6","","19.5","8.0","16.5","2.6","6.5","9.9","14.4","6.2","21.8","14.5","8.2","","","12.5","187.2"
"87","Kyle Pitts","ATL","TE","17","2025","12.9","7.7","7.9","18.0","","4.8","13.2","14.9","7.8","5.8","3.4","4.5","15.2","15.0","45.6","18.7","3.6","11.8","12.4","210.8"
"88","Stefon Diggs","NE","WR","17","2025","11.7","7.2","5.3","16.1","24.6","5.8","13.9","10.4","12.8","15.6","19.5","4.0","5.6","","5.6","22.8","22.1","7.3","12.4","210.3"
"89","Dallas Goedert","PHI","TE","15","2025","11.4","","10.3","19.7","10.9","26.0","4.8","17.8","","8.3","4.4","4.0","4.7","15.8","25.0","12.2","9.8","","12.3","185.1"
"90","Marcus Mariota","WAS","QB","11","2025","","","21.3","17.2","","","4.9","13.3","0.0","18.7","16.4","","24.3","-0.1","15.7","3.7","","","12.3","135.5"
"91","Quentin Johnston","LAC","WR","14","2025","24.9","15.9","14.9","23.8","7.9","","11.0","0.0","15.3","9.2","0.0","","11.3","2.8","","20.4","14.8","","12.3","172.2"
"92","Joe Flacco","CLV, CIN","QB","13","2025","14.2","10.8","4.7","4.3","","18.8","26.0","24.3","33.7","","10.9","10.6","","","","0.2","1.2","0.2","12.3","159.7"
"93","Alec Pierce","IND","WR","15","2025","4.6","10.8","10.7","","","6.8","14.8","8.9","17.5","18.4","","3.6","17.8","13.0","2.6","24.6","0.0","29.2","12.2","183.3"
"94","RJ Harvey","DEN","RB","17","2025","7.9","3.4","4.6","19.8","6.0","6.5","7.2","24.1","16.6","3.8","8.0","","21.2","22.0","11.5","22.1","18.6","4.3","12.2","207.6"
"95","TreVeyon Henderson","NE","RB","17","2025","11.1","6.0","7.7","12.6","4.7","4.6","0.5","6.5","12.7","28.0","32.3","11.1","11.6","","30.1","2.2","8.2","17.3","12.2","207.2"
"96","Rome Odunze","CHI","WR","12","2025","15.7","31.8","15.2","16.9","","5.2","5.1","18.4","0.0","20.6","6.1","8.3","2.8","","","","","","12.2","146.1"
"97","Jaylen Waddle","MIA","WR","16","2025","7.0","17.8","14.9","7.8","23.0","15.8","2.5","20.9","14.2","19.4","8.2","","7.0","18.1","4.6","12.2","0.7","","12.1","194.1"
"98","Quinshon Judkins","CLV","RB","14","2025","","10.1","16.5","21.5","13.8","3.6","26.4","4.7","","10.5","5.9","16.7","15.9","9.4","4.7","10.1","","","12.1","169.8"
"99","Shedeur Sanders","CLV","QB","8","2025","","","","","","","","","","","2.5","11.3","10.6","34.5","6.5","13.2","11.4","6.0","12.0","95.9"
"100","Michael Pittman","IND","WR","17","2025","20.0","8.0","19.3","15.1","14.9","4.0","20.8","23.5","20.5","3.9","","13.7","2.3","16.9","5.6","7.2","3.6","3.1","11.9","202.4"
"101","Sam LaPorta","DET","TE","9","2025","13.9","5.6","7.3","6.9","20.2","16.5","4.5","","21.7","10.3","","","","","","","","","11.9","106.9"
"102","DeVonta Smith","PHI","WR","17","2025","4.6","9.3","20.0","4.9","19.4","8.9","33.3","14.4","","16.9","1.8","14.9","9.8","7.7","7.0","16.2","4.5","8.2","11.9","201.8"
"103","Justin Jefferson","MIN","WR","17","2025","14.8","11.1","12.5","22.6","19.3","","12.9","14.4","16.7","7.7","11.1","8.8","2.4","3.1","4.2","14.5","7.0","18.4","11.9","201.5"
"104","Cam Ward","TEN","QB","17","2025","3.5","10.8","13.0","5.5","9.0","9.9","12.2","13.8","6.4","","14.1","23.9","6.3","12.1","15.0","18.0","18.0","9.2","11.8","200.7"
"105","Spencer Rattler","NO","QB","9","2025","11.5","21.7","12.7","13.9","16.1","11.1","14.5","4.6","","","","","","","0.0","","","","11.8","106.1"
"106","Deebo Samuel","WAS","WR","16","2025","22.6","17.4","4.9","20.1","23.6","5.4","","4.2","9.4","12.9","20.7","","11.1","6.7","7.3","6.5","11.3","4.1","11.8","188.2"
"107","Harold Fannin","CLV","TE","16","2025","13.6","9.8","5.5","4.5","11.3","15.1","7.6","18.4","","8.4","4.6","8.4","12.3","25.4","12.0","19.5","11.0","","11.7","187.4"
"108","Jauan Jennings","SF","WR","15","2025","3.6","19.9","","6.4","","1.7","7.1","8.5","14.1","18.1","9.4","15.1","13.9","","18.7","18.1","12.2","7.5","11.6","174.3"
"109","Davis Mills","HST","QB","6","2025","","","","","1.2","","","","6.2","28.7","16.4","14.5","","","","","","2.6","11.6","69.6"
"110","J.K. Dobbins","DEN","RB","10","2025","14.8","15.5","15.3","11.5","15.4","4.0","9.0","14.1","6.9","9.4","","","","","","","","","11.6","115.9"
"111","Philip Rivers","IND","QB","3","2025","","","","","","","","","","","","","","","7.8","18.1","8.8","","11.6","34.7"
"112","Emeka Egbuka","TB","WR","17","2025","23.6","12.9","14.5","20.1","31.3","4.4","9.8","6.5","","23.5","9.0","6.2","8.2","3.5","10.4","5.0","5.0","1.8","11.5","195.7"
"113","Terry McLaurin","WAS","WR","10","2025","4.7","9.8","10.4","","","","","14.4","","","","","22.6","7.1","15.9","8.3","11.3","9.7","11.4","114.2"
"114","Travis Kelce","KC","TE","17","2025","12.7","10.1","6.6","9.8","19.1","13.8","8.4","21.9","12.6","","24.1","8.4","15.5","1.8","14.0","1.6","8.6","4.2","11.4","193.2"
"115","Jake Browning","CIN","QB","5","2025","","20.7","7.9","5.4","22.1","","","","","","","0.6","","","","","","","11.3","56.7"
"116","Zach Charbonnet","SEA","RB","16","2025","10.7","1.0","","12.4","11.8","4.7","19.5","","5.6","14.3","6.7","9.5","11.2","8.6","3.1","17.4","26.2","18.7","11.3","181.4"
"117","Ladd McConkey","LAC","WR","16","2025","13.4","9.8","8.1","2.1","14.9","23.0","15.7","20.8","9.6","20.7","4.3","","13.9","2.2","4.0","14.3","4.1","","11.3","180.9"
"118","Kenneth Walker","SEA","RB","17","2025","5.4","18.8","18.0","12.0","9.6","4.7","6.6","","8.1","8.0","20.1","13.1","10.4","3.8","2.9","25.4","7.7","17.3","11.3","191.9"
"119","Jake Ferguson","DAL","TE","17","2025","7.3","16.8","21.2","17.0","23.9","12.3","21.9","0.0","9.0","","11.6","11.1","8.6","11.8","3.6","4.9","7.6","1.5","11.2","190.1"
"120","Tony Pollard","TEN","RB","17","2025","8.9","9.2","13.9","10.6","15.8","6.7","12.1","6.3","7.8","","5.6","8.1","6.3","28.1","18.2","10.2","11.5","9.5","11.1","188.8"
"121","James Conner","ARZ","RB","3","2025","14.4","12.2","6.7","","","","","","","","","","","","","","","","11.1","33.3"
"122","Tyler Warren","IND","TE","17","2025","14.9","11.9","6.8","18.3","14.4","18.3","16.9","9.3","7.6","17.9","","9.5","11.2","3.7","4.9","6.0","9.3","7.6","11.1","188.5"
"123","Jakobi Meyers","LV, JAX","WR","16","2025","17.7","12.8","9.3","7.0","7.2","7.9","","","6.3","7.1","11.4","15.0","21.3","14.8","12.1","8.6","8.9","9.4","11.1","176.8"
"124","Kirk Cousins","ATL","QB","10","2025","","","1.2","","","","","7.1","","","2.1","15.5","13.4","4.5","26.9","19.6","9.1","10.2","11.0","109.5"
"125","Tyrod Taylor","NYJ","QB","6","2025","","8.3","18.7","","","","4.1","","","","","13.8","21.3","-0.8","","","","","10.9","65.5"
"126","Phil Mafah","DAL","RB","1","2025","","","","","","","","","","","","","","","","","","10.9","10.9","10.9"
"127","Parker Washington","JAX","WR","16","2025","0.0","12.6","7.4","-0.1","9.6","4.9","10.2","","17.0","11.9","4.0","18.1","3.6","","8.3","26.5","19.0","19.7","10.8","172.7"
"128","Tyrone Tracy","NYG","RB","15","2025","5.5","9.1","5.6","","","0.6","10.6","7.3","6.7","8.1","17.9","16.0","4.3","","24.7","9.8","6.7","28.9","10.8","161.8"
"129","Keenan Allen","LAC","WR","17","2025","19.8","17.1","19.5","8.7","10.8","6.7","28.9","8.4","6.1","3.9","9.3","","7.0","5.2","8.6","9.4","2.7","10.6","10.7","182.7"
"130","Juwan Johnson","NO","TE","17","2025","15.6","15.9","11.1","5.8","3.7","2.5","12.9","10.3","12.1","19.2","","10.6","8.9","7.8","7.0","16.9","13.5","8.1","10.7","181.9"
"131","Marvin Harrison","ARZ","WR","12","2025","18.1","4.7","7.4","18.6","13.8","5.2","7.8","","22.6","14.3","","","12.9","","","2.4","0.0","","10.7","127.8"
"132","Mike Evans","TB","WR","8","2025","10.1","10.6","13.3","","","","0.0","","","","","","","","19.2","14.1","12.1","5.4","10.6","84.8"
"133","Hunter Henry","NE","TE","17","2025","10.6","1.9","29.0","11.9","6.6","5.7","7.3","7.7","9.1","1.9","8.5","24.5","11.3","","2.8","15.5","13.9","10.6","10.5","178.8"
"134","Dalton Kincaid","BUF","TE","12","2025","14.8","7.7","17.6","9.8","16.8","","","3.3","22.1","5.7","","","","14.1","6.4","0.0","","7.8","10.5","126.1"
"135","Troy Franklin","DEN","WR","17","2025","8.4","24.0","2.8","9.5","8.5","4.1","12.9","26.9","8.3","15.0","12.4","","4.1","4.1","20.8","10.6","5.7","0.0","10.5","178.1"
"136","Khalil Shakir","BUF","WR","16","2025","12.4","2.2","14.5","17.9","11.0","6.3","","20.8","11.3","12.8","0.7","18.0","1.5","9.6","11.5","7.4","9.5","","10.5","167.4"
"137","Dalton Schultz","HST","TE","17","2025","5.8","5.9","8.9","8.0","11.0","","18.8","4.4","13.7","18.3","11.1","1.8","12.5","5.2","21.6","14.5","4.9","11.3","10.5","177.7"
"138","Romeo Doubs","GB","WR","16","2025","8.8","11.8","4.5","29.8","","10.5","13.2","9.4","16.1","1.5","9.3","4.3","12.0","0.0","5.6","19.4","9.2","","10.3","165.4"
"139","Colston Loveland","CHI","TE","16","2025","3.2","0.0","4.1","","","3.1","5.4","6.8","29.8","9.5","7.0","14.9","5.8","12.9","10.1","6.0","21.4","25.1","10.3","165.1"
"140","DJ Moore","CHI","WR","17","2025","9.6","9.6","12.8","7.8","","8.2","8.2","11.6","23.0","0.0","3.1","23.4","4.7","0.6","22.9","21.9","1.7","2.1","10.1","171.2"
"141","Aaron Jones","MIN","RB","12","2025","15.7","2.3","","","","","","5.0","11.8","15.9","11.1","8.7","5.5","7.6","9.5","11.3","15.3","","10.0","119.7"
"142","Brian Thomas","JAX","WR","14","2025","9.0","8.9","7.5","10.6","12.0","23.0","6.1","","8.5","","","","4.8","11.7","17.1","3.8","7.9","7.9","9.9","138.8"
"143","David Montgomery","DET","RB","17","2025","8.3","13.1","29.4","1.2","18.2","8.1","5.9","","12.0","10.1","4.7","6.7","12.8","14.3","9.2","1.4","6.0","6.5","9.9","167.9"
"144","Darren Waller","MIA","TE","9","2025","","","","17.7","18.8","9.2","0.0","","","","","","6.7","2.7","25.6","7.0","1.0","","9.9","88.7"
"145","Ricky Pearsall","SF","WR","9","2025","14.8","9.2","19.7","8.6","","","","","","","1.0","2.8","3.4","","15.6","","13.5","","9.8","88.6"
"146","Brenton Strange","JAX","TE","12","2025","9.9","4.7","12.1","10.5","3.2","","","","","","","14.3","13.5","5.7","3.6","14.9","8.4","17.2","9.8","118.0"
"147","Zach Ertz","WAS","TE","13","2025","11.6","18.4","6.8","6.1","0.0","16.3","12.7","5.6","8.6","9.4","8.2","","20.6","2.1","","","","","9.7","126.4"
"148","Jordan Addison","MIN","WR","14","2025","","","","15.4","15.1","","21.8","11.6","8.4","6.5","10.0","0.0","8.6","10.2","8.6","4.6","12.5","1.8","9.7","135.1"
"149","Tre Tucker","LV","WR","17","2025","13.4","4.9","40.9","4.2","11.1","12.0","8.3","","6.8","5.5","14.7","5.8","5.0","4.4","0.0","9.4","9.9","5.4","9.5","161.7"
"150","Alvin Kamara","NO","RB","11","2025","13.7","17.0","6.6","11.2","9.5","12.6","5.9","6.5","1.7","14.5","","3.5","","","","","","","9.3","102.7"
"151","Chris Godwin","TB","WR","9","2025","","","","5.6","5.6","","","","","","","2.9","10.8","10.5","14.0","8.0","23.8","1.8","9.2","83.0"
"152","Travis Hunter","JAX","WR","7","2025","9.3","5.2","3.1","7.2","9.4","5.5","24.1","","","","","","","","","","","","9.1","63.8"
"153","Kimani Vidal","LAC","RB","13","2025","","","","0.0","2.9","22.8","7.5","19.7","3.0","17.8","3.2","","20.7","11.4","5.8","1.1","","2.0","9.1","117.9"
"154","Woody Marks","HST","RB","16","2025","0.3","6.1","4.6","27.9","2.4","","12.5","15.1","2.7","16.1","6.1","7.9","7.7","15.6","4.8","","8.5","6.8","9.1","145.1"
"155","Quinn Ewers","MIA","QB","4","2025","","","","","","","2.1","","","","","","","","","8.9","15.8","9.4","9.0","36.2"
"156","Kayshon Boutte","NE","WR","14","2025","16.3","8.6","4.8","2.8","7.3","26.3","13.5","16.5","0.0","","","3.5","13.5","","4.0","2.6","","4.4","8.9","124.1"
"157","Trey Benson","ARZ","RB","4","2025","8.5","8.4","8.1","10.4","","","","","","","","","","","","","","","8.9","35.4"
"158","Oronde Gadsden","LAC","TE","15","2025","","","9.6","3.6","2.4","12.8","29.4","18.7","11.8","4.3","6.1","","3.7","1.7","10.1","1.7","12.2","4.3","8.8","132.4"
"159","Russell Wilson","NYG","QB","6","2025","11.1","31.3","7.1","0.3","","0.0","","","","3.0","","","","","","","","","8.8","52.8"
"160","Colby Parkinson","LA","TE","15","2025","0.4","","0.0","3.7","0.0","","7.7","","3.0","14.1","9.4","14.1","6.7","12.2","24.5","4.1","11.3","19.6","8.7","130.8"
"161","AJ Barner","SEA","TE","17","2025","1.2","10.8","3.3","12.2","24.3","10.1","1.9","","11.5","0.3","17.1","3.8","7.7","5.7","5.7","15.0","13.3","3.4","8.7","147.3"
"162","Josh Downs","IND","WR","16","2025","3.2","11.1","5.4","6.4","11.4","16.2","","12.9","17.7","1.3","","3.0","6.4","6.3","10.3","11.8","5.4","9.6","8.7","138.4"
"163","Theo Wease","MIA","WR","3","2025","","","","","","","","","","","","","","","","5.2","13.3","7.4","8.6","25.9"
"164","Kyle Monangai","CHI","RB","17","2025","2.1","4.6","3.0","1.8","","5.4","17.4","2.4","22.8","8.8","10.7","10.8","19.0","8.7","3.3","12.3","7.7","5.9","8.6","146.7"
"165","Kareem Hunt","KC","RB","17","2025","4.6","4.4","11.4","5.7","18.7","4.4","1.8","17.2","12.5","","13.2","21.0","9.0","9.0","3.0","0.2","3.8","6.5","8.6","146.4"
"166","Marquise Brown","KC","WR","16","2025","19.9","8.0","8.2","12.8","8.8","20.5","9.4","0.0","9.3","","8.0","2.0","10.0","4.5","","5.2","1.7","9.4","8.6","137.7"
"167","Albert Okwuegbunam","LV","TE","1","2025","","","","","8.6","","","","","","","","","","","","","","8.6","8.6"
"168","Tyjae Spears","TEN","RB","13","2025","","","","","1.4","9.0","7.0","17.2","9.2","","8.4","6.5","8.4","6.7","5.6","21.5","1.1","9.7","8.6","111.7"
"169","Luther Burden","CHI","WR","15","2025","0.7","1.5","19.8","1.6","","9.1","3.1","0.9","","8.1","5.7","9.1","7.6","11.0","14.4","","27.8","7.5","8.5","127.9"
"170","Theo Johnson","NYG","TE","15","2025","1.5","7.4","2.0","10.7","21.3","4.7","15.6","5.0","11.7","14.5","6.6","10.7","5.9","","10.2","0.0","","","8.5","127.8"
"171","Chuba Hubbard","CAR","RB","15","2025","17.9","18.7","9.6","9.9","","","7.5","9.4","1.7","2.5","3.8","8.3","20.4","","4.8","4.4","3.8","3.7","8.4","126.4"
"172","Rachaad White","TB","RB","17","2025","2.6","14.6","2.4","8.6","23.1","17.6","8.4","8.1","","10.4","8.2","5.2","5.9","6.5","3.6","8.0","3.7","6.1","8.4","143.0"
"173","Jacory Croskey-Merritt","WAS","RB","17","2025","14.2","1.7","10.1","7.7","28.0","6.8","4.2","2.5","5.1","3.0","4.3","","2.0","3.2","15.6","8.5","22.5","2.9","8.4","142.3"
"174","Jalen Coker","CAR","WR","11","2025","","","","","","","0.0","6.6","1.9","5.1","11.2","6.2","17.4","","15.0","7.7","3.6","16.7","8.3","91.4"
"175","Jordan Mason","MIN","RB","16","2025","8.5","5.8","23.6","10.2","13.6","","11.7","1.6","4.7","4.1","10.5","4.2","5.8","11.2","2.9","2.1","","9.4","8.1","129.9"
"176","Rashid Shaheed","NO, SEA","WR","18","2025","9.3","15.2","8.2","9.2","21.4","6.8","8.0","15.5","11.8","3.3","4.9","0.5","2.6","10.7","12.1","3.1","1.8","1.2","8.1","145.6"
"177","Tyler Huntley","BLT","QB","5","2025","","","","","","6.6","","16.7","","","","","","","-0.3","2.8","14.3","","8.0","40.1"
"178","Audric Estime","NO","RB","6","2025","","","","","","","","","","0.0","","","","1.1","8.0","6.6","16.8","15.6","8.0","48.1"
"179","Keon Coleman","BUF","WR","13","2025","25.2","5.6","5.0","7.5","11.3","4.1","","6.0","3.7","13.6","","","8.9","3.6","0.0","","","8.9","8.0","103.4"
"180","Xavier Worthy","KC","WR","14","2025","0.0","","","17.1","11.1","10.6","7.8","10.3","6.0","","5.5","9.9","11.4","8.5","5.5","6.1","0.1","","7.9","109.9"
"181","Bam Knight","ARZ","RB","12","2025","","","","","9.4","12.4","9.4","","6.7","4.3","14.5","13.2","17.8","6.4","-0.2","","","","7.8","93.9"
"182","Mitchell Trubisky","BUF","QB","4","2025","","1.0","","","","","","0.9","","0.4","","","","","","","","28.9","7.8","31.1"
"183","Mark Andrews","BLT","TE","17","2025","1.5","1.4","27.1","10.0","4.2","6.6","","6.4","16.6","10.4","15.7","2.1","8.7","1.9","3.8","4.4","6.8","3.4","7.7","131.0"
"184","Cade Otton","TB","TE","16","2025","0.0","5.5","0.0","3.9","12.1","10.1","13.5","8.0","","17.2","4.8","6.1","2.9","4.9","","3.5","7.3","22.4","7.6","122.2"
"185","Jayden Higgins","HST","WR","17","2025","5.2","3.8","1.5","9.4","7.2","","0.0","13.4","1.4","15.2","9.5","13.8","11.5","6.4","1.4","2.7","16.8","10.3","7.6","129.5"
"186","Michael Carter","ARZ","RB","13","2025","","","","0.1","18.3","8.4","5.6","","","0.4","7.8","8.8","11.4","5.1","13.4","6.5","6.3","6.9","7.6","99.0"
"187","Ryan Flournoy","DAL","WR","15","2025","","0.0","4.1","4.6","18.4","6.3","0.0","1.7","9.2","","7.2","0.0","6.4","26.5","8.0","9.8","","11.8","7.6","114.0"
"188","Mack Hollins","NE","WR","15","2025","1.3","7.8","6.7","7.4","0.0","4.8","7.3","15.9","2.9","16.6","10.4","5.0","5.3","","8.1","13.9","","","7.6","113.4"
"189","T.J. Hockenson","MIN","TE","15","2025","4.5","2.2","15.9","7.9","9.8","","10.3","4.6","9.1","2.8","6.9","5.9","11.9","9.2","10.6","1.2","","","7.5","112.8"
"190","Jalen McMillan","TB","WR","4","2025","","","","","","","","","","","","","","","5.8","3.6","18.4","2.1","7.5","29.9"
"191","Jawhar Jordan","HST","RB","4","2025","","","","","","","","","","","","","","","13.8","12.0","3.6","0.3","7.4","29.7"
"192","Cooper Kupp","SEA","WR","16","2025","3.5","16.0","5.1","6.6","11.9","12.0","3.2","","","9.4","5.3","4.4","5.4","11.5","9.6","7.9","1.6","4.9","7.4","118.3"
"193","Tory Horton","SEA","WR","8","2025","0.0","11.2","12.2","2.0","12.9","0.0","0.0","","20.8","","","","","","","","","","7.4","59.1"
"194","Chig Okonkwo","TEN","TE","17","2025","4.9","7.5","11.6","1.4","8.8","10.6","0.0","9.3","3.0","","8.6","7.0","6.9","4.0","7.3","16.4","14.5","2.2","7.3","124.0"
"195","Brady Cook","NYJ","QB","5","2025","","","","","","","","","","","","","","4.5","11.9","5.7","5.2","9.1","7.3","36.5"
"196","Elic Ayomanor","TEN","WR","16","2025","3.3","15.6","13.8","6.4","3.8","5.7","4.9","9.2","7.6","","3.1","","1.5","8.4","2.7","8.8","13.7","8.0","7.3","116.5"
"197","Tyler Allgeier","ATL","RB","17","2025","2.4","15.0","1.4","11.1","","10.8","1.6","9.4","0.6","17.7","9.6","5.9","13.5","8.7","1.8","8.3","2.3","2.9","7.2","123.0"
"198","Dillon Gabriel","CLV","QB","10","2025","","4.8","","0.0","16.1","8.8","5.8","13.5","","20.1","2.9","","0.0","","","0.0","","","7.2","72.1"
"199","David Njoku","CLV","TE","12","2025","6.7","8.0","9.0","3.1","18.7","5.8","","13.7","","10.1","1.7","0.0","2.4","7.1","","","","","7.2","86.3"
"200","Blake Corum","LA","RB","17","2025","2.6","10.4","5.3","3.6","1.3","2.3","5.3","","5.8","5.6","1.5","2.4","14.1","26.1","13.1","13.1","1.8","7.9","7.2","122.2"
"201","Jerry Jeudy","CLV","WR","17","2025","11.6","9.1","2.7","7.8","3.5","9.3","3.7","0.0","","19.8","5.1","3.9","5.6","16.6","4.2","4.2","10.4","4.2","7.2","121.7"
"202","Darius Slayton","NYG","WR","14","2025","0.0","8.1","7.0","7.4","5.1","","","4.6","11.2","12.9","","3.3","14.1","","9.3","1.8","5.6","9.4","7.1","99.8"
"203","Tyler Higbee","LA","TE","10","2025","0.0","7.7","0.0","4.5","","14.0","4.9","","10.3","6.3","3.3","","","","","","","20.1","7.1","71.1"
"204","Chris Rodriguez","WAS","RB","13","2025","","","3.9","5.9","0.7","0.0","7.2","0.2","12.5","7.6","9.5","","10.1","5.2","","13.9","","15.3","7.1","92.0"
"205","Jayden Reed","GB","WR","7","2025","13.5","0.0","","","","","","","","","","","","9.3","10.5","7.1","8.1","0.0","6.9","48.5"
"206","Miles Sanders","DAL","RB","4","2025","5.0","9.9","8.3","4.5","","","","","","","","","","","","","","","6.9","27.7"
"207","Mason Taylor","NYJ","TE","13","2025","3.0","1.5","5.8","11.5","17.7","1.2","6.1","14.4","","1.4","7.0","5.1","4.1","10.1","","","","","6.8","88.9"
"208","Chimere Dike","TEN","WR","17","2025","0.9","2.8","3.5","-0.4","3.7","2.8","16.9","16.4","1.5","","3.4","15.4","1.9","13.4","5.0","13.0","10.2","5.7","6.8","116.1"
"209","Riley Leonard","IND","QB","5","2025","","","","","","","","0.1","","","","","","11.3","","0.0","-1.0","23.6","6.8","34.0"
"210","Calvin Ridley","TEN","WR","7","2025","6.7","8.7","3.7","5.0","18.1","2.8","","","","","2.3","","","","","","","","6.8","47.3"
"211","Isiah Pacheco","KC","RB","13","2025","4.8","3.9","5.8","12.8","8.6","6.1","12.4","5.8","","","","","5.3","3.0","2.1","13.5","3.2","","6.7","87.3"
"212","Pat Freiermuth","PIT","TE","17","2025","5.8","6.1","1.6","0.0","","2.1","28.1","4.3","11.7","6.3","2.9","10.9","0.0","2.9","7.5","6.0","9.3","8.1","6.7","113.6"
"213","Devin Neal","NO","RB","9","2025","0.9","","","","","","0.1","4.1","2.2","6.1","","11.1","9.9","15.4","10.2","","","","6.7","60.0"
"214","Malik Washington","MIA","WR","17","2025","4.9","3.5","6.2","4.1","4.0","6.3","8.0","13.6","8.1","9.3","7.2","","7.0","4.0","2.0","10.2","1.5","11.8","6.6","111.7"
"215","Austin Ekeler","WAS","RB","2","2025","8.7","4.4","","","","","","","","","","","","","","","","","6.6","13.1"
"216","Justice Hill","BLT","RB","10","2025","-0.1","5.5","7.5","28.7","2.2","9.4","","0.2","3.5","8.3","","0.0","","","","","","","6.5","65.2"
"217","Evan Engram","DEN","TE","16","2025","5.1","2.2","","6.9","13.3","9.9","9.2","7.6","0.0","3.2","7.3","","13.9","2.8","2.2","5.6","6.1","7.5","6.4","102.8"
"218","Devin Singletary","NYG","RB","17","2025","0.9","1.0","1.1","2.8","3.4","1.0","0.2","3.8","7.1","10.3","17.7","4.7","19.2","","2.4","5.6","17.0","10.6","6.4","108.8"
"219","Sterling Shepard","TB","WR","13","2025","6.9","7.4","12.0","4.0","11.9","7.1","8.5","1.8","","6.1","10.1","4.2","1.5","1.5","","","","","6.4","83.0"
"220","Greg Dulcich","MIA","TE","10","2025","","","","","","","","0.0","9.9","3.2","3.8","","4.4","7.1","6.6","6.6","16.1","6.1","6.4","63.8"
"221","Greg Dortch","ARZ","WR","12","2025","0.8","2.1","2.8","7.9","3.2","9.9","2.5","","0.9","6.2","18.6","16.8","3.4","","","","","","6.3","75.1"
"222","Calvin Austin","PIT","WR","14","2025","17.0","3.2","12.4","3.3","","","","6.8","10.6","3.4","1.5","7.6","0.0","4.1","0.0","1.8","","14.5","6.2","86.2"
"223","Dawson Knox","BUF","TE","17","2025","4.0","3.9","0.0","0.0","3.5","8.9","","2.5","4.0","6.7","3.3","4.7","5.8","17.3","18.7","2.0","8.0","10.4","6.1","103.7"
"224","Hunter Renfrow","CAR","WR","6","2025","3.1","23.8","2.6","3.0","1.7","1.7","","","","","","","","","","","","","6.0","35.9"
"225","Bhayshul Tuten","JAX","RB","15","2025","1.1","15.4","8.1","3.2","2.1","4.8","2.2","","9.6","2.0","13.4","1.7","8.9","-0.5","9.3","","","8.3","6.0","89.6"
"226","Xavier Legette","CAR","WR","15","2025","4.0","0.8","","","11.1","3.1","24.2","3.7","3.2","0.0","18.3","5.2","1.1","","5.9","2.2","1.3","5.2","6.0","89.3"
"227","Marvin Mims","DEN","WR","15","2025","4.2","10.4","1.4","20.5","3.9","4.8","15.8","1.8","","","0.2","","3.7","1.7","7.7","5.9","4.0","3.0","5.9","89.0"
"228","Jalen Nailor","MIN","WR","17","2025","3.8","6.1","6.7","9.2","7.2","","5.7","0.0","2.6","23.4","2.6","0.0","0.0","6.0","19.5","0.0","0.0","7.9","5.9","100.7"
"229","Dylan Sampson","CLV","RB","15","2025","17.3","10.9","0.2","-0.2","1.2","4.4","2.7","7.9","","0.9","1.9","16.2","2.3","10.8","","","5.7","6.4","5.9","88.6"
"230","Ty Johnson","BUF","RB","17","2025","2.4","0.6","3.1","0.0","1.0","2.6","","0.6","10.0","4.6","15.0","8.2","5.5","5.9","5.8","7.6","7.8","19.6","5.9","100.3"
"231","Nick Chubb","HST","RB","15","2025","6.0","15.2","7.0","8.2","12.1","","2.1","8.9","3.4","6.2","1.7","2.5","9.4","0.3","","5.2","0.1","","5.9","88.3"
"232","Jake Tonges","SF","TE","16","2025","10.5","7.1","4.1","14.8","17.1","11.8","0.0","7.2","0.0","0.0","0.0","0.0","0.0","","0.0","1.7","19.0","","5.8","93.3"
"233","Tez Johnson","TB","WR","16","2025","0.0","","0.0","2.3","9.9","11.5","15.8","9.3","","20.2","1.6","12.3","1.5","0.0","0.0","0.9","3.9","3.2","5.8","92.4"
"234","Tyquan Thornton","KC","WR","14","2025","6.1","13.9","18.1","8.1","12.0","0.0","4.9","0.0","0.0","","7.1","0.0","0.0","3.9","6.7","","","","5.8","80.8"
"235","Xavier Hutchinson","HST","WR","17","2025","5.5","4.9","4.6","3.7","16.8","","2.3","17.9","6.0","0.0","7.2","0.9","5.9","0.0","2.6","1.4","4.9","13.4","5.8","98.0"
"236","Kendrick Bourne","SF","WR","16","2025","","6.2","7.8","2.7","24.2","19.2","3.4","7.4","5.4","2.9","0.0","0.0","0.0","","3.7","5.7","3.5","0.0","5.8","92.1"
"237","Gunnar Helm","TEN","TE","16","2025","2.6","2.9","5.7","2.2","7.4","3.5","7.6","10.3","2.5","","6.9","11.1","8.3","1.8","14.9","2.9","1.1","","5.7","91.7"
"238","KaVontae Turpin","DAL","WR","15","2025","4.7","15.3","8.8","6.4","","","2.7","0.8","3.3","","1.0","5.2","8.1","5.0","3.2","4.7","15.6","0.7","5.7","85.5"
"239","Luke McCaffrey","WAS","WR","9","2025","0.0","4.9","14.6","10.1","6.0","10.3","0.0","5.4","","","","","","","","","","","5.7","51.3"
"240","Michael Mayer","LV","TE","13","2025","7.8","2.9","0.0","","","16.0","2.0","","5.6","5.2","4.3","2.4","","","0.0","2.0","17.9","7.7","5.7","73.8"
"241","DeMario Douglas","NE","WR","17","2025","8.2","1.8","2.7","0.0","3.7","16.1","4.7","5.7","20.0","5.4","6.1","6.1","6.3","","0.5","1.6","2.0","4.9","5.6","95.8"
"242","Emanuel Wilson","GB","RB","17","2025","0.4","0.0","2.5","11.1","","1.7","2.5","11.7","2.7","1.4","13.9","26.5","1.4","1.0","0.3","8.2","3.4","5.8","5.6","94.5"
"243","Adonai Mitchell","IND, NYJ","WR","16","2025","4.1","4.0","0.0","11.6","0.0","","1.8","0.0","1.7","","2.0","6.2","24.2","3.4","17.4","7.3","5.2","0.0","5.6","88.9"
"244","Darnell Mooney","ATL","WR","15","2025","","4.0","8.4","2.5","","","9.8","2.1","2.5","2.7","6.4","16.4","4.5","1.6","6.5","4.4","5.5","5.0","5.5","82.3"
"245","Josh Johnson","WAS","QB","5","2025","","","","","","","","","","0.0","0.0","","","","","0.7","8.9","17.7","5.5","27.4"
"246","Mike Gesicki","CIN","TE","13","2025","2.4","4.8","1.6","1.8","3.5","0.0","","","","","","7.5","3.9","20.6","2.1","12.5","6.7","3.3","5.4","70.7"
"247","Dontayvion Wicks","GB","WR","14","2025","5.0","8.4","4.1","3.9","","3.5","1.5","","","7.8","1.9","5.2","28.0","0.0","1.6","3.2","1.7","","5.4","75.8"
"248","Sean Tucker","TB","RB","17","2025","0.2","0.0","","","2.9","8.5","1.6","10.2","","6.1","34.0","5.6","0.0","8.9","6.7","6.3","0.8","-0.4","5.4","91.4"
"249","Samaje Perine","CIN","RB","15","2025","2.6","0.0","1.1","0.4","4.9","5.2","3.1","17.0","0.5","","","","6.4","4.8","5.3","12.1","8.3","8.2","5.3","79.9"
"250","Olamide Zaccheaus","CHI","WR","16","2025","8.2","4.1","6.6","9.1","","4.8","2.9","10.3","17.8","1.5","0.0","1.6","3.9","8.7","0.0","5.3","","0.0","5.3","84.8"
"251","Andrei Iosivas","CIN","WR","17","2025","0.0","2.2","0.0","3.7","13.2","1.5","7.9","0.0","18.0","","5.0","10.6","9.9","3.7","0.0","3.1","8.1","3.0","5.3","89.9"
"252","Noah Fant","CIN","TE","15","2025","12.6","5.8","6.6","","0.0","6.7","14.4","7.1","10.8","","7.6","1.9","1.3","2.5","0.0","","0.0","0.5","5.2","77.8"
"253","Ronnie Bell","NO","WR","2","2025","","","","","","","","","","","","","","","","","0.0","10.3","5.2","10.3"
"254","Gabe Davis","BUF","WR","6","2025","","","","","","","","","","","7.0","3.2","1.5","4.1","","","0.0","15.1","5.2","30.9"
"255","Devaughn Vele","NO","WR","13","2025","2.3","7.3","","0.0","3.3","0.0","0.0","2.0","0.0","2.5","","6.7","23.3","7.0","11.9","","","","5.1","66.3"
"256","Raheim Sanders","CLV","RB","4","2025","6.3","","","","","","","","","","","","","","","5.6","4.1","4.3","5.1","20.3"
"257","Jonnu Smith","PIT","TE","17","2025","12.5","6.7","5.3","2.6","","5.8","11.8","3.7","5.5","1.4","0.0","5.8","1.6","0.0","10.6","2.8","7.7","1.4","5.0","85.2"
"258","Matthew Golden","GB","WR","14","2025","3.6","1.5","10.1","11.3","","13.2","7.7","3.4","2.9","","3.4","","","0.0","8.5","0.4","2.2","1.8","5.0","70.0"
"259","Pat Bryant","DEN","WR","15","2025","0.0","3.8","0.0","0.0","0.0","4.2","1.6","12.0","4.0","5.3","13.2","","7.2","7.2","","9.2","","7.1","5.0","74.8"
"260","Jaylen Wright","MIA","RB","10","2025","","","","","","","0.0","3.8","","1.7","0.4","","1.6","16.7","2.1","12.3","5.6","5.0","4.9","49.2"
"261","Cole Kmet","CHI","TE","16","2025","4.1","4.9","8.0","7.6","","1.0","2.6","","2.0","1.5","9.5","1.3","12.6","6.2","4.8","3.4","3.6","5.6","4.9","78.7"
"262","Brittain Brown","CHI","RB","2","2025","","","","","","","","","9.7","","","","","","0.0","","","","4.9","9.7"
"263","Aidan O'Connell","LV","QB","1","2025","","","","","","","","","","","","","","","","","","4.8","4.8","4.8"
"264","Kendre Miller","NO","RB","7","2025","2.4","2.0","5.6","12.5","5.9","4.2","0.7","","","","","","","","","","","","4.8","33.3"
"265","Darnell Washington","PIT","TE","16","2025","0.0","2.0","0.0","5.0","","9.2","9.2","0.0","8.3","2.5","10.7","4.2","6.5","2.2","5.5","5.6","3.5","","4.7","74.4"
"266","Josh Reynolds","NYJ","WR","5","2025","3.8","","","0.0","7.9","5.5","5.9","","","","","","","","","","","","4.6","23.1"
"267","Cedric Tillman","CLV","WR","13","2025","16.2","10.2","5.6","1.6","","","","","","3.1","8.2","1.5","0.0","3.3","0.0","1.8","5.2","3.3","4.6","60.0"
"268","Emari Demercado","ARZ","RB","13","2025","","0.0","0.0","10.1","7.1","0.1","","","8.8","13.4","4.0","","","","2.1","3.0","4.0","6.7","4.6","59.3"
"269","John Metchie","NYJ, PHI","WR","16","2025","0.0","1.0","1.8","3.0","0.0","0.0","","0.0","","0.6","13.5","18.5","5.7","7.4","6.9","1.4","7.1","5.0","4.5","71.9"
"270","Isaiah Likely","BLT","TE","14","2025","","","","0.0","2.2","2.6","","2.8","9.0","3.7","3.5","2.0","13.5","12.5","0.0","0.0","5.7","5.2","4.5","62.7"
"271","Isaac TeSlaa","DET","WR","17","2025","8.3","3.9","0.0","0.0","8.2","0.0","0.0","","0.0","2.1","0.0","0.0","11.5","10.0","0.0","15.2","13.9","2.8","4.5","75.9"
"272","Christian Kirk","HST","WR","13","2025","","","5.5","5.0","10.4","","","","6.6","1.3","1.6","16.4","0.0","1.6","0.0","6.7","2.1","0.7","4.5","57.9"
"273","Isaiah Davis","NYJ","RB","16","2025","1.8","1.6","0.0","4.7","6.3","1.1","5.2","17.9","","2.1","1.1","0.7","0.0","2.2","13.5","10.0","3.0","","4.5","71.2"
"274","Chris Oladokun","KC","QB","3","2025","","","","","","","","","","","","","","","","5.1","7.7","0.3","4.4","13.2"
"275","Van Jefferson","TEN","WR","16","2025","0.0","3.0","1.8","1.6","0.0","11.5","8.1","1.6","3.1","","11.2","2.1","5.0","3.7","5.3","4.4","7.6","","4.4","70.0"
"276","Josh Palmer","BUF","WR","12","2025","11.1","6.7","1.5","4.5","5.6","8.0","","","","","3.7","4.1","","","2.6","1.2","2.2","1.1","4.4","52.3"
"277","Jeremy McNichols","WAS","RB","17","2025","2.5","0.0","13.8","1.3","2.8","6.5","6.5","11.8","0.0","3.9","4.9","","5.0","1.2","2.2","5.2","4.0","2.1","4.3","73.7"
"278","JuJu Smith-Schuster","KC","WR","17","2025","10.5","1.5","9.5","13.6","3.7","8.7","6.5","4.9","1.2","","0.0","1.8","0.0","1.5","0.0","2.2","4.6","3.3","4.3","73.5"
"279","Jaret Patterson","LAC","RB","6","2025","","","","","","","","3.0","4.4","0.1","","","11.4","","","","0.1","6.7","4.3","25.7"
"280","Keaton Mitchell","BLT","RB","13","2025","","","","","2.3","0.0","","4.3","2.8","3.1","7.4","2.9","11.1","7.6","6.6","1.3","5.8","0.2","4.3","55.4"
"281","Rashod Bateman","BLT","WR","13","2025","3.0","3.5","17.3","3.4","0.0","1.8","","7.1","9.3","4.0","","","0.0","4.3","","0.0","1.7","","4.3","55.4"
"282","Demarcus Robinson","SF","WR","14","2025","","","","3.0","6.9","6.4","0.0","4.5","0.0","6.4","2.3","1.8","0.6","","5.6","10.3","5.0","5.4","4.2","58.2"
"283","Ja'Tavion Sanders","CAR","TE","13","2025","4.7","12.4","3.1","","","","0.0","4.9","1.5","8.2","6.2","1.6","0.0","","2.5","8.9","0.0","","4.2","54.0"
"284","Kevin Austin","NO","WR","8","2025","","","0.0","","","","","","","","","0.0","0.0","0.0","6.3","3.8","15.2","7.7","4.1","33.0"
"285","Tre Harris","LAC","WR","17","2025","2.1","5.4","0.0","0.0","0.0","6.7","4.3","8.8","3.8","2.4","2.2","","6.0","3.1","7.9","9.4","2.5","4.8","4.1","69.4"
"286","Jaydon Blue","DAL","RB","5","2025","","","","","0.7","0.0","4.4","2.9","","","","","","","","","","12.4","4.1","20.4"
"287","Braelon Allen","NYJ","RB","4","2025","6.9","1.1","6.7","1.6","","","","","","","","","","","","","","","4.1","16.3"
"288","Malik Davis","DAL","RB","10","2025","","","","","","","0.0","0.3","0.3","","2.0","2.4","10.7","0.6","11.7","2.3","10.3","","4.1","40.6"
"289","Kalif Raymond","DET","WR","15","2025","3.6","3.3","1.4","3.3","0.0","0.0","4.7","","0.0","9.9","0.0","5.7","","","3.0","16.2","1.5","8.2","4.1","60.8"
"290","Jaylin Noel","HST","WR","17","2025","1.7","0.0","1.4","1.0","9.8","","11.7","11.3","-0.3","7.5","2.2","1.9","0.0","3.3","0.0","0.0","14.6","2.3","4.0","68.4"
"291","Terrance Ferguson","LA","TE","13","2025","","0.0","","","3.1","0.0","10.1","","7.4","4.2","0.0","0.0","0.0","0.0","1.6","12.3","13.4","","4.0","52.1"
"292","Quentin Skinner","NYJ","WR","1","2025","","","","","","","","","","","","","","","","","","4.0","4.0","4.0"
"293","Jared Wayne","HST","WR","1","2025","","","","","","","","4.0","","","","","","","","","","","4.0","4.0"
"294","Tyler Lockett","LV, TEN","WR","17","2025","0.0","2.9","7.7","0.0","1.6","1.0","3.8","","0.0","9.4","6.3","10.2","2.1","7.1","3.0","1.6","8.9","1.5","3.9","67.1"
"295","DeAndre Hopkins","BLT","WR","17","2025","11.5","14.4","2.3","0.0","6.6","4.0","","2.4","0.0","3.6","2.1","3.3","4.5","0.0","4.2","8.1","0.0","0.0","3.9","67.0"
"296","Isaiah Hodgins","NYG","WR","7","2025","","","","","","","","","","","10.7","12.2","1.4","","1.4","0.0","1.8","0.0","3.9","27.5"
"297","Jaleel McLaughlin","DEN","RB","8","2025","","","","","","0.0","","","","","8.4","","4.0","4.1","0.4","3.7","4.0","6.8","3.9","31.4"
"298","Shane Buechele","KC","QB","1","2025","","","","","","","","","","","","","","","","","","3.9","3.9","3.9"
"299","Trey Lance","LAC","QB","4","2025","","","","","2.9","","","","","","1.6","","0.8","","","","","10.3","3.9","15.5"
"300","Najee Harris","LAC","RB","3","2025","2.0","6.8","2.8","","","","","","","","","","","","","","","","3.9","11.6"
"301","Jahdae Walker","CHI","WR","7","2025","","","","0.0","","","","0.0","0.0","","","","","0.0","","10.1","5.0","11.6","3.8","26.7"
"302","Zay Jones","ARZ","WR","8","2025","1.4","0.0","4.5","","2.8","12.9","8.7","","0.0","0.0","","","","","","","","","3.8","30.3"
"303","Tommy Tremble","CAR","TE","17","2025","1.2","5.0","3.6","15.2","1.7","7.9","1.0","1.4","0.0","0.0","6.4","0.0","1.2","","3.3","1.6","1.6","12.8","3.8","63.9"
"304","Michael Bandy","DEN","WR","4","2025","","","","","","","","","2.6","0.0","","","","","9.0","","3.4","","3.8","15.0"
"305","Daniel Bellinger","NYG","TE","16","2025","2.4","0.0","1.6","2.3","9.2","0.0","17.8","3.1","","1.8","0.0","0.0","0.0","","6.5","0.0","3.1","11.8","3.7","59.6"
"306","Brashard Smith","KC","RB","17","2025","0.0","0.2","1.3","6.6","6.6","5.1","13.1","0.8","0.7","","2.8","6.6","0.0","0.7","0.1","1.4","9.5","7.8","3.7","63.3"
"307","Austin Hooper","NE","TE","16","2025","2.0","6.8","4.8","3.4","0.0","1.5","9.1","5.8","3.0","0.0","","6.9","0.0","","0.0","5.4","9.1","1.5","3.7","59.3"
"308","Davis Allen","LA","TE","17","2025","8.3","7.8","1.3","1.0","4.4","1.7","1.4","","6.7","8.8","0.0","5.9","1.4","4.1","4.6","5.4","0.0","0.0","3.7","62.8"
"309","Tanner McKee","PHI","QB","4","2025","","","","","","","","-0.2","","","","","","","2.2","-0.2","","12.9","3.7","14.8"
"310","Tanner Hudson","CIN","TE","13","2025","","","","0.0","0.0","11.0","","1.9","6.2","","5.2","1.9","8.4","2.1","4.6","1.4","5.1","0.0","3.7","47.8"
"311","Brian Robinson","SF","RB","17","2025","4.7","2.9","2.2","2.1","1.2","3.8","3.6","0.0","11.3","11.5","2.4","5.4","2.6","","2.1","2.0","3.8","0.9","3.7","62.5"
"312","Josh Oliver","MIN","TE","15","2025","1.5","0.0","8.2","0.0","11.5","","1.9","0.0","","","0.7","1.4","0.0","16.4","2.8","3.9","1.8","4.9","3.7","55.0"
"313","Zavier Scott","MIN","RB","11","2025","","","6.0","16.4","0.8","","1.6","4.4","0.0","","","","3.1","3.0","","2.2","0.0","2.7","3.7","40.2"
"314","Antonio Gibson","NE","RB","5","2025","0.3","3.8","1.8","8.7","3.6","","","","","","","","","","","","","","3.6","18.2"
"315","Treylon Burks","WAS","WR","8","2025","","","","","","","","","2.4","8.8","","","7.5","0.0","0.0","5.0","2.1","3.2","3.6","29.0"
"316","Dyami Brown","JAX","WR","14","2025","8.8","17.6","2.7","","3.5","4.0","7.0","","5.9","0.0","0.0","0.0","","0.0","-0.6","0.0","","1.8","3.6","50.7"
"317","Hunter Long","JAX","TE","9","2025","7.6","0.0","3.2","11.3","1.3","3.9","3.6","","1.6","","","","","0.0","","","","","3.6","32.5"
"318","Mason Rudolph","PIT","QB","5","2025","","0.5","","","","0.0","","","","","9.0","9.5","-1.0","","","","","","3.6","18.0"
"319","Jalen Tolbert","DAL","WR","13","2025","1.0","3.6","7.4","10.1","0.0","1.8","2.6","12.7","0.0","","0.0","","0.0","","","","7.1","0.0","3.6","46.3"
"320","Xavier Restrepo","TEN","WR","2","2025","","","","","","","","","","","","4.6","2.5","","","","","","3.6","7.1"
"321","Curtis Samuel","BUF","WR","6","2025","","","","1.9","10.6","","","0.0","1.6","3.1","3.9","","","","","","","","3.5","21.1"
"322","Jakobie Keeney-James","GB","WR","1","2025","","","","","","","","","","","","","","","","","","3.5","3.5","3.5"
"323","Jacoby Jones","WAS","WR","1","2025","","","","","","","","","","","3.5","","","","","","","","3.5","3.5"
"324","Elijah Higgins","ARZ","TE","17","2025","1.3","6.5","1.7","0.0","3.0","5.4","1.3","","6.0","3.9","2.1","0.0","3.7","1.0","1.3","16.1","0.0","5.8","3.5","59.1"
"325","Brandin Cooks","NO, BUF","WR","15","2025","5.6","4.6","5.4","5.2","1.5","3.1","1.3","5.2","3.6","0.0","","","2.3","0.0","0.0","0.0","14.1","","3.5","51.9"
"326","Lil'Jordan Humphrey","DEN, NYG","WR","10","2025","","","","","","9.5","0.0","0.0","","","0.0","","0.0","5.7","13.2","1.9","4.3","0.0","3.5","34.6"
"327","Robbie Chosen","WAS","WR","3","2025","","","","","","","7.6","","","2.7","0.0","","","","","","","","3.4","10.3"
"328","Isaiah Bond","CLV","WR","16","2025","1.5","2.5","3.6","8.8","4.9","2.9","0.0","0.0","","","0.8","7.8","3.7","0.0","10.9","2.0","2.6","2.7","3.4","54.7"
"329","Devontez Walker","BLT","WR","11","2025","","16.6","4.4","0.0","0.0","","","","","","0.0","4.0","0.0","","0.0","0.0","0.0","12.6","3.4","37.6"
"330","Ray Davis","BUF","RB","17","2025","1.1","2.4","0.0","0.3","0.1","9.9","","1.6","0.0","0.8","","0.0","6.2","0.0","2.3","5.4","2.6","25.4","3.4","58.1"
"331","Tank Bigsby","PHI, JAX","RB","16","2025","1.2","","","","0.0","","2.0","10.4","","0.7","3.4","0.8","0.0","0.4","5.7","9.7","1.9","17.6","3.4","53.8"
"332","Jerome Ford","CLV","RB","13","2025","1.5","10.4","5.0","1.3","5.8","8.0","3.0","0.9","","0.1","0.2","-0.3","4.7","3.0","","","","","3.4","43.6"
"333","Brock Wright","DET","TE","11","2025","0.0","11.8","0.0","0.0","8.9","0.0","5.3","","2.1","0.0","2.8","5.9","","","","","","","3.3","36.8"
"334","Joe Milton","DAL","QB","4","2025","","","0.6","","","","","6.3","","","","","","","","0.1","","6.2","3.3","13.3"
"335","Noah Brown","WAS","WR","4","2025","4.7","1.9","","","","","","","","","","","","2.9","3.8","","","","3.3","13.3"
"336","Taysom Hill","NO","TE","13","2025","","","","","0.7","6.1","2.8","2.2","3.0","2.0","","1.7","1.7","-0.1","0.2","16.3","0.0","6.2","3.3","42.8"
"337","Isaiah Williams","NYJ","WR","15","2025","","","","0.0","","","","8.6","","1.4","1.6","0.0","0.0","4.4","11.3","6.5","7.5","7.4","3.2","48.7"
"338","Tim Patrick","JAX","WR","16","2025","0.0","0.0","2.6","0.9","0.0","9.6","3.2","","","0.0","11.0","0.0","2.1","18.8","0.0","2.1","0.0","1.4","3.2","51.7"
"339","Marquez Valdes-Scantling","PIT, SF","WR","10","2025","0.0","0.0","1.9","","1.9","4.2","","","","","","","","0.0","8.9","1.6","5.1","8.4","3.2","32.0"
"340","Ollie Gordon","MIA","RB","17","2025","1.3","2.3","9.8","1.0","-0.2","1.2","2.3","13.6","1.9","-0.3","10.5","","1.0","7.7","0.0","-0.1","0.0","2.1","3.2","54.1"
"341","Shedrick Jackson","LV","WR","5","2025","","","","","","","0.0","","","","","","","9.5","0.0","","4.0","2.4","3.2","15.9"
"342","Elijah Moore","BUF","WR","9","2025","2.1","10.7","6.1","0.0","","0.0","","2.4","3.8","2.8","","0.7","","","","","","","3.2","28.6"
"343","Tyler Johnson","NYJ","WR","12","2025","5.1","0.0","5.2","","0.0","0.0","9.0","15.4","","0.0","0.0","","0.0","","","1.7","1.3","","3.1","37.7"
"344","Andy Dalton","CAR","QB","4","2025","","","-0.1","6.3","","","2.2","4.1","","","","","","","","","","","3.1","12.5"
"345","Tutu Atwell","LA","WR","10","2025","1.4","0.0","0.0","15.8","9.2","","0.0","","","","","","","","1.9","0.0","0.0","2.9","3.1","31.2"
"346","Jackson Hawes","BUF","TE","17","2025","3.9","1.5","7.5","2.5","0.0","0.0","","3.5","2.8","9.6","0.0","4.6","2.0","7.3","1.9","4.6","0.0","1.0","3.1","52.7"
"347","Roman Wilson","PIT","WR","13","2025","0.0","1.7","0.0","0.0","","2.2","3.7","17.4","0.4","11.5","2.7","0.0","0.0","","","","0.0","","3.0","39.6"
"348","Xavier Smith","LA","WR","16","2025","4.6","0.0","","0.0","","0.0","3.5","","3.2","2.4","1.8","","11.2","1.6","0.0","7.7","10.7","1.6","3.0","48.3"
"349","Jahan Dotson","PHI","WR","17","2025","8.9","1.4","1.7","0.0","3.4","2.7","0.0","11.0","","0.0","6.3","0.0","2.2","1.3","0.0","4.3","0.0","7.0","3.0","50.2"
"350","Ty Chandler","MIN","RB","3","2025","","","","","","","","","","","","","","","","","2.4","6.4","2.9","8.8"
"351","Elijah Arroyo","SEA","TE","13","2025","1.7","5.1","0.0","6.4","2.0","1.6","7.2","","10.9","1.5","0.0","1.5","0.0","0.0","","","","","2.9","37.9"
"352","Ameer Abdullah","IND","RB","13","2025","","","","","6.6","2.6","3.7","1.8","1.5","1.8","","0.0","0.0","2.9","9.7","1.4","1.4","4.5","2.9","37.9"
"353","Luke Musgrave","GB","TE","17","2025","1.4","5.2","0.0","1.6","","1.7","0.0","1.5","6.4","5.3","0.9","1.7","3.3","4.2","9.2","6.8","0.0","0.0","2.9","49.2"
"354","Kyle Williams","NE","WR","17","2025","2.2","0.0","1.8","-0.2","0.0","0.0","0.0","0.0","0.0","14.2","0.0","2.8","10.3","","0.0","12.6","5.0","0.5","2.9","49.2"
"355","David Sills","ATL","WR","17","2025","0.0","0.0","1.9","0.0","","0.0","0.0","3.4","0.0","0.0","2.1","9.6","9.5","0.0","13.8","0.0","6.7","2.1","2.9","49.1"
"356","Trayveon Williams","CLV, LAC","RB","6","2025","","","","","","","","","","","0.9","","","","2.7","9.5","1.0","3.0","2.9","17.1"
"357","Mitchell Evans","CAR","TE","17","2025","0.0","1.9","1.9","11.3","7.4","3.1","4.4","0.0","0.0","0.0","4.8","0.0","5.0","","0.0","5.3","1.6","1.5","2.8","48.2"
"358","Jeremy Ruckert","NYJ","TE","17","2025","3.6","7.5","0.0","3.3","6.8","0.0","0.0","3.4","","1.0","6.3","0.0","3.2","3.9","3.3","3.4","1.2","0.0","2.8","46.9"
"359","Chris Moore","WAS","WR","14","2025","4.4","","4.5","0.9","0.0","13.6","7.9","0.0","0.0","0.0","4.8","","0.0","","","0.0","2.5","0.0","2.8","38.6"
"360","Adam Trautman","DEN","TE","17","2025","1.5","10.0","0.0","5.2","2.1","0.0","0.0","0.0","4.5","1.2","1.8","","7.7","3.7","0.0","3.4","4.4","0.0","2.7","45.5"
"361","Tyrell Shavers","BUF","WR","17","2025","0.0","0.0","4.4","0.0","0.0","5.7","","0.0","1.7","3.4","19.0","0.0","0.0","2.6","0.0","3.1","5.6","0.0","2.7","45.5"
"362","Bo Melton","GB","WR","9","2025","","","","","","","","","","4.8","1.7","0.0","1.5","11.5","0.0","0.0","4.4","0.0","2.7","23.9"
"363","Jack Bech","LV","WR","16","2025","3.3","0.0","2.0","0.0","5.7","0.0","3.3","","","0.0","2.9","0.0","4.2","11.0","3.7","6.3","","0.0","2.7","42.4"
"364","Jaylin Lane","WAS","WR","15","2025","2.1","1.2","0.8","3.8","2.6","5.4","9.0","1.0","5.9","5.1","2.3","","0.0","0.0","0.0","0.0","","","2.6","39.2"
"365","Dante Pettis","NO","WR","8","2025","","","","","","","","","","","","2.4","0.0","0.0","0.0","0.0","7.3","11.0","2.6","20.7"
"366","Terrell Jennings","NE","RB","6","2025","","","","","","","1.8","1.5","11.4","0.5","","0.0","","","","","","","2.5","15.2"
"367","Adam Thielen","PIT, MIN","WR","16","2025","2.0","4.6","0.0","3.1","0.0","","2.0","0.0","0.0","3.6","1.6","0.0","","1.4","1.7","8.9","3.4","7.3","2.5","39.6"
"368","Raheem Mostert","LV","RB","12","2025","","","","8.3","2.2","-0.4","1.2","","2.4","2.5","3.3","5.0","0.6","1.2","1.2","1.9","","","2.5","29.4"
"369","Malachi Corley","CLV","WR","13","2025","","","","","1.1","0.0","3.7","3.1","","3.2","2.9","1.2","0.9","0.2","2.0","6.1","1.4","5.8","2.4","31.6"
"370","Noah Gray","KC","TE","16","2025","1.3","1.1","4.7","1.1","0.0","4.5","3.8","4.3","0.0","","2.9","5.5","","2.4","0.0","0.0","1.2","6.0","2.4","38.8"
"371","Braxton Berrios","HST","WR","4","2025","","","","","","","0.9","8.8","","0.0","","","","","","","","","2.4","9.7"
"372","Corey Kiner","ARZ","RB","4","2025","","","","","","","","","","","","","","","1.1","3.2","0.2","4.8","2.3","9.3"
"373","Ray-Ray McCloud","ATL, NYG","WR","6","2025","8.1","0.0","4.0","0.3","","","","","1.5","0.0","","","","","","","","","2.3","13.9"
"374","Will Dissly","LAC","TE","9","2025","2.8","1.7","","","","3.8","0.0","","","","","","","1.1","0.0","5.8","3.9","1.6","2.3","20.7"
"375","Jamari Thrash","CLV","WR","9","2025","1.6","1.5","2.7","0.0","3.2","3.3","3.3","5.1","","0.0","","","","","","","","","2.3","20.7"
"376","Allen Lazard","NYJ","WR","10","2025","","0.0","9.3","1.8","1.3","","3.6","1.5","","","","1.9","2.0","0.0","1.6","","","","2.3","23.0"
"377","Gunner Olszewski","NYG","WR","16","2025","","","0.0","","","0.0","0.0","","9.4","0.0","","5.3","0.0","","","0.0","2.9","18.2","2.2","35.8"
"378","Julian Hill","MIA","TE","14","2025","2.0","0.0","1.4","2.9","6.2","6.1","1.1","","","","2.4","","0.0","0.0","4.5","0.0","2.6","1.8","2.2","31.0"
"379","Tyler Badie","DEN","RB","16","2025","3.6","4.2","0.0","2.1","2.6","","3.9","0.6","2.6","0.0","1.0","","4.8","3.1","1.1","1.2","0.0","4.6","2.2","35.4"
"380","Cade Stover","HST","TE","9","2025","6.2","","","","","","","","","","0.0","0.0","3.9","0.0","5.2","2.7","0.0","1.9","2.2","19.9"
"381","Savion Williams","GB","WR","12","2025","1.1","2.4","-0.1","5.3","","0.3","0.0","7.9","2.2","2.2","4.3","0.0","","","","0.9","","","2.2","26.5"
"382","Jimmy Horn","CAR","WR","13","2025","","","","","5.1","6.7","2.5","0.9","1.8","0.0","0.0","2.1","0.0","","1.7","2.5","2.9","2.5","2.2","28.7"
"383","Casey Washington","ATL","WR","7","2025","6.3","","","2.9","","0.0","2.7","3.5","","0.0","0.0","","","","","","","","2.2","15.4"
"384","Jordan Whittington","LA","WR","17","2025","0.5","6.2","3.4","1.7","5.3","5.3","2.9","","0.0","0.0","1.9","4.7","0.0","1.5","0.0","2.9","0.0","","2.1","36.3"
"385","Charlie Kolar","BLT","TE","17","2025","0.0","0.0","4.2","0.0","2.0","0.0","","8.0","10.3","3.3","0.0","0.0","2.7","2.9","0.0","2.8","0.0","0.0","2.1","36.2"
"386","Clyde Edwards-Helaire","KC","RB","2","2025","","","","","","","","","0.5","","","3.7","","","","","","","2.1","4.2"
"387","Efton Chism","NE","WR","8","2025","","","","","","0.0","0.0","","0.0","0.0","0.0","","0.0","","","","12.0","4.5","2.1","16.5"
"388","Tanner Conner","MIA","TE","9","2025","4.0","0.0","2.3","0.0","3.6","1.8","3.8","2.6","0.0","","","","","","","","","","2.0","18.1"
"389","Jacardia Wright","SEA","RB","1","2025","","","2.0","","","","","","","","","","","","","","","","2.0","2.0"
"390","Justin Watson","HST","WR","3","2025","4.7","1.3","","","","","","","","","","","","","","","","0.0","2.0","6.0"
"391","Cody White","SEA","WR","9","2025","0.0","","","","","","","","13.0","0.0","0.0","0.0","3.1","1.9","0.0","0.0","","","2.0","18.0"
"392","Chris Brooks","GB","RB","17","2025","1.3","5.7","0.0","1.1","","0.1","0.0","0.0","4.4","0.0","0.8","3.6","2.9","1.6","2.6","0.4","2.1","6.1","1.9","32.7"
"393","Zamir White","LV","RB","5","2025","0.8","3.3","3.3","","","","","","","","","","","","","","0.2","2.0","1.9","9.6"
"394","Anthony Firkser","DET","TE","7","2025","","","","","","","","","","","","0.0","1.4","1.7","0.0","8.0","0.0","2.2","1.9","13.3"
"395","Brandon Allen","TEN","QB","1","2025","","","","","","","","","","","","","","","","","","1.9","1.9","1.9"
"396","Drew Sample","CIN","TE","17","2025","0.0","1.7","10.0","0.0","0.9","0.8","0.0","0.0","0.0","","0.0","1.0","2.7","0.0","3.2","5.1","1.8","4.7","1.9","31.9"
"397","Brycen Tremayne","CAR","WR","16","2025","0.0","7.8","3.5","6.6","1.9","0.0","0.0","0.0","1.8","","3.7","0.0","0.0","","0.0","0.0","0.0","4.7","1.9","30.0"
"398","Nate Adkins","DEN","TE","9","2025","","","0.0","2.5","0.0","10.3","4.0","0.0","","","","","","","0.0","0.0","","0.0","1.9","16.8"
"399","Mitchell Tinsley","CIN","WR","17","2025","0.0","8.3","0.0","1.9","0.0","0.0","0.0","0.0","3.7","","0.0","10.9","4.2","0.0","2.6","0.0","0.0","0.0","1.9","31.6"
"400","Josh Whyle","GB","TE","8","2025","","","","","","","","","","0.0","7.2","1.1","0.0","3.1","0.0","","1.8","1.4","1.8","14.6"
"401","John Bates","WAS","TE","15","2025","0.0","0.0","","","1.9","0.0","1.5","3.2","4.0","1.6","0.0","","2.9","0.0","2.9","0.0","0.0","9.3","1.8","27.3"
"402","Mo Alie-Cox","IND","TE","17","2025","3.0","1.8","0.0","0.0","0.0","2.6","1.6","0.0","0.0","0.0","","1.9","0.0","0.0","0.0","3.6","11.0","5.2","1.8","30.7"
"403","Cam Akers","MIN, SEA","RB","4","2025","","","1.9","","5.3","","","","","","","","","","","","","0.0","1.8","7.2"
"404","Luke Farrell","SF","TE","17","2025","1.4","9.5","0.0","3.0","1.8","0.0","2.1","0.0","1.9","9.5","0.0","1.3","0.0","","0.0","0.0","0.0","0.0","1.8","30.5"
"405","Kenny Pickett","LV","QB","6","2025","","","","","","","-0.7","","","0.0","","","","8.5","2.3","","0.6","0.0","1.8","10.7"
"406","Ben Sinnott","WAS","TE","16","2025","0.0","1.7","0.0","0.0","0.0","0.0","0.0","3.2","0.0","7.4","","","0.0","1.8","4.6","1.5","5.9","2.3","1.8","28.4"
"407","Tyler Conklin","LAC","TE","10","2025","7.2","0.0","0.0","1.3","5.0","0.0","","0.0","","2.2","","","0.0","","","","","1.6","1.7","17.3"
"408","Connor Heyward","PIT","TE","16","2025","0.0","1.6","0.0","0.2","","8.2","0.0","","0.4","0.0","0.3","0.0","","0.2","6.4","0.0","2.6","7.5","1.7","27.4"
"409","Cooper Rush","BLT","QB","4","2025","","-0.4","","2.1","4.2","0.9","","","","","","","","","","","","","1.7","6.7"
"410","John FitzPatrick","GB","TE","15","2025","1.2","0.0","9.2","0.0","","0.0","1.6","1.4","0.0","0.0","1.5","2.1","0.0","3.4","4.8","0.0","","","1.7","25.2"
"411","Ashton Dulin","IND","WR","12","2025","1.5","0.0","0.0","2.8","7.5","0.0","","0.2","0.0","2.2","","5.8","","","","","0.0","0.0","1.7","20.0"
"412","Ian Thomas","LV","TE","15","2025","0.0","0.0","0.0","0.0","5.0","1.4","0.0","","1.9","0.0","3.0","7.6","1.8","3.7","","","0.0","0.0","1.6","24.4"
"413","Rasheen Ali","BLT","RB","15","2025","0.5","","","0.0","","0.0","","","","","2.5","","1.7","3.3","11.2","2.2","2.8","0.0","1.6","24.2"
"414","KeAndre Lambert-Smith","LAC","WR","10","2025","0.0","0.0","","0.0","0.0","1.1","","","0.0","","","","","","8.6","2.0","0.0","4.4","1.6","16.1"
"415","Luke Schoonmaker","DAL","TE","17","2025","0.0","0.0","1.5","2.8","1.3","1.8","0.0","4.5","2.4","","0.0","0.0","1.1","2.2","3.9","0.0","3.5","2.2","1.6","27.2"
"416","George Holani","SEA","RB","10","2025","","","5.2","","","","","","0.9","9.1","0.6","","","","","","","","1.6","15.8"
"417","Mason Tipton","NO","WR","13","2025","","","0.0","0.0","0.0","0.0","0.0","0.0","0.0","0.0","","6.3","4.9","0.0","1.1","8.1","","","1.6","20.4"
"418","Dont'e Thornton","LV","WR","15","2025","6.5","3.0","4.9","0.0","0.0","0.0","0.0","","","1.4","0.0","2.4","2.1","","0.0","0.0","3.2","0.0","1.6","23.5"
"419","Sal Cannella","CLV","TE","2","2025","","","","","","","","","","","","","","","","","3.1","0.0","1.6","3.1"
"420","Stone Smartt","NYJ","TE","8","2025","","","","","","","","","","0.0","","","0.0","0.0","0.0","8.4","3.8","0.0","1.5","12.2"
"421","Xavier Weaver","ARZ","WR","9","2025","","","","0.0","","","0.0","","0.0","","3.5","1.9","0.0","","","3.9","4.4","0.0","1.5","13.7"
"422","Grant Calcaterra","PHI","TE","15","2025","0.0","1.6","0.0","2.6","3.8","","","0.0","","0.0","0.0","1.8","0.0","0.0","1.4","0.0","1.3","10.1","1.5","22.6"
"423","Keleki Latu","BUF","TE","5","2025","","","","","","","","","","","1.4","0.0","0.0","","","","0.0","6.1","1.5","7.5"
"424","Clayton Tune","GB","QB","2","2025","","","","","","","","","","","","","","","","","-0.7","3.7","1.5","3.0"
"425","Konata Mumpfield","LA","WR","17","2025","0.0","0.0","0.0","0.0","0.0","1.7","7.5","","0.0","0.0","0.0","4.5","0.0","1.5","0.0","7.0","3.0","0.0","1.5","25.2"
"426","Dare Ogunbowale","HST","RB","17","2025","3.6","0.0","","0.0","0.0","","0.0","2.7","1.2","0.0","1.9","0.0","0.0","6.5","6.4","0.9","0.0","1.9","1.5","25.1"
"427","LeQuint Allen","JAX","RB","17","2025","2.1","1.3","1.9","1.7","0.0","2.2","1.4","","2.1","1.6","3.6","0.2","0.0","2.8","2.6","1.0","0.3","0.0","1.5","24.8"
"428","AJ Dillon","PHI","RB","7","2025","1.0","1.9","0.0","1.7","1.2","3.0","","","","","","","","","","","","1.3","1.4","10.1"
"429","Tay Martin","WAS","WR","3","2025","","","","2.4","1.9","0.0","","","","","","","","","","","","","1.4","4.3"
"430","Brevyn Spann-Ford","DAL","TE","17","2025","0.0","1.3","0.0","0.0","0.0","1.2","0.0","1.9","0.0","","1.4","7.4","0.0","1.7","0.0","0.0","4.1","5.0","1.4","24.0"
"431","Darius Cooper","PHI","WR","13","2025","0.0","0.0","0.0","","","","","0.0","","0.0","0.0","2.7","0.0","2.9","4.9","0.0","1.4","6.3","1.4","18.2"
"432","James Proche","TEN","WR","9","2025","","","","","","","","0.0","0.0","","","7.2","2.3","0.0","0.0","0.0","1.5","1.5","1.4","12.5"
"433","Jalen Brooks","ARZ, DAL","WR","6","2025","","","","","0.0","","","","","","","","","5.2","2.9","0.0","0.0","0.0","1.4","8.1"
"434","Quintin Morris","JAX","TE","13","2025","","0.0","","0.0","0.0","0.0","","","","0.0","2.1","0.0","2.4","0.0","4.0","1.5","0.0","7.5","1.3","17.5"
"435","Malik Heath","GB","WR","11","2025","0.0","4.7","0.0","1.9","","0.0","0.0","5.9","2.1","0.0","","0.0","0.0","","","","","","1.3","14.6"
"436","Nick Westbrook-Ikhine","MIA","WR","15","2025","1.7","3.8","0.0","1.1","0.0","0.0","4.6","2.8","4.2","1.7","0.0","","0.0","0.0","0.0","","","0.0","1.3","19.9"
"437","Khalil Herbert","NYJ","RB","5","2025","","","","","","","","","","","","","","","0.5","","0.5","5.6","1.3","6.6"
"438","Max Brosmer","MIN","QB","7","2025","","","1.2","","-0.1","","","0.5","","","","","0.9","","","1.8","3.6","1.3","1.3","9.2"
"439","Will Shipley","PHI","RB","15","2025","2.6","","","0.0","1.4","0.0","1.7","0.2","","5.4","0.0","0.0","2.1","1.3","0.0","1.3","0.2","3.3","1.3","19.5"
"440","Will Mallory","IND","TE","2","2025","","","","","0.0","","","","","","","","","","","","2.6","","1.3","2.6"
"441","Samori Toure","NO","WR","1","2025","","","","","","","","","","","","","","","","","","1.3","1.3","1.3"
"442","Austin Trammell","JAX","WR","6","2025","","","","","","","","","0.0","5.3","2.3","0.0","0.0","0.0","","","","","1.3","7.6"
"443","Tom Kennedy","DET","WR","6","2025","","","","","","","","","","","","","7.6","0.0","","0.0","","0.0","1.3","7.6"
"444","Johnny Mundt","JAX","TE","16","2025","0.0","0.0","1.7","0.0","1.7","2.4","1.9","","0.0","3.1","4.5","2.2","0.0","","0.0","0.0","0.0","2.6","1.3","20.1"
"445","Nate Carter","ATL","RB","4","2025","","0.0","3.6","","","","","1.4","","","","","","","","","","0.0","1.3","5.0"
"446","Dylan Drummond","ATL","WR","9","2025","","","","","","","","0.0","0.0","","","4.8","1.3","5.1","0.0","0.0","","0.0","1.2","11.2"
"447","Tip Reiman","ARZ","TE","4","2025","2.0","","2.8","0.0","0.0","","","","","","","","","","","","","","1.2","4.8"
"448","Foster Moreau","NO","TE","11","2025","","","","","0.0","1.9","0.0","0.0","0.0","3.6","","0.0","3.3","2.6","0.0","1.5","","","1.2","12.9"
"449","Scott Miller","PIT","WR","13","2025","0.0","0.0","0.0","0.0","","0.0","1.9","","","","0.0","0.0","","0.0","0.0","4.9","5.5","2.9","1.2","15.2"
"450","Lucas Krull","DEN","TE","3","2025","1.6","0.0","1.9","","","","","","","","","","","","","","","","1.2","3.5"
"451","James Mitchell","CAR","TE","5","2025","","","","3.7","2.1","0.0","","","","","","","0.0","","","","","0.0","1.2","5.8"
"452","Jordan Watkins","SF","WR","4","2025","","","","","","","","1.7","2.9","0.0","","","","","","0.0","","","1.2","4.6"
"453","Gage Larvadain","CLV","WR","13","2025","","","","","0.0","4.2","0.0","0.3","","0.0","0.0","0.0","4.3","3.8","1.8","0.0","0.0","0.0","1.1","14.4"
"454","Jack Stoll","NO","TE","15","2025","0.0","0.0","10.1","1.7","0.0","0.0","0.0","0.0","0.0","","","1.7","0.0","0.0","1.7","1.4","0.0","","1.1","16.6"
"455","Anthony Richardson","IND","QB","2","2025","","","-0.1","","2.3","","","","","","","","","","","","","","1.1","2.2"
"456","DJ Giddens","IND","RB","9","2025","4.1","0.0","0.3","0.0","2.2","0.0","0.0","","","","","","","","","","0.0","3.0","1.1","9.6"
"457","Evan Hull","NO","RB","6","2025","","","","","","","","","","","","","1.5","2.0","1.2","0.3","0.3","1.1","1.1","6.4"
"458","Jalin Hyatt","NYG","WR","8","2025","","","0.0","0.0","0.0","4.7","0.0","","","","3.8","","","","0.0","","","","1.1","8.5"
"459","Ben Skowronek","PIT","WR","16","2025","9.2","0.0","0.0","0.0","","0.0","0.0","2.3","0.0","0.0","0.0","3.1","0.0","2.3","0.0","0.0","","0.0","1.1","16.9"
"460","Kameron Johnson","TB","WR","17","2025","0.0","0.0","0.0","0.0","0.2","16.4","0.0","0.0","","1.1","0.0","0.0","0.0","0.0","","0.0","","","1.0","17.7"
"461","Tylan Wallace","BLT","WR","14","2025","0.0","10.5","0.0","2.4","0.0","0.0","","1.6","0.0","0.0","0.0","0.0","","0.0","0.0","","","0.0","1.0","14.5"
"462","Shane Zylstra","DET","TE","5","2025","0.0","","","","","","","","","","","","","","0.0","5.0","0.0","0.0","1.0","5.0"
"463","Brenden Bates","CLV, HST","TE","9","2025","","","","0.0","4.3","","0.0","","","","0.0","0.0","","","0.0","0.0","2.9","1.6","1.0","8.8"
"464","Tahj Washington","MIA","WR","6","2025","","","","","0.0","","","","1.1","0.0","0.0","","","","","","0.0","4.6","1.0","5.7"
"465","Cedrick Wilson","MIA","WR","10","2025","","","","","","","","1.2","1.7","0.0","0.0","","2.6","0.0","0.0","2.1","1.8","0.0","0.9","9.4"
"466","Josiah Deguara","ARZ","TE","12","2025","","","","","","","0.0","","0.0","0.0","0.0","1.6","0.0","0.0","0.0","0.0","0.0","9.5","0.9","11.1"
"467","Hassan Haskins","LAC","RB","11","2025","0.0","0.0","0.0","0.0","2.5","3.3","2.5","","","","","","","","","1.4","0.0","0.3","0.9","10.0"
"468","Deven Thompkins","ATL","WR","7","2025","","","","","","","","","","","","","4.8","1.4","","0.0","","0.0","0.9","6.2"
"469","Kaleb Johnson","PIT","RB","10","2025","-0.2","0.1","","2.2","","1.5","","","2.3","0.3","1.5","","0.3","0.4","0.4","","","","0.9","8.8"
"470","Ryan Miller","TB","WR","13","2025","0.0","9.0","0.0","0.0","0.0","0.0","2.4","0.0","","0.0","0.0","0.0","0.0","","","","","","0.9","11.4"
"471","Skyy Moore","SF","WR","17","2025","0.0","0.0","2.0","0.0","0.1","0.0","2.5","0.0","3.1","2.8","","0.0","","","","3.3","1.0","0.0","0.9","14.8"
"472","David Martin-Robinson","TEN","TE","15","2025","0.0","","0.0","","0.0","7.1","0.0","0.0","0.0","","0.0","0.0","0.0","1.6","0.0","0.0","1.9","2.4","0.9","13.0"
"473","Tyson Bagent","CHI","QB","3","2025","","1.8","","","","","","","0.8","","0.0","","","","","","","","0.9","2.6"
"474","Andrew Ogletree","IND","TE","15","2025","0.0","0.0","0.0","0.0","0.0","0.0","0.0","0.0","0.0","0.0","","8.8","1.8","0.0","0.0","2.1","","","0.8","12.7"
"475","Arian Smith","NYJ","WR","16","2025","0.0","0.8","2.2","0.0","2.4","0.0","1.0","3.3","","1.3","0.0","0.8","","0.0","0.0","0.0","1.5","0.2","0.8","13.5"
"476","Eric Saubert","SEA","TE","11","2025","0.0","0.0","2.2","0.0","0.0","0.0","0.0","","","","","","","","1.9","2.0","0.0","3.0","0.8","9.1"
"477","Trevor Etienne","CAR","RB","17","2025","0.4","1.2","0.0","3.3","3.9","1.7","0.0","1.6","0.0","","0.2","","1.4","","","0.0","0.0","0.0","0.8","13.7"
"478","Amar Johnson","LAC","RB","1","2025","","","","","","","","","","","0.8","","","","","","","","0.8","0.8"
"479","Dee Eskridge","MIA","WR","13","2025","1.9","1.8","0.0","0.0","0.0","0.0","6.5","0.0","0.0","","","","0.0","0.0","0.0","0.0","","","0.8","10.2"
"480","Dareke Young","SEA","WR","9","2025","","0.0","2.2","0.0","4.6","0.0","0.0","","","","","","","","","","0.0","0.0","0.8","6.8"
"481","Charlie Woerner","ATL","TE","17","2025","0.0","0.0","0.5","0.0","","0.0","0.0","0.0","0.0","2.4","0.0","5.4","0.0","0.0","3.2","1.3","0.0","0.0","0.8","12.8"
"482","Teddy Bridgewater","TB","QB","4","2025","","","","","","","-0.1","0.0","","","-0.1","3.1","","","","","","","0.7","2.9"
"483","Dameon Pierce","HST, KC","RB","5","2025","0.5","","","","2.1","","","","","","","","","","","","","1.0","0.7","3.6"
"484","Devin Culp","TB","TE","11","2025","","","","","0.0","0.0","0.0","0.0","","0.0","0.0","0.0","0.0","0.0","7.6","","","","0.7","7.6"
"485","Mason Kinsey","TEN","WR","10","2025","","","","","","","0.0","0.0","0.0","","2.4","0.0","","0.0","0.0","0.0","4.4","0.0","0.7","6.8"
"486","David Moore","CAR","WR","4","2025","0.0","0.0","1.5","1.2","","","","","","","","","","","","","","","0.7","2.7"
"487","Ben Sims","MIN, GB","TE","9","2025","","","","","","0.0","","","","0.0","","0.0","0.0","1.9","0.0","0.0","1.3","2.8","0.7","6.0"
"488","Britain Covey","PHI","WR","6","2025","","","","","","","","","","","","","","","0.0","0.0","","4.0","0.7","4.0"
"489","Ronnie Rivers","LA","RB","7","2025","","","","","","","0.0","","","","","","0.0","4.1","0.0","","0.5","0.0","0.7","4.6"
"490","Drake Dabney","GB","TE","2","2025","","","","","","","","","","","","","","","","","0.0","1.3","0.7","1.3"
"491","Kylen Granson","PHI","TE","17","2025","1.1","1.5","0.0","0.0","0.0","0.0","0.0","0.0","","0.0","1.4","0.0","0.0","0.0","0.0","0.0","0.0","7.0","0.6","11.0"
"492","Tim Jones","MIN, JAX","WR","4","2025","0.0","0.0","","","","","","","2.5","0.0","","","","","","","","","0.6","2.5"
"493","Myles Gaskin","SEA","RB","1","2025","","","","","","","","","","","","","0.6","","","","","","0.6","0.6"
"494","Bryce Oliver","TEN","WR","3","2025","1.8","0.0","","","","","","","","","","","","","","","","0.0","0.6","1.8"
"495","Jonathan Mingo","DAL","WR","6","2025","","","","","","","","","","","","0.0","","0.0","3.5","0.0","0.0","0.0","0.6","3.5"
"496","Andre Baccellia","ARZ","WR","5","2025","","","","","","","","","","","1.5","0.0","","1.3","0.0","","","","0.6","2.8"
"497","KhaDarel Hodge","ATL","WR","11","2025","0.0","0.0","0.0","","","0.0","0.0","6.1","0.0","0.0","0.0","0.0","","","","","","","0.6","6.1"
"498","Josh Williams","TB","RB","2","2025","","","","","0.0","","","1.1","","","","","","","","","","","0.6","1.1"
"499","Cam Grandy","CIN","TE","5","2025","","","1.6","0.0","","","0.0","","","","","","","","0.0","1.1","","","0.5","2.7"
"500","Velus Jones","NO, SEA","RB","6","2025","","","","0.0","0.0","","","","","","","","","3.2","0.0","","","","0.5","3.2"
"501","Tahj Brooks","CIN","RB","12","2025","","0.0","1.7","","","","","0.0","0.1","","0.5","0.5","","","0.0","0.7","2.9","","0.5","6.4"
"502","Joshua Dobbs","NE","QB","4","2025","","","","-0.2","","","0.3","","","","","","","","","","1.1","0.9","0.5","2.1"
"503","Moliki Matavao","NO","TE","6","2025","0.0","0.0","","0.0","","","","","","","","","","","","0.0","3.0","0.0","0.5","3.0"
"504","Beaux Collins","NYG","WR","9","2025","0.0","","0.0","0.0","1.7","0.0","0.0","2.8","0.0","","","","","","","","","","0.5","4.5"
"505","Kene Nwangwu","NYJ","RB","10","2025","","","","","","","0.0","","","","","","","","","","3.1","1.8","0.5","4.9"
"506","Tyler Goodson","IND","RB","11","2025","","","0.6","1.0","","","","0.2","1.8","0.4","","0.0","","0.0","0.0","0.9","","0.3","0.5","5.2"
"507","Zaire Mitchell-Paden","BLT, NO","TE","8","2025","0.0","0.0","0.0","0.0","1.3","0.0","","","","2.4","","0.0","","","","","","","0.5","3.7"
"508","Xavier Gipson","PHI, NYJ","WR","6","2025","","","","","","","","1.3","","0.0","","1.3","","","","","","","0.4","2.6"
"509","Trent Sherfield","ARZ, DEN","WR","12","2025","1.3","1.3","0.0","0.0","2.5","0.0","0.0","0.0","0.0","0.0","","","","0.0","0.0","","","","0.4","5.1"
"510","DeeJay Dallas","CAR, JAX","RB","5","2025","","","","","0.0","0.0","","","","","","","","","","","2.1","","0.4","2.1"
"511","D'Ernest Johnson","ARZ, NE","RB","6","2025","","","","","","","0.0","","","0.1","0.6","","","","","0.0","0.5","1.3","0.4","2.5"
"512","Tai Felton","MIN","WR","14","2025","0.0","","1.9","0.0","","","","0.0","","","0.0","","0.0","2.0","0.0","1.6","","0.0","0.4","5.5"
"513","Tucker Fisk","LAC","TE","10","2025","","","0.0","0.0","0.0","0.0","0.0","0.0","2.2","1.7","0.0","","0.0","","","","","","0.4","3.9"
"514","Durham Smythe","CHI","TE","17","2025","0.0","0.0","0.0","0.0","","0.0","0.0","0.0","0.0","0.0","1.8","1.4","0.0","1.2","0.0","0.0","2.1","0.0","0.4","6.5"
"515","Jake Bobo","SEA","WR","11","2025","","0.0","0.0","2.7","0.0","0.0","1.3","","","","","0.0","","0.0","0.0","","0.0","0.0","0.4","4.0"
"516","Jelani Woods","NYJ","TE","4","2025","","","","","","","","0.0","","","","","","","0.0","0.0","1.4","","0.4","1.4"
"517","Jared Wiley","KC","TE","4","2025","","","","","","","","","","","","","1.4","","","0.0","0.0","0.0","0.4","1.4"
"518","Zach Wilson","MIA","QB","4","2025","1.6","","","","","","","0.0","","","","","","-0.2","","","","0.0","0.3","1.4"
"519","Jalen Royals","KC","WR","7","2025","","","","0.0","0.0","0.0","0.0","","","","","","","","","0.0","0.0","2.4","0.3","2.4"
"520","Dylan Laube","LV","RB","17","2025","","3.7","0.2","","","","1.4","","","","0.0","","","","0.4","","","","0.3","5.7"
"521","Derius Davis","LAC","WR","11","2025","0.3","0.0","0.2","","","","0.0","0.0","0.0","1.3","0.0","","0.0","","","","","1.7","0.3","3.5"
"522","Nikko Remigio","KC","WR","14","2025","0.0","3.1","1.1","0.0","","0.0","0.0","0.0","","","","","","","0.0","0.0","","","0.3","4.2"
"523","Pharaoh Brown","ARZ","TE","7","2025","","","","","","","","","","","0.0","0.0","0.0","0.0","2.1","0.0","","0.0","0.3","2.1"
"524","Roschon Johnson","CHI","RB","6","2025","","","0.0","","","0.6","1.1","","","","","","","","","","","","0.3","1.7"
"525","Ben Yurosek","MIN","TE","12","2025","0.0","0.0","0.0","","","","0.0","1.5","0.0","0.0","0.0","","","","0.0","0.0","0.0","1.9","0.3","3.4"
"526","Colson Yankoff","WAS","TE","14","2025","0.0","0.0","0.0","0.0","0.0","0.0","0.0","","","0.0","1.4","","2.4","0.0","0.0","","0.0","0.0","0.3","3.8"
"527","Devin Duvernay","CHI","WR","17","2025","","0.0","","","","","","1.2","0.0","","","","","3.4","0.0","0.0","0.0","","0.3","4.6"
"528","Ross Dwelley","DET","TE","10","2025","","","0.0","0.0","0.0","0.0","0.0","","","0.0","0.0","0.0","1.3","1.4","","","","","0.3","2.7"
"529","Alex Bachman","LV","WR","13","2025","0.0","0.0","0.0","","1.9","0.0","0.0","","","0.0","","0.0","","","","1.3","0.0","0.0","0.2","3.2"
"530","Anthony Gould","IND","WR","11","2025","","","0.0","","0.0","0.0","1.3","0.0","","","","","","1.3","","","","","0.2","2.6"
"531","Julius Chestnut","TEN","RB","17","2025","0.2","0.0","2.6","0.0","0.3","0.0","","0.5","0.0","","","0.3","0.0","0.0","0.0","0.1","","","0.2","4.0"
"532","Ke'Shawn Williams","CIN, PIT","WR","11","2025","","","","","","0.0","","0.0","0.0","","","","0.0","","","0.1","1.5","0.9","0.2","2.5"
"533","Harrison Bryant","HST","TE","12","2025","","0.0","0.0","0.0","1.5","","0.0","0.0","1.2","0.0","","","","","0.0","0.0","0.0","0.0","0.2","2.7"
"534","Owen Wright","TB","RB","3","2025","","","","","","0.0","","","","","0.0","0.6","","","","","","","0.2","0.6"
"535","Kendall Milton","CIN","RB","1","2025","","","","","","","","","","","0.2","","","","","","","","0.2","0.2"
"536","Gardner Minshew","KC","QB","4","2025","","","","-0.3","","","-0.3","","","","","","","","-0.1","1.4","","","0.2","0.7"
"537","Blake Whiteheart","CLV","TE","16","2025","0.0","0.0","0.0","0.0","0.0","1.0","1.4","0.0","","0.0","","0.0","0.0","0.0","0.0","0.0","0.0","0.0","0.2","2.4"
"538","Kalel Mullings","TEN","RB","5","2025","","","","","","","","","","","","","0.0","","0.3","0.0","0.4","","0.1","0.7"
"539","Carter Runyon","LV","TE","10","2025","","","","","0.0","0.0","1.3","","","","0.0","0.0","0.0","0.0","","0.0","0.0","0.0","0.1","1.3"
"540","Payne Durham","TB","TE","17","2025","0.0","0.0","0.0","0.0","0.0","0.0","0.0","0.0","","0.0","0.0","0.0","2.1","0.0","0.0","0.0","0.0","0.0","0.1","2.1"
"541","Chris Manhertz","NYG","TE","17","2025","0.0","0.0","1.7","0.0","0.0","0.0","0.0","0.0","0.0","0.0","0.0","0.0","0.0","","0.0","0.0","0.0","0.0","0.1","1.7"
"542","Malik Cunningham","DET","WR","1","2025","","","","","","","","","","","","","","0.1","","","","","0.1","0.1"
"543","Jacob Saylors","DET","RB","11","2025","","","0.0","1.1","","","","","","","0.0","","","0.0","","","","","0.1","1.1"
"544","Robert Tonyan","KC","TE","16","2025","0.0","0.0","0.0","0.0","0.0","0.0","0.0","0.0","0.0","","1.1","0.0","0.0","0.0","0.0","0.0","","0.0","0.1","1.1"
"545","Craig Reynolds","DET","RB","6","2025","0.0","0.4","","","0.0","","","","","0.0","","","","","","","","","0.1","0.4"
"546","Sione Vaki","DET","RB","8","2025","","","0.0","","","","","","0.0","0.4","","","","","","","","","0.1","0.4"
"547","Feleipe Franks","ATL","TE","12","2025","0.0","","","0.0","","0.2","","","0.0","0.0","0.0","0.2","0.0","","","0.0","","0.0","0.0","0.4"
"548","Drew Lock","SEA","QB","5","2025","","","0.5","","","","","","0.0","-0.4","","","0.0","0.0","","","","","0.0","0.1"
"549","Nick Mullens","JAX","QB","5","2025","","","","","","","","","","","0.0","","-0.3","0.0","-0.2","","","0.4","0.0","0.0"
"550","Travis Homer","CHI","RB","8","2025","","","","","","","","","0.0","","-0.2","","0.0","","","","0.0","0.0","0.0","-0.2"
"551","Kedon Slovis","ARZ","QB","2","2025","","","","","","","","","","0.0","","-0.1","","","","","","","0.0","-0.1"
"552","Nyheim Hines","LAC, NO","RB","4","2025","","","","","","0.0","0.0","-0.2","","","","","","","","","","0.0","-0.1","-0.2"
"553","Jarrett Stidham","DEN","QB","1","2025","","","","","","","","-0.1","","","","","","","","","","","-0.1","-0.1"
"554","Adrian Martinez","SF","QB","1","2025","","","","","","","","","-0.1","","","","","","","","","","-0.1","-0.1"
"555","Kyle Allen","DET","QB","3","2025","","0.0","","-0.2","","","","","","-0.1","","","","","","","","","-0.1","-0.3"
"556","Jalen Milroe","SEA","QB","3","2025","0.1","","0.3","","-1.0","","","","","","","","","","","","","","-0.2","-0.6"
"557","Jimmy Garoppolo","LA","QB","3","2025","","","","","","","-0.3","","","","","","","-0.4","","","","-0.3","-0.3","-1.0"
"558","Lawrence Cager","WAS","TE","1","2025","","","","","","","","","","","","","","","","0.0","","","","0.0"
"559","Jalen Cropper","DAL","WR","3","2025","","","","0.0","0.0","0.0","","","","","","","","","","","","","","0.0"
"560","LaJohntay Wester","BLT","WR","16","2025","","0.0","","0.0","0.0","0.0","","","0.0","0.0","0.0","0.0","0.0","0.0","0.0","0.0","0.0","0.0","","0.0"
"561","Russell Gage","SF","WR","1","2025","0.0","","","","","","","","","","","","","","","","","","","0.0"
"562","Jamal Agnew","ATL","WR","11","2025","","","","","","","","0.0","","","","","","","","","","","","0.0"
"563","Tejhaun Palmer","ARZ","WR","1","2025","","","","","","","","","","","","","","","","","","0.0","","0.0"
"564","Jason Brownlee","KC","WR","6","2025","0.0","0.0","0.0","","","","","","","","","","","","","","","0.0","","0.0"
"565","Lew Nichols","PIT","RB","1","2025","","","","","","","","","","","","","","","","","","","","0.0"
"566","Ricky White","SEA","WR","2","2025","","","","","","","","","0.0","0.0","","","","","","","","","","0.0"
"567","Treyton Welch","NO","TE","3","2025","","","0.0","","","","","","","","","","","","","","0.0","0.0","","0.0"
"568","Princeton Fant","DAL","TE","1","2025","","","","","","","","","","","","","","","","","","","","0.0"
"569","Eric Gray","NYG","RB","2","2025","","","","","","","","","","","","","","","","","0.0","","","0.0"
"570","Jordan Mims","TEN","RB","1","2025","","","","","","","","","","","","","","","","","","","","0.0"
"571","Jeshaun Jones","MIN","WR","1","2025","","","","","","","","","","","","","","","","","","","","0.0"
"572","Gary Brightwell","CIN","RB","2","2025","","","","","","","","","","","","","","","","","","","","0.0"
"573","Ulysses Bentley","IND","RB","1","2025","0.0","","","","","","","","","","","","","","","","","","","0.0"
"574","Dalevon Campbell","CAR","WR","2","2025","","","0.0","0.0","","","","","","","","","","","","","","","","0.0"
"575","E.J. Jenkins","PHI","TE","2","2025","","","","","","","0.0","","","","","","","","","0.0","","","","0.0"
"576","Avery Williams","NYJ","RB","1","2025","","","","","","","","","","","","","","","","","","","","0.0"
"577","Cameron Latu","PHI","TE","15","2025","","0.0","0.0","0.0","0.0","0.0","0.0","0.0","","0.0","0.0","0.0","0.0","0.0","0.0","","0.0","0.0","","0.0"
"578","DJ Turner","LV","WR","1","2025","","","","","","","","","","","","","","","","","","","","0.0"
"579","Hayden Rucci","MIA","TE","4","2025","","","","","","","","0.0","0.0","0.0","0.0","","","","","","","","","0.0"
"580","Brett Rypien","CIN","QB","1","2025","","","0.0","","","","","","","","","","","","","","","","","0.0"
"581","Zach Davidson","NYG","TE","1","2025","","","","","","","","","","","","","","","","","0.0","","","0.0"
"582","River Cracraft","WAS","WR","2","2025","","","","","","","","","","","","","","","","","","0.0","","0.0"
"583","Kaden Davis","CLV","WR","2","2025","","","0.0","","","","","","","","0.0","","","","","","","","","0.0"
"584","CJ Dippre","NE","TE","2","2025","","","","","","","","","","","","","","","","","0.0","0.0","","0.0"
"585","Giovanni Ricci","DET","TE","3","2025","","","","","","","","","","","","","","","0.0","0.0","0.0","","","0.0"
"586","Dominic Lovett","DET","WR","8","2025","","0.0","0.0","0.0","0.0","","","","","0.0","0.0","","","0.0","","","","","","0.0"
"587","Charlie Jones","CIN","WR","14","2025","","0.0","0.0","","","","","","","","","0.0","0.0","0.0","","","","","","0.0"
"588","Teagan Quitoriano","ATL","TE","15","2025","0.0","0.0","0.0","0.0","","0.0","","0.0","","0.0","0.0","0.0","0.0","0.0","0.0","0.0","0.0","0.0","","0.0"
"589","Dan Chisena","CAR","WR","1","2025","","","","","","","","","","0.0","","","","","","","","","","0.0"
"590","Brayden Willis","SF","TE","6","2025","","0.0","0.0","0.0","0.0","0.0","","","","","","","","","","","0.0","","","0.0"
"591","Nikola Kalinic","CHI","TE","2","2025","","","","","","","","","","","","","","","","","","","","0.0"
"592","Ko Kieft","TB","TE","3","2025","0.0","0.0","0.0","","","","","","","","","","","","","","","","","0.0"
"593","Stephen Carlson","CHI","TE","2","2025","","","","0.0","","","","0.0","","","","","","","","","","","","0.0"
"594","Jackson Meeks","DET","WR","2","2025","","","","0.0","","","","","","","0.0","","","","","","","","","0.0"
"595","Ja'Corey Brooks","WAS","WR","1","2025","","","","","","0.0","","","","","","","","","","","","","","0.0"
"596","Isaac Guerendo","SF","RB","7","2025","","","","","0.0","","","","","","","","0.0","","","","","","","0.0"
"597","Chris Blair","ATL","WR","3","2025","","","","","","","","","","","","","","","0.0","0.0","","","","0.0"
"598","DeAndre Carter","CLV","WR","4","2025","","","","","","","","","","","","","","","","","","","","0.0"
"599","Maurice Alexander","CHI","WR","1","2025","","","","","","","","","","","","","","","","0.0","","","","0.0"
"600","Malik Turner","SF","WR","3","2025","","","0.0","","0.0","","0.0","","","","","","","","","","","","","0.0"
"601","Simi Fehoko","ARZ","WR","7","2025","","","0.0","","0.0","0.0","0.0","","0.0","0.0","","","","","","","","","","0.0"
"602","Mecole Hardman","BUF","WR","2","2025","","","","","","","","","","","0.0","","","","","","","","","0.0"
"603","Elijah Mitchell","KC","RB","1","2025","","","","","","","","","","","0.0","","","","","","","","","0.0"
"604","Jeff Wilson","MIA","RB","2","2025","0.0","","","","","","","","","","","","","","","","","0.0","","0.0"
"605","Thomas Fidone","NYG","TE","2","2025","","","","","","","0.0","","0.0","","","","","","","","","","","0.0"
"606","Steven Sims","ARZ","WR","3","2025","","","","","","","","","","","","","","","","0.0","0.0","0.0","","0.0"
"607","Dalen Cambre","NYG","WR","6","2025","","","","","","","","","","","","0.0","0.0","","0.0","","0.0","0.0","","0.0"
"608","Marcedes Lewis","DEN","TE","5","2025","","","","","","","","","0.0","0.0","0.0","","","0.0","","","0.0","","","0.0"
"609","Jimmy Holiday","KC","WR","1","2025","","","","","","","","","","","","","","","","","","0.0","","0.0"
"610","Laquon Treadwell","IND","WR","9","2025","","","","","","","","","","","","0.0","0.0","0.0","0.0","0.0","0.0","0.0","","0.0"
"611","Nick Kallerup","SEA","TE","9","2025","","","","","","","","","0.0","0.0","0.0","0.0","0.0","0.0","0.0","0.0","0.0","","","0.0"
"612","Zach Horton","DET","TE","2","2025","","","","","","","","","","","","","0.0","","","","","0.0","","0.0"
"613","Trey Sermon","PIT","RB","3","2025","","","","","","","","","0.0","","","","","","","","","","","0.0"
"614","Myles Price","MIN","WR","16","2025","","","0.0","","","","","","","","","","0.0","0.0","0.0","0.0","","","","0.0"
"615","Jordan James","SF","RB","1","2025","","","","","","","","","","","","","","","","0.0","","","","0.0"
"616","Parris Campbell","DAL","WR","1","2025","","","","","","0.0","","","","","","","","","","","","","","0.0"
"617","Sean McKeon","IND","TE","1","2025","","","","","","","","","","","","","","","","","","0.0","","0.0"
"618","Chase Edmonds","WAS","RB","3","2025","","","","","","","","","","","","","","","","","0.0","","","0.0"
"619","Brandon Smith","NYJ","WR","1","2025","","","","","","","","0.0","","","","","","","","","","","","0.0"
"620","Coleman Owen","IND","WR","2","2025","","","","","","","","","","","","","","","","0.0","","","","0.0"
"621","Nick Vannett","MIN, LA","TE","5","2025","","","","0.0","0.0","","","","0.0","","","","","0.0","","","","0.0","","0.0"
"622","Justin Shorter","LV","WR","5","2025","","","0.0","","","0.0","0.0","","","","","","","","","","","","","0.0"
"623","Travis Vokolek","ARZ","TE","3","2025","0.0","0.0","","","0.0","","","","","","","","","","","","","","","0.0"

"Rank","Rank, Most to Least"
"Name","Full name of the player or team"
"Team","Team(s) played for"
"POS","Player Position"
"G","Games Played"
"W1","Week 1"
"W2","Week 2"
"W3","Week 3"
"W4","Week 4"
"W5","Week 5"
"W6","Week 6"
"W7","Week 7"
"W8","Week 8"
"W9","Week 9"
"W10","Week 10"
"W11","Week 11"
"W12","Week 12"
"W13","Week 13"
"W14","Week 14"
"W15","Week 15"
"W16","Week 16"
"W17","Week 17"
"W18","Week 18"
"FP/G","Fantasy Points per Game"
"FP","Fantasy Points"