"Player Details","","","","","","Route Share","","","","","","","","","","","","","","","","","",""
"Rank","Name","Team","POS","G","Season","W1","W2","W3","W4","W5","W6","W7","W8","W9","W10","W11","W12","W13","W14","W15","W16","W17","W18","TM RTE %"
"1","Ja'Marr Chase","CIN","WR","16","2025","92.9","97.9","87.1","96.6","84.4","91.3","98.0","97.2","96.0","","100.0","","95.8","97.3","97.7","91.7","80.5","100.0","94.2"
"2","Justin Jefferson","MIN","WR","17","2025","95.8","96.7","86.2","96.3","92.7","","97.8","86.1","90.3","95.7","100.0","92.0","97.1","79.3","96.2","100.0","100.0","85.3","93.5"
"3","Tre Tucker","LV","WR","17","2025","87.2","91.7","97.1","91.3","82.9","92.0","80.0","","100.0","94.3","93.9","92.9","89.3","86.8","93.3","100.0","91.4","100.0","92.2"
"4","Zay Flowers","BLT","WR","17","2025","90.9","87.9","92.1","95.0","100.0","92.5","","88.0","92.6","84.8","93.5","93.1","92.1","90.5","88.9","95.5","95.8","95.2","92.1"
"5","Garrett Wilson","NYJ","WR","7","2025","96.0","100.0","91.5","100.0","90.7","82.8","","","","75.0","","","","","","","","","92.0"
"6","Jaxon Smith-Njigba","SEA","WR","17","2025","84.0","88.6","71.4","86.7","88.2","96.6","97.1","","95.8","84.6","95.6","96.3","93.3","88.2","92.3","97.5","100.0","90.0","91.8"
"7","A.J. Brown","PHI","WR","15","2025","93.9","88.0","94.6","90.3","84.4","94.7","100.0","","","72.4","96.8","90.7","88.2","88.4","68.2","97.3","86.2","","89.5"
"8","Trey McBride","ARZ","TE","17","2025","91.9","96.6","85.0","84.3","86.5","87.2","91.3","","89.2","79.6","87.7","89.8","88.9","94.0","93.0","90.9","95.1","95.0","89.4"
"9","Wan'Dale Robinson","NYG","WR","16","2025","82.2","75.6","71.1","90.0","89.1","93.9","89.2","90.3","100.0","97.7","93.5","94.9","100.0","","95.5","94.7","80.0","","89.4"
"10","Tetairoa McMillan","CAR","WR","17","2025","85.0","88.1","92.6","92.1","82.4","92.6","88.9","93.8","100.0","96.3","94.0","91.2","83.3","","87.1","88.9","90.3","77.1","89.4"
"11","Jameson Williams","DET","WR","17","2025","97.7","93.1","82.8","92.6","82.1","83.9","88.2","","81.0","85.7","92.3","82.2","96.8","94.3","92.9","86.0","85.3","93.3","88.8"
"12","Jakobi Meyers","LV, JAX","WR","16","2025","92.3","95.8","97.1","87.0","85.4","88.0","","","95.3","50.0","75.0","85.7","90.6","87.9","91.7","90.7","93.0","91.7","88.2"
"13","Chris Olave","NO","WR","16","2025","79.6","92.5","88.9","91.4","93.8","86.7","78.4","95.1","84.6","77.4","","88.5","93.3","100.0","85.4","80.0","93.5","","87.9"
"14","DeVonta Smith","PHI","WR","17","2025","97.0","88.0","94.6","90.3","95.6","94.7","100.0","96.3","","96.6","93.5","95.3","88.2","93.0","63.6","97.3","82.8","15.6","86.4"
"15","Jerry Jeudy","CLV","WR","17","2025","93.8","84.3","81.6","86.8","88.9","86.2","82.6","81.6","","88.4","84.8","90.5","76.7","87.2","92.9","78.4","96.4","86.7","86.4"
"16","Kyle Pitts","ATL","TE","17","2025","80.9","95.8","88.9","85.7","","88.6","83.3","100.0","85.0","80.6","90.3","92.6","77.1","83.9","88.9","80.6","85.0","83.8","86.2"
"17","DK Metcalf","PIT","WR","15","2025","79.4","89.7","87.5","84.0","","87.1","91.4","87.2","76.9","91.2","93.9","79.4","88.0","91.4","70.0","84.4","","","85.5"
"18","George Pickens","DAL","WR","17","2025","91.4","93.0","83.0","92.7","84.8","91.2","84.8","81.0","91.7","","79.4","80.0","84.6","85.2","87.5","97.2","86.7","34.6","85.2"
"19","Ladd McConkey","LAC","WR","16","2025","92.7","87.5","96.2","88.6","72.5","79.5","93.4","85.3","79.5","72.5","59.4","","89.3","92.7","81.8","90.9","83.3","","84.8"
"20","Drake London","ATL","WR","12","2025","76.6","95.8","86.7","89.3","","85.7","81.0","","90.0","93.5","87.1","","","","","69.4","80.0","86.5","84.6"
"21","Amon-Ra St. Brown","DET","WR","17","2025","93.0","93.1","89.7","96.3","85.7","83.9","88.2","","85.7","68.6","92.3","84.4","6.5","88.6","97.6","89.5","85.3","88.9","84.2"
"22","Michael Pittman","IND","WR","17","2025","84.8","78.9","85.2","88.6","84.4","78.8","83.3","74.3","89.3","89.7","","81.8","82.1","87.2","92.9","92.1","78.8","73.7","84.0"
"23","Brock Bowers","LV","TE","12","2025","59.0","79.2","88.2","73.9","","","","","81.4","71.4","93.9","87.5","92.9","92.1","93.3","96.2","","","84.0"
"24","Quentin Johnston","LAC","WR","14","2025","87.8","93.8","94.3","86.4","70.0","","88.5","73.5","82.1","87.5","84.4","","78.6","90.2","","69.7","78.6","","83.9"
"25","Alec Pierce","IND","WR","15","2025","75.8","89.5","70.4","","","84.8","88.9","71.4","87.5","89.7","","84.8","96.4","74.4","85.7","92.1","84.8","71.1","83.3"
"26","Darnell Mooney","ATL","WR","15","2025","","95.8","86.7","42.9","","","76.2","90.6","92.5","90.3","90.3","85.2","85.7","71.0","91.1","80.6","80.0","83.8","83.3"
"27","Tee Higgins","CIN","WR","15","2025","89.3","91.7","77.4","86.2","91.1","80.4","85.7","77.8","80.0","","100.0","61.5","","78.4","","77.8","63.4","95.2","82.6"
"28","Jakobie Keeney-James","GB","WR","1","2025","","","","","","","","","","","","","","","","","","82.4","82.4"
"29","Josh Reynolds","NYJ","WR","5","2025","92.0","","","71.4","74.1","93.1","86.4","","","","","","","","","","","","81.8"
"30","Jordan Addison","MIN","WR","14","2025","","","","90.7","65.9","","93.5","80.6","87.1","89.4","93.8","96.0","85.3","69.0","65.4","48.3","76.0","88.2","81.8"
"31","Courtland Sutton","DEN","WR","17","2025","86.0","59.4","87.5","75.0","95.3","72.7","79.2","79.3","84.6","86.7","80.5","","77.1","81.4","83.3","91.8","77.3","87.9","81.7"
"32","Dallas Goedert","PHI","TE","15","2025","84.8","","89.2","74.2","71.1","78.9","88.5","70.4","","79.3","87.1","88.4","76.5","90.7","72.7","86.5","79.3","","81.6"
"33","Michael Wilson","ARZ","WR","17","2025","67.6","82.8","77.5","88.2","59.5","76.6","78.3","","73.0","94.4","82.5","83.1","86.7","80.0","79.1","75.8","82.9","90.0","80.6"
"34","Malik Nabers","NYG","WR","4","2025","91.1","93.3","89.5","33.3","","","","","","","","","","","","","","","80.4"
"35","Nico Collins","HST","WR","15","2025","85.3","86.7","81.4","84.4","68.6","","50.0","","91.5","83.7","85.1","74.2","78.4","94.3","90.6","80.6","82.1","","80.4"
"36","Tyler Warren","IND","TE","17","2025","69.7","84.2","88.9","77.1","75.0","81.8","80.6","74.3","80.4","82.1","","75.8","82.1","87.2","85.7","89.5","69.7","73.7","79.9"
"37","Jauan Jennings","SF","WR","15","2025","56.4","83.7","","72.5","","76.6","85.7","77.8","75.0","84.6","77.8","84.8","78.1","","81.1","91.7","92.1","81.3","79.8"
"38","DJ Moore","CHI","WR","17","2025","81.4","92.5","75.9","78.0","","75.8","88.9","82.9","75.0","63.4","80.6","68.4","82.5","82.1","75.0","94.6","84.8","74.3","79.8"
"39","Rome Odunze","CHI","WR","12","2025","93.0","92.5","79.3","73.2","","72.7","92.6","85.4","90.9","75.6","69.4","65.8","65.0","","","","","","79.7"
"40","Deebo Samuel","WAS","WR","16","2025","78.4","84.6","39.1","93.3","87.5","85.7","","68.6","77.1","80.8","87.5","","74.5","68.8","80.8","96.0","77.8","82.1","79.2"
"41","Ricky Pearsall","SF","WR","9","2025","79.5","86.0","95.2","57.5","","","","","","","77.8","84.8","87.5","","62.2","","81.6","","79.2"
"42","Brian Thomas","JAX","WR","14","2025","87.9","86.4","76.7","84.4","94.1","80.0","61.4","","71.8","","","","78.1","87.9","77.8","76.7","83.7","63.9","78.6"
"43","Isaiah Hodgins","NYG","WR","7","2025","","","","","","","","","","","77.4","74.4","73.3","","72.7","68.4","88.6","85.0","77.7"
"44","Cooper Kupp","SEA","WR","16","2025","84.0","74.3","71.4","76.7","85.3","75.9","80.0","","","61.5","82.2","81.5","80.0","82.4","71.8","82.5","74.2","66.7","77.7"
"45","Emeka Egbuka","TB","WR","17","2025","91.9","86.7","66.7","90.9","76.3","60.0","79.6","92.6","","91.1","97.0","88.1","90.9","85.7","55.0","50.0","46.0","57.1","77.2"
"46","Davante Adams","LA","WR","14","2025","81.3","82.4","97.1","86.7","81.3","89.7","67.6","","73.5","62.2","89.3","77.8","66.7","64.5","58.5","","","","76.9"
"47","Sam LaPorta","DET","TE","9","2025","88.4","69.0","62.1","81.5","75.0","80.6","73.5","","83.3","71.4","","","","","","","","","76.8"
"48","CeeDee Lamb","DAL","WR","14","2025","88.6","94.7","6.4","","","","90.9","78.6","91.7","","91.2","82.5","84.6","46.3","95.0","94.4","93.3","34.6","76.4"
"49","Christian McCaffrey","SF","RB","17","2025","71.8","72.1","85.7","77.5","82.0","74.5","75.0","80.6","71.4","79.5","66.7","84.8","65.6","","70.3","80.6","68.4","71.9","75.6"
"50","Darius Slayton","NYG","WR","14","2025","93.3","95.6","71.1","63.3","54.3","","","61.3","89.7","58.1","","61.5","76.7","","79.5","84.2","85.7","82.5","75.6"
"51","Jalen Coker","CAR","WR","11","2025","","","","","","","44.4","75.0","78.3","81.5","72.0","82.4","70.8","","83.9","77.8","80.6","88.6","75.5"
"52","Puka Nacua","LA","WR","16","2025","65.6","76.5","85.7","84.4","89.6","55.2","","","61.8","62.2","67.9","77.8","86.7","64.5","63.4","86.3","82.9","73.8","75.1"
"53","Cade Otton","TB","TE","16","2025","75.7","80.0","57.6","81.8","57.9","84.0","90.7","70.4","","75.6","87.9","76.2","75.8","74.3","","53.3","74.0","71.4","75.0"
"54","Jaylen Waddle","MIA","WR","16","2025","58.3","83.8","88.6","85.2","77.5","69.4","66.7","75.0","76.7","76.2","87.0","","89.7","77.3","81.8","71.0","32.0","","74.9"
"55","Juwan Johnson","NO","TE","17","2025","79.6","85.0","66.7","85.7","81.3","80.0","81.1","72.1","73.1","71.0","","76.9","71.1","58.3","65.9","60.0","74.2","88.1","74.6"
"56","George Kittle","SF","TE","11","2025","30.8","","","","","","75.0","86.1","71.4","82.1","88.9","78.8","87.5","","81.1","58.3","","87.5","74.4"
"57","Elic Ayomanor","TEN","WR","16","2025","76.5","58.5","66.7","80.0","81.0","77.3","89.7","93.0","69.2","","74.4","","81.0","58.6","65.5","48.4","80.4","74.3","74.3"
"58","Travis Kelce","KC","TE","17","2025","78.7","73.7","73.2","72.5","73.9","57.9","62.5","75.0","84.2","","69.4","77.8","75.0","71.4","85.0","77.4","76.0","77.5","74.2"
"59","Andrei Iosivas","CIN","WR","17","2025","71.4","72.9","45.2","79.3","77.8","84.8","63.3","75.0","90.0","","75.6","84.6","87.5","62.2","86.4","41.7","73.2","57.1","73.2"
"60","Theo Johnson","NYG","TE","15","2025","66.7","73.3","60.5","56.7","67.4","75.8","91.9","87.1","71.8","79.1","83.9","76.9","73.3","","65.9","68.4","","","73.1"
"61","Rashod Bateman","BLT","WR","13","2025","77.3","69.7","71.1","77.5","66.7","57.5","","76.0","88.9","78.8","","","76.3","78.6","","68.2","62.5","","73.1"
"62","Dalton Schultz","HST","TE","17","2025","58.8","66.7","69.8","78.1","57.1","","70.4","73.8","76.6","77.6","72.3","74.2","81.1","88.6","90.6","75.0","78.6","50.0","72.9"
"63","Rashee Rice","KC","WR","8","2025","","","","","","","42.5","72.5","76.3","","65.3","70.4","90.0","73.8","95.0","","","","72.9"
"64","Romeo Doubs","GB","WR","16","2025","65.2","76.5","83.9","71.7","","87.5","78.8","86.5","84.2","54.8","72.4","66.7","81.3","73.1","71.7","54.8","53.1","","72.8"
"65","T.J. Hockenson","MIN","TE","15","2025","75.0","76.7","62.1","81.5","70.7","","80.4","75.0","77.4","80.9","68.8","56.0","73.5","58.6","80.8","55.2","","","72.7"
"66","Xavier Legette","CAR","WR","15","2025","77.5","79.7","","","73.5","85.2","86.1","87.5","69.6","81.5","60.0","67.6","70.8","","77.4","72.2","61.3","42.9","72.6"
"67","Travis Hunter","JAX","WR","7","2025","75.8","56.8","58.1","65.6","73.5","86.0","84.2","","","","","","","","","","","","72.4"
"68","Hunter Henry","NE","TE","17","2025","66.0","63.3","76.6","77.3","69.4","64.5","75.0","73.5","67.5","83.3","78.4","74.4","75.0","","82.8","70.6","67.9","64.3","72.3"
"69","Marvin Harrison","ARZ","WR","12","2025","89.2","96.6","90.0","90.2","75.7","21.3","89.1","","81.1","94.4","","","57.8","","","54.5","29.3","","72.2"
"70","Terry McLaurin","WAS","WR","10","2025","83.8","90.4","52.2","","","","","42.9","","","","","58.2","65.6","84.6","92.0","77.8","75.0","72.1"
"71","Rashid Shaheed","NO, SEA","WR","18","2025","83.7","77.5","82.2","77.1","90.6","73.3","83.8","75.4","80.8","61.5","73.3","70.4","60.0","67.6","74.4","57.5","25.8","60.0","72.0"
"72","Zach Ertz","WAS","TE","13","2025","73.0","76.9","56.5","73.3","59.4","82.9","77.5","60.0","68.6","80.8","75.0","","74.5","59.4","","","","","71.3"
"73","Mason Taylor","NYJ","TE","13","2025","80.0","71.0","63.8","74.3","79.6","86.2","81.8","73.7","","56.3","54.5","73.5","61.0","60.0","","","","","70.9"
"74","Khalil Shakir","BUF","WR","16","2025","82.7","51.6","78.1","71.4","69.2","76.5","","64.0","70.0","80.4","62.5","73.3","51.9","52.8","78.8","60.9","85.7","","70.8"
"75","Chris Godwin","TB","WR","9","2025","","","","86.4","68.4","","","","","","","38.1","60.6","80.0","92.5","76.7","74.0","50.0","70.3"
"76","Tyreek Hill","MIA","WR","4","2025","58.3","81.1","88.6","44.4","","","","","","","","","","","","","","","69.6"
"77","Jake Ferguson","DAL","TE","17","2025","77.1","73.7","61.7","75.6","57.6","79.4","75.8","71.4","85.4","","76.5","72.5","74.4","74.1","70.0","75.0","26.7","50.0","69.4"
"78","Tucker Kraft","GB","TE","8","2025","73.9","76.5","67.7","71.7","","68.8","78.8","75.7","44.7","","","","","","","","","","69.3"
"79","Bijan Robinson","ATL","RB","17","2025","76.6","75.0","75.6","82.1","","62.9","83.3","43.8","70.0","80.6","67.7","40.7","65.7","54.8","68.9","69.4","85.0","70.3","69.3"
"80","Kayshon Boutte","NE","WR","14","2025","73.6","66.7","70.2","68.2","55.6","67.7","75.0","88.2","30.0","","","76.9","69.4","","89.7","70.6","","71.4","69.1"
"81","Christian Watson","GB","WR","10","2025","","","","","","","","59.5","68.4","81.0","79.3","87.5","78.1","80.8","39.1","67.7","56.3","","68.0"
"82","Troy Franklin","DEN","WR","17","2025","53.5","84.4","87.5","70.5","79.1","63.6","64.2","82.8","89.7","90.0","75.6","","64.6","39.5","58.3","73.5","34.1","60.6","67.7"
"83","Jahan Dotson","PHI","WR","17","2025","63.6","76.0","83.8","58.1","66.7","81.6","57.7","77.8","","44.8","48.4","62.8","58.8","58.1","59.1","78.4","58.6","91.1","67.1"
"84","Xavier Worthy","KC","WR","14","2025","2.1","","","60.0","80.4","68.4","67.5","82.5","84.2","","61.2","83.3","77.5","71.4","62.5","83.9","56.0","","66.8"
"85","Keenan Allen","LAC","WR","17","2025","78.0","78.1","77.4","77.3","60.0","69.2","72.1","50.0","51.3","60.0","65.6","","82.1","73.2","57.6","51.5","64.3","52.8","66.1"
"86","Harold Fannin","CLV","TE","16","2025","60.4","60.8","44.7","60.5","47.2","74.1","82.6","63.2","","74.4","48.5","66.7","90.0","85.1","88.1","73.0","25.0","","66.0"
"87","Mike Evans","TB","WR","8","2025","83.8","80.0","69.7","","","","20.4","","","","","","","","65.0","73.3","78.0","75.0","65.9"
"88","AJ Barner","SEA","TE","17","2025","72.0","65.7","47.6","60.0","58.8","58.6","62.9","","75.0","38.5","82.2","63.0","66.7","64.7","66.7","80.0","58.1","63.3","65.5"
"89","Stefon Diggs","NE","WR","17","2025","64.2","46.7","55.3","77.3","61.1","64.5","72.2","64.7","67.5","72.2","89.2","51.3","55.6","","58.6","78.4","67.9","64.3","65.4"
"90","Sterling Shepard","TB","WR","13","2025","67.6","80.0","69.7","68.2","42.1","72.0","72.2","63.0","","75.6","78.8","57.1","39.4","57.1","","","","","65.4"
"91","Jalen Nailor","MIN","WR","17","2025","87.5","96.7","86.2","55.6","58.5","","60.9","72.2","61.3","66.0","62.5","52.0","61.8","58.6","61.5","55.2","56.0","67.6","65.2"
"92","Brenton Strange","JAX","TE","12","2025","60.6","68.2","65.1","71.9","26.5","","","","","","","65.7","75.0","63.6","66.7","67.4","67.4","69.4","64.2"
"93","Hunter Renfrow","CAR","WR","6","2025","82.5","88.1","37.0","55.3","55.9","29.6","","","","","","","","","","","","","63.6"
"94","Keon Coleman","BUF","WR","13","2025","84.6","54.8","75.0","71.4","64.1","85.3","","60.0","56.7","71.7","","","40.7","19.4","51.5","","","73.3","63.4"
"95","Mark Andrews","BLT","TE","17","2025","59.1","75.8","68.4","57.5","52.4","70.0","","52.0","51.9","60.6","64.5","65.5","65.8","78.6","55.6","45.5","62.5","57.1","62.9"
"96","Josh Downs","IND","WR","16","2025","48.5","60.5","51.9","62.9","71.9","57.6","","62.9","69.6","53.8","","42.4","64.3","56.4","82.1","84.2","72.7","60.5","62.8"
"97","Malik Washington","MIA","WR","17","2025","72.2","59.5","65.7","55.6","60.0","47.2","77.8","57.1","67.4","57.1","65.2","","62.1","54.5","69.7","61.3","68.0","60.0","62.8"
"98","Parker Washington","JAX","WR","16","2025","12.1","22.7","65.1","81.3","26.5","36.0","77.2","","79.5","90.6","91.7","91.4","37.5","","52.8","65.1","93.0","80.6","62.2"
"99","De'Von Achane","MIA","RB","16","2025","52.8","83.8","82.9","59.3","72.5","69.4","33.3","60.7","69.8","76.2","65.2","","51.7","31.8","75.8","51.6","40.0","","62.2"
"100","Oronde Gadsden","LAC","TE","15","2025","","","28.3","45.5","57.5","69.2","78.7","88.2","84.6","45.0","75.0","","67.9","70.7","54.5","69.7","69.0","35.8","61.3"
"101","Colston Loveland","CHI","TE","16","2025","44.2","47.5","17.2","","","39.4","63.0","75.6","79.5","51.2","52.8","57.9","57.5","53.8","56.3","78.4","80.4","77.1","59.2"
"102","Jonathan Taylor","IND","RB","17","2025","57.6","65.8","77.8","65.7","68.8","81.8","61.1","57.1","58.9","56.4","","51.5","71.4","33.3","50.0","73.7","57.6","28.9","59.2"
"103","Brandin Cooks","NO, BUF","WR","15","2025","73.5","77.5","68.9","94.3","56.3","60.0","62.2","60.7","61.5","67.7","","","29.6","36.1","39.4","26.1","47.6","","59.2"
"104","Xavier Hutchinson","HST","WR","17","2025","64.7","66.7","62.8","71.9","62.9","","75.9","73.8","66.0","51.0","48.9","32.3","51.4","45.7","37.5","36.1","50.0","88.2","58.7"
"105","Mack Hollins","NE","WR","15","2025","34.0","53.3","48.9","40.9","38.9","48.4","50.0","70.6","50.0","80.6","83.8","74.4","66.7","","75.9","66.7","","","58.5"
"106","Cedric Tillman","CLV","WR","13","2025","91.7","86.3","71.1","23.7","","","","","","67.4","69.7","52.4","60.0","55.3","2.4","37.8","53.6","73.3","58.2"
"107","Calvin Austin","PIT","WR","14","2025","73.5","87.2","70.8","64.0","","","","79.5","59.0","79.4","36.4","52.9","52.0","40.0","40.0","22.2","","60.0","58.0"
"108","Chig Okonkwo","TEN","TE","17","2025","76.5","70.7","57.8","56.7","54.8","59.1","53.8","51.2","57.7","","58.1","62.0","50.0","48.3","55.2","51.6","63.0","54.3","57.9"
"109","Chimere Dike","TEN","WR","17","2025","14.7","39.0","33.3","26.7","38.1","56.8","66.7","86.0","92.3","","25.6","86.0","78.6","75.9","72.4","45.2","78.3","68.6","57.9"
"110","Kendrick Bourne","SF","WR","16","2025","","53.5","73.8","65.0","76.0","80.9","75.0","77.8","75.0","59.0","11.1","6.1","31.3","","45.9","80.6","21.1","56.3","57.1"
"111","Ray-Ray McCloud","ATL, NYG","WR","6","2025","76.6","25.0","60.0","35.7","","","","","87.2","34.9","","","","","","","","","56.6"
"112","Marquise Brown","KC","WR","16","2025","93.6","78.9","75.6","52.5","54.3","52.6","45.0","47.5","50.0","","34.7","42.6","37.5","42.9","","58.1","64.0","77.5","56.2"
"113","Albert Okwuegbunam","LV","TE","1","2025","","","","","56.1","","","","","","","","","","","","","","56.1"
"114","Treylon Burks","WAS","WR","8","2025","","","","","","","","","37.1","50.0","","","67.3","25.0","26.9","84.0","77.8","75.0","55.5"
"115","Christian Kirk","HST","WR","13","2025","","","69.8","62.5","54.3","","","","70.2","44.9","55.3","38.7","45.9","42.9","37.5","55.6","60.7","70.6","54.9"
"116","Gabe Davis","BUF","WR","6","2025","","","","","","","","","","","43.8","48.9","63.0","61.1","","","31.0","93.3","54.7"
"117","Isaiah Bond","CLV","WR","16","2025","22.9","39.2","55.3","71.1","75.0","86.2","56.5","44.7","","","45.5","42.9","36.7","53.2","73.8","54.1","32.1","63.3","54.3"
"118","Matthew Golden","GB","WR","14","2025","52.2","64.7","74.2","65.2","","65.6","75.8","70.3","39.5","","37.9","","","15.4","37.0","25.8","56.3","88.2","54.3"
"119","Chase Brown","CIN","RB","17","2025","42.9","45.8","32.3","58.6","42.2","45.7","51.0","33.3","82.0","","82.9","71.8","52.1","48.6","65.9","47.2","56.1","50.0","54.2"
"120","Tory Horton","SEA","WR","8","2025","56.0","48.6","61.9","36.7","47.1","58.6","51.4","","83.3","","","","","","","","","","54.1"
"121","Tyler Lockett","LV, TEN","WR","17","2025","70.6","43.9","57.8","86.7","35.7","34.1","23.1","","27.9","65.7","44.9","69.6","64.3","71.1","83.3","30.8","60.0","67.7","54.0"
"122","Jahmyr Gibbs","DET","RB","17","2025","60.5","51.7","51.7","55.6","46.4","45.2","44.1","","38.1","37.1","64.1","55.6","51.6","65.7","69.0","68.4","35.3","57.8","53.8"
"123","David Njoku","CLV","TE","12","2025","79.2","68.6","73.7","68.4","77.8","41.4","","52.6","","48.8","54.5","28.6","36.7","6.4","","","","","53.6"
"124","Van Jefferson","TEN","WR","16","2025","8.8","22.0","31.1","40.0","11.9","72.7","76.9","81.4","80.8","","81.4","78.0","69.0","62.1","48.3","64.5","26.1","","53.4"
"125","Isaiah Likely","BLT","TE","14","2025","","","","47.5","42.9","80.0","","56.0","48.1","45.5","61.3","44.8","52.6","45.2","38.9","50.0","62.5","61.9","53.3"
"126","Calvin Ridley","TEN","WR","7","2025","91.2","78.0","80.0","40.0","78.6","6.8","","","","","2.3","","","","","","","","53.0"
"127","Darren Waller","MIA","TE","9","2025","","","","37.0","65.0","75.0","16.7","","","","","","65.5","54.5","63.6","51.6","44.0","","53.0"
"128","Jayden Higgins","HST","WR","17","2025","38.2","36.7","27.9","34.4","45.7","","57.4","78.6","40.4","49.0","53.2","67.7","62.2","51.4","62.5","63.9","42.9","85.3","52.8"
"129","Evan Engram","DEN","TE","16","2025","30.2","46.9","","59.1","53.5","45.5","58.5","55.2","66.7","66.7","56.1","","68.8","58.1","33.3","53.1","36.4","51.5","52.7"
"130","Jayden Reed","GB","WR","7","2025","52.2","5.9","","","","","","","","","","","","65.4","67.4","83.9","56.3","23.5","52.6"
"131","Josh Palmer","BUF","WR","12","2025","67.3","61.3","43.8","35.7","51.3","14.7","","","","","46.9","55.6","","","45.5","69.6","50.0","83.3","52.3"
"132","Ashton Jeanty","LV","RB","17","2025","48.7","37.5","41.2","56.5","31.7","60.0","20.0","","58.1","60.0","63.3","53.6","71.4","50.0","46.7","76.9","48.6","67.7","52.2"
"133","Kenneth Gainwell","PIT","RB","17","2025","41.2","48.7","25.0","60.0","","41.9","40.0","30.8","38.5","67.6","78.8","50.0","44.0","51.4","46.7","51.1","71.4","68.0","51.2"
"134","Olamide Zaccheaus","CHI","WR","16","2025","55.8","45.0","51.7","58.5","","66.7","55.6","63.4","65.9","61.0","13.9","23.7","20.0","71.8","62.5","86.5","","14.3","51.2"
"135","Cole Kmet","CHI","TE","16","2025","65.1","75.0","65.5","75.6","","30.3","18.5","","9.1","43.9","63.9","42.1","40.0","51.3","46.9","75.7","45.7","65.7","51.1"
"136","David Sills","ATL","WR","17","2025","2.1","8.3","33.3","7.1","","45.7","45.2","96.9","62.5","51.6","61.3","59.3","77.1","80.6","91.1","30.6","35.0","64.9","50.7"
"137","Marquez Valdes-Scantling","SF, PIT","WR","10","2025","38.5","9.3","19.0","","50.0","61.7","","","","","","","","40.0","63.3","53.3","83.3","82.0","50.6"
"138","Saquon Barkley","PHI","RB","16","2025","66.7","40.0","51.4","35.5","35.6","52.6","26.9","63.0","","44.8","54.8","69.8","44.1","58.1","31.8","62.2","51.7","","50.4"
"139","Pat Freiermuth","PIT","TE","17","2025","41.2","59.0","41.7","32.0","","45.2","68.6","41.0","43.6","50.0","39.4","52.9","28.0","57.1","40.0","48.9","64.3","70.0","50.0"
"140","Jalen McMillan","TB","WR","4","2025","","","","","","","","","","","","","","","47.5","56.7","50.0","46.4","50.0"
"141","Zay Jones","ARZ","WR","8","2025","43.2","51.7","52.5","","64.9","83.0","47.8","","48.6","14.8","","","","","","","","","49.8"
"142","Jalen Tolbert","DAL","WR","13","2025","48.6","59.6","87.2","78.0","87.9","97.1","33.3","16.7","8.3","","8.8","","12.8","","","","60.0","46.2","49.6"
"143","Tyler Higbee","LA","TE","10","2025","56.3","55.9","60.0","60.0","","44.8","29.4","","47.1","35.1","35.7","","","","","","","61.9","49.4"
"144","Demarcus Robinson","SF","WR","14","2025","","","","32.5","80.0","19.1","42.9","63.9","42.9","53.8","48.1","63.6","34.4","","32.4","58.3","28.9","84.4","48.9"
"145","Rhamondre Stevenson","NE","RB","14","2025","41.5","46.7","23.4","50.0","38.9","48.4","63.9","64.7","","","","23.1","58.3","","58.6","68.6","64.3","42.9","48.8"
"146","Russell Gage","SF","WR","1","2025","48.7","","","","","","","","","","","","","","","","","","48.7"
"147","Dawson Knox","BUF","TE","17","2025","40.4","48.4","34.4","32.1","38.5","73.5","","24.0","20.0","56.5","71.9","77.8","70.4","44.4","42.4","52.2","61.9","10.0","48.2"
"148","Adonai Mitchell","IND, NYJ","WR","16","2025","15.2","13.2","29.6","82.9","3.1","","13.9","11.4","7.1","","60.6","76.5","87.8","87.5","80.5","75.0","74.3","45.8","48.1"
"149","Omarion Hampton","LAC","RB","9","2025","53.7","46.9","54.7","72.7","47.5","","","","","","","","","17.1","21.2","33.3","69.0","","47.6"
"150","Kyren Williams","LA","RB","17","2025","46.9","35.3","45.7","60.0","77.1","48.3","41.2","","41.2","40.5","39.3","41.7","36.7","45.2","36.6","56.9","41.5","47.6","47.1"
"151","Pat Bryant","DEN","WR","15","2025","4.7","25.0","6.3","31.8","51.2","39.4","32.1","48.3","56.4","73.3","61.0","","75.0","67.4","","61.2","","69.7","47.1"
"152","Ja'Tavion Sanders","CAR","TE","13","2025","62.5","64.4","55.6","","","","38.9","50.0","34.8","40.7","40.0","47.1","45.8","","58.1","52.8","0.0","","46.9"
"153","JuJu Smith-Schuster","KC","WR","17","2025","70.2","73.7","61.0","72.5","52.2","50.0","35.0","22.5","21.1","","20.4","31.5","30.0","21.4","37.5","80.6","68.0","72.5","46.9"
"154","Javonte Williams","DAL","RB","16","2025","71.4","49.1","55.3","56.1","39.4","58.8","63.6","42.9","60.4","","55.9","40.0","28.2","59.3","2.5","44.4","15.6","","46.4"
"155","Mike Gesicki","CIN","TE","13","2025","32.1","62.5","32.3","55.2","44.4","2.2","","","","","","64.1","39.6","45.9","75.0","66.7","41.5","40.5","46.3"
"156","Tez Johnson","TB","WR","16","2025","10.8","","21.2","27.3","42.1","84.0","74.1","92.6","","77.8","87.9","78.6","54.5","34.3","22.5","16.7","10.0","14.3","46.3"
"157","Dontayvion Wicks","GB","WR","14","2025","39.1","64.7","54.8","60.9","","31.3","24.2","","","66.7","55.2","79.2","65.6","11.5","41.3","35.5","6.3","","46.2"
"158","Jonnu Smith","PIT","TE","17","2025","52.9","51.3","70.8","40.0","","71.0","77.1","56.4","41.0","67.6","48.5","61.8","40.0","28.6","23.3","26.7","26.2","22.0","46.0"
"159","Devaughn Vele","NO","WR","13","2025","14.3","12.5","","2.9","34.4","30.0","21.6","47.5","19.2","100.0","","88.5","82.2","91.7","46.3","","","","45.7"
"160","Xavier Weaver","ARZ","WR","9","2025","","","","19.6","","","8.7","","2.7","","73.7","67.8","37.8","","","33.3","73.2","80.0","45.7"
"161","Alvin Kamara","NO","RB","11","2025","59.2","62.5","55.6","48.6","59.4","53.3","59.5","24.6","50.0","48.4","","7.7","","","","","","","45.7"
"162","Aaron Jones","MIN","RB","12","2025","37.5","40.0","","","","","","47.2","35.5","61.7","46.9","56.0","35.3","31.0","61.5","48.3","40.0","","45.7"
"163","Chris Moore","WAS","WR","14","2025","18.9","","47.8","76.7","62.5","74.3","80.0","34.3","74.3","19.2","81.3","","20.0","","","20.0","11.1","10.7","45.7"
"164","Trey Benson","ARZ","RB","4","2025","29.7","55.2","57.5","41.2","","","","","","","","","","","","","","","45.2"
"165","Tyrone Tracy","NYG","RB","15","2025","57.8","37.8","10.5","","","18.2","29.7","48.4","46.2","37.2","45.2","64.1","40.0","","56.8","26.3","60.0","75.0","44.6"
"166","Greg Dulcich","MIA","TE","10","2025","","","","","","","","25.0","44.2","76.2","60.9","","34.5","50.0","33.3","32.3","44.0","60.0","44.6"
"167","Michael Mayer","LV","TE","13","2025","41.0","16.7","5.9","","","80.0","80.0","","69.8","40.0","57.1","10.7","","","10.0","57.7","82.9","71.0","44.4"
"168","Dalton Kincaid","BUF","TE","12","2025","55.8","58.1","56.3","53.6","53.8","","","32.0","46.7","21.7","","","","41.7","42.4","47.8","","20.0","44.2"
"169","Tommy Tremble","CAR","TE","17","2025","30.0","32.2","40.7","60.5","67.6","59.3","36.1","37.5","34.8","55.6","38.0","35.3","33.3","","35.5","33.3","58.1","74.3","44.2"
"170","John Metchie","PHI, NYJ","WR","16","2025","0.0","12.0","2.7","6.5","0.0","2.6","","22.2","","6.3","69.7","88.2","97.6","92.5","58.5","75.0","65.7","62.5","43.9"
"171","Rachaad White","TB","RB","17","2025","18.9","15.6","18.2","43.2","55.3","76.0","75.9","29.6","","66.7","48.5","54.8","39.4","31.4","42.5","36.7","38.0","42.9","43.8"
"172","Isaac TeSlaa","DET","WR","17","2025","7.0","37.9","34.5","22.2","42.9","58.1","17.6","","4.8","22.9","43.6","46.7","83.9","77.1","59.5","52.6","67.6","60.0","43.5"
"173","D'Andre Swift","CHI","RB","16","2025","60.5","35.0","41.4","58.5","","39.4","40.7","26.8","","51.2","27.8","39.5","47.5","41.0","31.3","48.6","52.2","42.9","43.3"
"174","Dont'e Thornton","LV","WR","15","2025","53.8","83.3","67.6","60.9","56.1","0.0","70.0","","","51.4","34.7","26.8","28.6","","3.3","11.5","60.0","19.4","43.1"
"175","Noah Brown","WAS","WR","4","2025","51.4","34.6","","","","","","","","","","","","68.8","15.4","","","","42.9"
"176","Ryan Flournoy","DAL","WR","15","2025","","3.5","36.2","19.5","57.6","73.5","9.1","31.0","64.6","","26.5","45.0","35.9","68.5","65.0","36.1","","88.5","42.7"
"177","Bucky Irving","TB","RB","10","2025","56.8","68.9","39.4","36.4","","","","","","","","","24.2","40.0","35.0","43.3","38.0","35.7","42.4"
"178","Marvin Mims","DEN","WR","15","2025","51.2","31.3","53.1","47.7","41.9","45.5","56.6","34.5","","","24.4","","41.7","37.2","33.3","30.6","59.1","36.4","42.1"
"179","Austin Ekeler","WAS","RB","2","2025","48.6","36.5","","","","","","","","","","","","","","","","","41.6"
"180","Colby Parkinson","LA","TE","15","2025","28.1","","11.4","15.6","29.2","","20.6","","17.6","35.1","32.1","50.0","43.3","71.0","58.5","70.6","61.0","61.9","41.2"
"181","Luther Burden","CHI","WR","15","2025","20.9","12.5","31.0","26.8","","39.4","33.3","12.2","","46.3","61.1","52.6","47.5","64.1","50.0","","54.3","65.7","41.0"
"182","Audric Estime","NO","RB","6","2025","","","","","","","","","","0.0","","","","4.2","34.1","54.5","64.5","59.5","40.2"
"183","Arian Smith","NYJ","WR","16","2025","12.0","61.3","72.3","45.7","61.1","75.9","88.6","36.8","","50.0","21.2","20.6","","2.5","17.1","15.9","17.1","25.0","40.2"
"184","Cam Skattebo","NYG","RB","8","2025","6.7","40.0","55.3","56.7","50.0","48.5","45.9","22.6","","","","","","","","","","","40.0"
"185","Kevin Austin","NO","WR","8","2025","","","11.1","","","","","","","","","7.7","6.7","0.0","46.3","72.7","83.9","88.1","40.0"
"186","Tre Harris","LAC","WR","17","2025","12.2","25.0","26.4","13.6","32.5","84.6","34.4","32.4","35.9","22.5","50.0","","39.3","29.3","75.8","51.5","35.7","81.1","39.9"
"187","Robbie Chosen","WAS","WR","3","2025","","","","","","","55.0","","","26.9","31.3","","","","","","","","39.8"
"188","Chuba Hubbard","CAR","RB","15","2025","40.0","69.5","40.7","52.6","","","36.1","50.0","17.4","29.6","16.0","29.4","54.2","","45.2","25.0","35.5","28.6","39.0"
"189","Justice Hill","BLT","RB","10","2025","45.5","39.4","47.4","47.5","38.1","52.5","","24.0","29.6","21.2","","34.5","","","","","","","39.0"
"190","Tyjae Spears","TEN","RB","13","2025","","","","","23.8","52.3","25.6","46.5","46.2","","41.9","36.0","45.2","41.4","37.9","25.8","43.5","37.1","38.9"
"191","Casey Washington","ATL","WR","7","2025","93.6","","","60.7","","74.3","11.9","6.3","","0.0","3.2","","","","","","","","38.6"
"192","Greg Dortch","ARZ","WR","12","2025","21.6","17.2","25.0","64.7","8.1","42.6","13.0","","29.7","38.9","70.2","62.7","28.9","","","","","","38.4"
"193","Breece Hall","NYJ","RB","16","2025","28.0","41.9","36.2","48.6","35.2","41.4","27.3","23.7","","18.8","48.5","52.9","48.8","50.0","36.6","43.2","22.9","","38.3"
"194","Tyquan Thornton","KC","WR","14","2025","70.2","73.7","70.7","35.0","43.5","34.2","22.5","5.0","26.3","","30.6","29.6","25.0","23.8","42.5","","","","38.1"
"195","KaVontae Turpin","DAL","WR","15","2025","48.6","17.5","68.1","68.3","","","39.4","45.2","20.8","","38.2","45.0","35.9","53.7","20.0","27.8","22.2","15.4","38.1"
"196","Curtis Samuel","BUF","WR","6","2025","","","","39.3","43.6","","","32.0","40.0","30.4","43.8","","","","","","","","38.0"
"197","Isaiah Williams","NYJ","WR","15","2025","","0.0","0.0","2.9","","0.0","0.0","36.8","","56.3","72.7","41.2","39.0","52.5","68.3","77.3","77.1","58.3","38.0"
"198","Travis Etienne","JAX","RB","17","2025","39.4","45.5","27.9","21.9","38.2","40.0","38.6","","41.0","34.4","41.7","45.7","31.3","33.3","41.7","46.5","37.2","36.1","37.9"
"199","Nick Westbrook-Ikhine","MIA","WR","15","2025","33.3","16.2","14.3","37.0","57.5","50.0","72.2","35.7","65.1","47.6","21.7","","24.1","31.8","36.4","","","0.0","37.6"
"200","Adam Thielen","MIN, PIT","WR","16","2025","62.5","90.0","69.0","22.2","24.4","","10.9","22.2","12.9","14.9","15.6","4.0","","31.4","36.7","35.6","83.3","74.0","37.5"
"201","DeAndre Hopkins","BLT","WR","17","2025","50.0","21.2","21.1","40.0","23.8","42.5","","44.0","25.9","33.3","67.7","58.6","44.7","16.7","50.0","45.5","33.3","33.3","37.5"
"202","Lil'Jordan Humphrey","DEN, NYG","WR","10","2025","","","","","","87.9","86.5","61.3","","","4.9","","8.3","20.9","58.3","14.3","47.7","12.1","37.5"
"203","Gunnar Helm","TEN","TE","16","2025","17.6","24.4","31.1","36.7","54.8","34.1","35.9","44.2","26.9","","48.8","40.0","52.4","37.9","31.0","32.3","39.1","","37.5"
"204","Elijah Higgins","ARZ","TE","17","2025","18.9","34.5","7.5","3.9","21.6","36.2","43.5","","27.0","31.5","35.1","33.9","35.6","62.0","62.8","75.8","53.7","60.0","37.4"
"205","Theo Wease","MIA","WR","3","2025","","","","","","","","","","","","","","","","41.9","32.0","36.7","37.2"
"206","Tony Pollard","TEN","RB","17","2025","50.0","56.1","73.3","60.0","54.8","25.0","35.9","37.2","23.1","","34.9","36.0","26.2","10.3","20.7","9.7","37.0","20.0","37.1"
"207","James Cook","BUF","RB","17","2025","48.1","32.3","34.4","60.7","46.2","29.4","","24.0","46.7","34.8","46.9","28.9","33.3","47.2","48.5","34.8","28.6","0.0","37.1"
"208","Kimani Vidal","LAC","RB","13","2025","","","","4.5","12.5","43.6","44.3","38.2","56.4","50.0","43.8","","53.6","56.1","54.5","33.3","","7.5","36.9"
"209","Michael Carter","ARZ","RB","13","2025","","","","3.9","35.1","40.4","30.4","","","7.4","49.1","45.8","37.8","46.0","62.8","51.5","39.0","37.5","36.8"
"210","Jake Tonges","SF","TE","16","2025","38.5","65.1","64.3","62.5","78.0","83.0","7.1","11.1","3.6","5.1","0.0","0.0","9.4","","0.0","16.7","73.7","","36.8"
"211","TreVeyon Henderson","NE","RB","17","2025","32.1","30.0","38.3","22.7","47.2","19.4","11.1","8.8","67.5","72.2","70.3","51.3","41.7","","31.0","9.8","35.7","28.6","36.7"
"212","Rico Dowdle","CAR","RB","17","2025","32.5","15.3","18.5","28.9","41.2","55.6","16.7","34.4","47.8","48.1","60.0","47.1","20.8","","41.9","41.7","45.2","34.3","36.5"
"213","Allen Lazard","NYJ","WR","10","2025","","32.3","23.4","51.4","31.5","","52.3","65.8","","","","32.4","26.8","22.5","24.4","","","","35.8"
"214","Josh Jacobs","GB","RB","15","2025","52.2","41.2","45.2","34.8","","59.4","36.4","29.7","39.5","57.1","3.4","","25.0","34.6","30.4","22.6","18.8","","35.5"
"215","Devin Neal","NO","RB","9","2025","4.1","","","","","","8.1","32.8","42.3","29.0","","63.5","68.9","58.3","17.1","","","","35.5"
"216","Jaylin Lane","WAS","WR","15","2025","32.4","48.1","34.8","33.3","37.5","34.3","72.5","37.1","57.1","23.1","18.8","","30.9","3.1","42.3","0.0","","","35.3"
"217","Shane Zylstra","DET","TE","5","2025","2.3","","","","","","","","","","","","","","40.5","59.6","26.5","37.8","35.3"
"218","Luke Musgrave","GB","TE","17","2025","17.4","17.6","6.5","13.0","","34.4","39.4","13.5","42.1","76.2","34.5","33.3","43.8","34.6","50.0","74.2","37.5","5.9","35.3"
"219","Isiah Pacheco","KC","RB","13","2025","29.8","47.4","36.6","30.0","39.1","52.6","32.5","45.0","","","","","20.0","19.0","35.0","61.3","8.0","","35.2"
"220","DeMario Douglas","NE","WR","17","2025","67.9","30.0","46.8","18.2","41.7","41.9","33.3","26.5","32.5","30.6","40.5","23.1","36.1","","20.7","23.5","14.3","42.9","35.1"
"221","Elijah Arroyo","SEA","TE","13","2025","28.0","48.6","28.6","53.3","41.2","48.3","37.1","","41.7","46.2","31.1","18.5","23.3","11.8","","","","","34.8"
"222","Zach Charbonnet","SEA","RB","16","2025","36.0","25.7","","40.0","47.1","44.8","40.0","","25.0","15.4","28.9","22.2","3.3","41.2","30.8","45.0","38.7","56.7","34.7"
"223","Kalif Raymond","DET","WR","15","2025","72.1","37.9","37.9","59.3","0.0","3.2","44.1","","47.6","45.7","53.8","24.4","","","21.4","29.8","11.8","24.4","34.6"
"224","Tyler Johnson","NYJ","WR","12","2025","56.0","93.5","66.0","","3.7","24.1","25.0","65.8","","50.0","33.3","","0.0","","","15.9","17.1","","34.6"
"225","Jamari Thrash","CLV","WR","9","2025","29.2","27.5","23.7","28.9","36.1","39.7","34.8","52.6","","37.2","","","","","","","","","34.3"
"226","Terrance Ferguson","LA","TE","13","2025","","8.8","","","6.3","27.6","35.3","","29.4","35.1","14.3","22.2","20.0","41.9","70.7","68.6","43.9","","34.2"
"227","Ty Johnson","BUF","RB","17","2025","28.8","32.3","21.9","32.1","23.1","44.1","","40.0","30.0","43.5","31.3","37.8","40.7","27.8","27.3","43.5","42.9","26.7","33.7"
"228","Dyami Brown","JAX","WR","14","2025","75.8","65.9","32.6","","64.7","60.0","28.1","","53.8","40.6","25.0","2.9","","6.1","0.0","2.3","","2.8","33.6"
"229","Darnell Washington","PIT","TE","16","2025","20.6","15.4","12.5","60.0","","61.3","37.1","23.1","28.2","17.6","54.5","35.3","68.0","28.6","50.0","37.8","9.5","","33.5"
"230","Daniel Bellinger","NYG","TE","16","2025","17.8","17.8","18.4","20.0","30.4","39.4","40.5","29.0","","55.8","32.3","20.5","6.7","","20.5","21.1","82.9","75.0","33.4"
"231","Woody Marks","HST","RB","16","2025","8.8","20.0","37.2","43.8","28.6","","35.2","33.3","34.0","42.9","31.9","38.7","43.2","45.7","12.5","","50.0","23.5","33.4"
"232","Quentin Skinner","NYJ","WR","1","2025","","","","","","","","","","","","","","","","","","33.3","33.3"
"233","Jared Wayne","HST","WR","1","2025","","","","","","","","33.3","","","","","","","","","","","33.3"
"234","Anthony Firkser","DET","TE","7","2025","","","","","","","","","","","","4.4","25.8","54.3","26.2","33.3","32.4","57.8","33.2"
"235","Roman Wilson","PIT","WR","13","2025","17.6","38.5","25.0","0.0","","25.8","51.4","51.3","38.5","38.2","60.6","29.4","48.0","","","","2.4","","33.2"
"236","Tutu Atwell","LA","WR","10","2025","53.1","47.1","51.4","35.6","72.9","","17.6","","","","","","","","9.8","13.7","17.1","16.7","33.0"
"237","Noah Gray","KC","TE","16","2025","25.5","50.0","41.5","27.5","41.3","47.4","22.5","32.5","21.1","","38.8","18.5","","28.6","22.5","35.5","44.0","40.0","33.0"
"238","Sal Cannella","CLV","TE","2","2025","","","","","","","","","","","","","","","","","46.4","20.0","32.8"
"239","Justin Watson","HST","WR","3","2025","50.0","46.7","","","","","","","","","","","","","","","","2.9","32.7"
"240","Jerome Ford","CLV","RB","13","2025","52.1","47.1","31.6","26.3","36.1","34.5","30.4","23.7","","23.3","27.3","23.8","33.3","19.1","","","","","32.3"
"241","RJ Harvey","DEN","RB","17","2025","25.6","28.1","31.3","25.0","18.6","27.3","22.6","24.1","41.0","33.3","34.1","","22.9","48.8","41.7","40.8","45.5","39.4","32.3"
"242","Jalin Hyatt","NYG","WR","8","2025","","","13.2","43.3","50.0","54.5","32.4","","0.0","","71.0","","","","6.8","","","","32.2"
"243","Kenneth Walker","SEA","RB","17","2025","32.0","20.0","38.1","36.7","17.6","27.6","31.4","","50.0","30.8","35.6","48.1","40.0","41.2","23.1","30.0","25.8","30.0","32.2"
"244","Austin Hooper","NE","TE","16","2025","15.1","43.3","44.7","54.5","30.6","45.2","25.0","29.4","40.0","30.6","","38.5","16.7","","27.6","25.5","32.1","32.1","32.1"
"245","Mason Tipton","NO","WR","13","2025","","","4.4","2.9","3.1","0.0","13.5","4.9","7.7","9.7","","73.1","86.7","54.2","75.6","49.1","","","32.1"
"246","James Conner","ARZ","RB","3","2025","45.9","27.6","22.5","","","","","","","","","","","","","","","","32.1"
"247","Elijah Moore","BUF","WR","9","2025","11.5","41.9","25.0","25.0","","23.5","","52.0","30.0","34.8","","51.1","","","","","","","31.9"
"248","Kareem Hunt","KC","RB","17","2025","25.5","31.6","29.3","30.0","13.0","10.5","10.0","17.5","50.0","","42.9","50.0","45.0","50.0","42.5","16.1","20.0","42.5","31.8"
"249","Jack Bech","LV","WR","16","2025","5.1","8.3","20.6","0.0","39.0","80.0","60.0","","0.0","20.0","14.3","10.7","50.0","76.3","73.3","69.2","","45.2","31.4"
"250","Jordan Whittington","LA","WR","17","2025","28.1","47.1","34.3","62.2","29.2","82.8","58.8","","50.0","13.5","50.0","44.4","10.0","9.7","9.8","7.8","12.2","0.0","30.9"
"251","Noah Fant","CIN","TE","15","2025","46.4","20.8","35.5","","17.8","41.3","73.5","33.3","44.0","","41.5","15.4","29.2","24.3","13.6","","9.8","14.3","30.9"
"252","Jeremy McNichols","WAS","RB","17","2025","13.5","21.2","17.4","40.0","31.3","31.4","32.5","45.7","31.4","19.2","18.8","","43.6","21.9","42.3","32.0","48.1","32.1","30.9"
"253","Hunter Long","JAX","TE","9","2025","3.0","0.0","16.3","15.6","52.9","58.0","56.1","","41.0","","","","","12.1","","","","","30.7"
"254","Tanner Conner","MIA","TE","9","2025","52.8","51.4","57.1","3.7","17.5","5.6","30.6","28.6","20.9","","","","","","","","","","30.2"
"255","Jaylin Noel","HST","WR","17","2025","38.2","30.0","16.3","28.1","34.3","","46.3","45.2","10.6","32.7","29.8","35.5","43.2","45.7","21.9","16.7","21.4","11.8","30.2"
"256","Luke McCaffrey","WAS","WR","9","2025","0.0","23.1","43.5","40.0","34.4","37.1","50.0","51.4","0.0","","","","","","","","","","30.1"
"257","Jaylen Warren","PIT","RB","16","2025","20.6","35.9","45.8","","","35.5","37.1","51.3","23.1","26.5","18.2","23.5","52.0","28.6","36.7","26.7","11.9","14.0","29.2"
"258","Tyrell Shavers","BUF","WR","17","2025","7.7","25.8","12.5","10.7","23.1","61.8","","16.0","30.0","41.3","37.5","26.7","29.6","38.9","33.3","60.9","42.9","0.0","29.1"
"259","Brock Wright","DET","TE","11","2025","11.6","10.3","6.9","14.8","32.1","22.6","26.5","","31.0","22.9","59.0","62.2","","","","","","","29.1"
"260","Kyle Monangai","CHI","RB","17","2025","16.3","32.5","27.6","19.5","","18.2","29.6","29.3","50.0","34.1","22.2","34.2","22.5","20.5","34.4","37.8","21.7","34.3","28.5"
"261","Davis Allen","LA","TE","17","2025","34.4","11.8","17.1","13.3","43.8","20.7","20.6","","20.6","21.6","7.1","38.9","26.7","45.2","39.0","41.2","22.0","45.2","28.5"
"262","Jalen Brooks","DAL, ARZ","WR","6","2025","","","","","0.0","","","","","","","","","34.0","72.1","6.1","26.8","17.5","28.3"
"263","Jeremy Ruckert","NYJ","TE","17","2025","20.0","29.0","21.3","28.6","25.9","20.7","18.2","26.3","","25.0","36.4","17.6","19.5","32.5","46.3","45.5","34.3","29.2","28.3"
"264","Drew Sample","CIN","TE","17","2025","35.7","14.6","35.5","17.2","26.7","17.4","20.4","19.4","18.0","","36.6","28.2","39.6","13.5","31.8","25.0","36.6","57.1","27.7"
"265","Kyle Williams","NE","WR","17","2025","9.4","10.0","17.0","27.3","19.4","22.6","16.7","8.8","47.5","52.8","78.4","5.1","22.2","","6.9","29.4","82.1","25.0","27.6"
"266","Samaje Perine","CIN","RB","15","2025","35.7","18.8","22.6","27.6","46.7","32.6","30.6","33.3","0.0","","","","20.8","21.6","29.5","36.1","24.4","40.5","27.5"
"267","James Proche","TEN","WR","9","2025","","","","","","","","4.7","26.9","","","40.0","14.3","17.2","24.1","16.1","54.3","40.0","27.5"
"268","Ronnie Bell","NO","WR","2","2025","","","","","","","","","","","","","","","","","0.0","47.6","27.4"
"269","Quinshon Judkins","CLV","RB","14","2025","","15.7","31.6","34.2","11.1","25.9","26.1","13.2","","27.9","30.3","23.8","26.7","25.5","54.8","35.1","","","27.3"
"270","Konata Mumpfield","LA","WR","17","2025","9.4","5.9","0.0","4.4","10.4","24.1","23.5","","14.7","32.4","3.6","33.3","40.0","25.8","43.9","49.0","68.3","42.9","26.4"
"271","Gage Larvadain","CLV","WR","13","2025","","","","","2.8","20.7","17.4","52.6","","23.3","12.1","14.3","40.0","34.0","64.3","13.5","10.7","13.3","26.0"
"272","Isaiah Davis","NYJ","RB","16","2025","16.0","22.6","2.1","28.6","42.6","27.6","45.5","34.2","","31.3","33.3","20.6","4.9","17.5","26.8","38.6","14.3","","25.7"
"273","Andre Baccellia","ARZ","WR","5","2025","","","","","","","","","","","21.1","18.6","0.0","72.0","14.0","","","","25.6"
"274","Josh Whyle","GB","TE","8","2025","","","","","","","","","","4.8","27.6","20.8","46.9","38.5","2.2","","50.0","35.3","25.4"
"275","Derrick Henry","BLT","RB","17","2025","18.2","33.3","18.4","17.5","28.6","22.5","","28.0","37.0","42.4","22.6","24.1","23.7","23.8","11.1","18.2","20.8","38.1","25.2"
"276","Trayveon Williams","LAC, CLV","RB","6","2025","","","","","","","","","","0.0","28.1","","","","33.3","29.7","32.1","30.0","24.9"
"277","Adam Trautman","DEN","TE","17","2025","25.6","21.9","18.8","18.2","20.9","12.1","15.1","17.2","20.5","23.3","24.4","","27.1","44.2","47.2","24.5","34.1","21.2","24.7"
"278","David Montgomery","DET","RB","17","2025","32.6","13.8","24.1","25.9","21.4","16.1","26.5","","19.0","45.7","20.5","31.1","35.5","25.7","16.7","12.3","14.7","37.8","24.6"
"279","Jordan Mason","MIN","RB","16","2025","25.0","40.0","44.8","33.3","48.8","","47.8","16.7","16.1","17.0","6.3","8.0","20.6","10.3","7.7","6.9","","17.6","24.5"
"280","Lucas Krull","DEN","TE","3","2025","20.9","6.3","46.9","","","","","","","","","","","","","","","","24.3"
"281","Dylan Sampson","CLV","RB","15","2025","29.2","17.6","5.3","15.8","16.7","15.5","8.7","44.7","","34.9","9.1","28.6","16.7","48.9","","","25.0","36.7","24.0"
"282","John Bates","WAS","TE","15","2025","16.2","7.7","","","21.9","28.6","25.0","17.1","22.9","34.6","28.1","","29.1","28.1","50.0","16.0","18.5","25.0","23.8"
"283","Tim Patrick","JAX","WR","16","2025","0.0","11.4","25.6","12.5","5.9","14.0","8.8","","","62.5","66.7","48.6","3.1","63.6","30.6","18.6","11.6","22.2","23.2"
"284","Malik Heath","GB","WR","11","2025","17.4","20.6","16.1","13.0","","43.8","33.3","18.9","31.6","26.2","","12.5","18.8","","","","","","23.1"
"285","Austin Trammell","JAX","WR","6","2025","","","","","","","","","35.9","21.9","12.5","11.4","53.1","0.0","","","","","23.1"
"286","Xavier Restrepo","TEN","WR","2","2025","","","","","","","","","","","","28.0","16.7","","","","","","22.8"
"287","Dante Pettis","NO","WR","8","2025","","","","","","","","","","0.0","","11.5","2.2","8.3","2.4","14.5","74.2","76.2","22.7"
"288","Will Dissly","LAC","TE","9","2025","51.2","28.1","","","","20.5","1.6","","","","","","","12.2","24.2","24.2","9.5","37.7","22.4"
"289","LeQuint Allen","JAX","RB","17","2025","18.2","15.9","41.9","28.1","14.7","24.0","24.6","","30.8","21.9","8.3","5.7","31.3","24.2","22.2","23.3","20.9","11.1","22.1"
"290","Xavier Smith","LA","WR","16","2025","3.1","5.9","0.0","2.2","0.0","24.1","35.3","","17.6","48.6","10.7","","50.0","38.7","4.9","29.4","53.7","33.3","22.0"
"291","David Moore","CAR","WR","4","2025","15.0","10.2","88.9","0.0","","","","","","","","","","","","","","","22.0"
"292","Bam Knight","ARZ","RB","12","2025","","0.0","","0.0","10.8","25.5","28.3","","45.9","27.8","28.1","23.7","28.9","32.0","0.0","","","","21.6"
"293","Cade Stover","HST","TE","9","2025","35.3","","","","","","","","","","14.9","25.8","13.5","8.6","21.9","30.6","14.3","29.4","21.3"
"294","John FitzPatrick","GB","TE","15","2025","17.4","11.8","16.1","4.3","","15.6","21.2","24.3","13.2","2.4","41.4","50.0","12.5","34.6","56.5","6.5","","","21.2"
"295","Dylan Drummond","ATL","WR","9","2025","","","","","","","","9.4","2.5","","","33.3","42.9","64.5","33.3","0.0","0.0","2.7","21.1"
"296","Emanuel Wilson","GB","RB","17","2025","0.0","8.8","12.9","26.1","","18.8","24.2","29.7","28.9","26.2","62.1","12.5","9.4","15.4","8.7","25.8","21.9","17.6","21.0"
"297","Julian Hill","MIA","TE","14","2025","27.8","16.2","17.1","37.0","27.5","25.0","30.6","","","","13.0","","13.8","4.5","21.2","6.5","24.0","20.0","20.9"
"298","Mitchell Evans","CAR","TE","17","2025","5.0","5.1","18.5","44.7","23.5","33.3","33.3","9.4","21.7","18.5","24.0","8.8","20.8","","19.4","16.7","32.3","31.4","20.9"
"299","Josh Oliver","MIN","TE","15","2025","16.7","10.0","10.3","11.1","19.5","","17.4","2.8","","","9.4","32.0","20.6","20.7","30.8","27.6","76.0","32.4","20.9"
"300","Braxton Berrios","HST","WR","4","2025","","","","","","","48.1","33.3","0.0","0.0","","","","","","","","","20.8"
"301","Darius Cooper","PHI","WR","13","2025","3.0","8.0","8.1","","","","","33.3","","13.8","3.2","11.6","29.4","20.9","27.3","5.4","17.2","73.3","20.7"
"302","Grant Calcaterra","PHI","TE","15","2025","30.3","80.0","2.7","25.8","11.1","","","29.6","","13.8","9.7","18.6","2.9","9.3","27.3","10.8","24.1","35.6","20.5"
"303","Emari Demercado","ARZ","RB","13","2025","0.0","0.0","5.0","31.4","24.3","2.1","","","18.9","38.9","15.8","","","","11.6","30.3","56.1","22.5","20.5"
"304","Scott Miller","PIT","WR","13","2025","11.8","15.4","8.3","20.0","","48.4","8.6","","","","0.0","2.9","","0.0","13.3","26.7","69.0","24.0","20.4"
"305","Jahdae Walker","CHI","WR","7","2025","","","","0.0","","","","2.4","4.5","","","","","2.6","","24.3","67.4","37.1","20.1"
"306","Tyler Badie","DEN","RB","16","2025","25.6","28.1","3.1","15.9","32.6","","18.9","10.3","30.8","33.3","12.2","","33.3","9.3","8.3","26.5","13.6","12.1","20.0"
"307","Tanner Hudson","CIN","TE","13","2025","","","","0.0","2.2","32.6","","25.0","20.0","","41.5","28.2","8.3","10.8","36.4","25.0","17.1","7.1","19.9"
"308","Charlie Woerner","ATL","TE","17","2025","14.9","41.7","4.4","39.3","","34.3","14.3","12.5","5.0","19.4","9.7","22.2","14.3","6.5","33.3","41.7","35.0","2.7","19.5"
"309","Luke Schoonmaker","DAL","TE","17","2025","11.4","19.3","23.4","19.5","33.3","23.5","18.2","33.3","10.4","","17.6","17.5","15.4","13.0","10.0","11.1","35.6","19.2","19.4"
"310","Tip Reiman","ARZ","TE","4","2025","32.4","","32.5","3.9","13.5","","","","","","","","","","","","","","19.4"
"311","Tyler Conklin","LAC","TE","10","2025","24.4","31.3","26.4","22.7","25.0","0.0","","0.0","","17.5","","","3.6","","","","","30.2","19.3"
"312","Luke Farrell","SF","TE","17","2025","30.8","41.9","16.7","37.5","24.0","19.1","25.0","2.8","14.3","17.9","7.4","6.1","6.3","","13.5","33.3","7.9","9.4","19.3"
"313","Tylan Wallace","BLT","WR","14","2025","9.1","45.5","63.2","35.0","4.8","7.5","","8.0","0.0","0.0","32.3","27.6","","2.4","5.6","","","0.0","19.3"
"314","Brycen Tremayne","CAR","WR","16","2025","25.0","22.0","18.5","84.2","20.6","14.8","11.1","6.3","8.7","","26.0","2.9","8.3","","6.5","8.3","9.7","11.4","19.2"
"315","Jacory Croskey-Merritt","WAS","RB","17","2025","13.5","15.4","21.7","20.0","28.1","40.0","35.0","31.4","25.7","15.4","12.5","","5.5","3.1","11.5","12.0","22.2","14.3","19.1"
"316","Samori Toure","NO","WR","1","2025","","","","","","","","","","","","","","","","","","19.0","19.0"
"317","Cedrick Wilson","MIA","WR","10","2025","","","","","","","","25.0","7.0","9.5","26.1","","6.9","9.1","9.1","25.8","36.0","40.0","18.9"
"318","Stone Smartt","NYJ","TE","8","2025","","","","","","0.0","","","","0.0","","","2.4","7.5","19.5","38.6","31.4","45.8","18.9"
"319","J.K. Dobbins","DEN","RB","10","2025","18.6","15.6","46.9","9.1","9.3","24.2","26.4","20.7","10.3","10.0","","","","","","","","","18.8"
"320","Mitchell Tinsley","CIN","WR","17","2025","7.1","8.3","6.5","10.3","2.2","8.7","4.1","13.9","24.0","","4.9","69.2","60.4","2.7","38.6","16.7","24.4","4.8","18.7"
"321","Tahj Washington","MIA","WR","6","2025","","","","","7.5","","","","18.6","14.3","0.0","","","","","","20.0","50.0","18.7"
"322","Johnny Mundt","JAX","TE","16","2025","18.2","6.8","9.3","12.5","11.8","26.0","28.1","","25.6","50.0","29.2","37.1","15.6","","0.0","14.0","9.3","8.3","18.6"
"323","Jimmy Horn","CAR","WR","13","2025","","","","","26.5","18.5","22.2","12.5","30.4","14.8","10.0","23.5","8.3","","6.5","16.7","25.8","28.6","18.6"
"324","Mo Alie-Cox","IND","TE","17","2025","27.3","23.7","14.8","14.3","18.8","36.4","13.9","17.1","17.9","28.2","","12.1","21.4","15.4","7.1","10.5","12.1","21.1","18.5"
"325","Charlie Kolar","BLT","TE","17","2025","36.4","45.5","26.3","7.5","23.8","12.5","","24.0","18.5","24.2","12.9","13.8","10.5","9.5","11.1","27.3","8.3","9.5","18.5"
"326","Devontez Walker","BLT","WR","11","2025","","15.2","15.8","7.5","0.0","","","","","","16.1","24.1","23.7","","44.4","0.0","12.5","57.1","18.4"
"327","Ben Sinnott","WAS","TE","16","2025","0.0","5.8","30.4","20.0","12.5","11.4","17.5","5.7","8.6","23.1","","","3.6","9.4","38.5","56.0","63.0","39.3","18.4"
"328","Drake Dabney","GB","TE","2","2025","","","","","","","","","","","","","","","","","9.4","35.3","18.4"
"329","Raheem Mostert","LV","RB","12","2025","","","","8.7","48.8","12.0","25.0","","7.0","8.6","12.2","21.4","0.0","28.9","26.7","11.5","","","18.4"
"330","Nick Chubb","HST","RB","15","2025","20.6","30.0","32.6","21.9","17.1","","18.5","16.7","19.1","6.1","14.9","6.5","29.7","8.6","","19.4","14.3","","18.3"
"331","Chris Rodriguez","WAS","RB","13","2025","","","8.7","23.3","18.8","2.9","10.0","0.0","20.0","30.8","25.0","","29.1","12.5","","40.0","","10.7","17.8"
"332","Keleki Latu","BUF","TE","5","2025","","","","","","","","","","","12.5","4.4","3.7","","","","19.0","53.3","17.6"
"333","KeAndre Lambert-Smith","LAC","WR","10","2025","17.1","9.4","","9.1","15.0","23.1","","","7.7","","","","","","30.3","18.2","9.5","30.2","17.2"
"334","Devin Singletary","NYG","RB","17","2025","13.3","4.4","18.4","20.0","28.3","3.0","0.0","12.9","35.9","11.6","41.9","10.3","23.3","","15.9","15.8","28.6","12.5","17.1"
"335","Jonathan Mingo","DAL","WR","6","2025","","","","","","","","","","","","2.5","","22.2","5.0","30.6","2.2","46.2","16.2"
"336","Bo Melton","GB","WR","9","2025","","","","","","","","","","38.1","0.0","4.2","12.5","19.2","6.5","0.0","37.5","23.5","16.1"
"337","Foster Moreau","NO","TE","11","2025","","","","","12.5","20.0","10.8","11.5","7.7","32.3","","11.5","17.8","12.5","22.0","18.2","","","15.9"
"338","Rasheen Ali","BLT","RB","15","2025","0.0","0.0","0.0","2.5","0.0","7.5","","0.0","0.0","","22.6","","47.4","33.3","50.0","31.8","41.7","4.8","15.8"
"339","Chris Brooks","GB","RB","17","2025","8.7","20.6","16.1","2.2","","3.1","15.2","0.0","21.1","4.8","3.4","25.0","34.4","19.2","19.6","32.3","34.4","17.6","15.7"
"340","Jaret Patterson","LAC","RB","6","2025","","","","","","","","0.0","7.7","2.5","","","3.6","","","","9.5","52.8","15.7"
"341","Ty Chandler","MIN","RB","3","2025","0.0","","","","","","","","","","","","","","","","8.0","32.4","15.7"
"342","Taysom Hill","NO","TE","13","2025","","","","","3.1","13.3","13.5","1.6","11.5","16.1","","9.6","11.1","33.3","19.5","34.5","9.7","28.6","15.6"
"343","Tyler Allgeier","ATL","RB","17","2025","10.6","8.3","6.7","3.6","","22.9","9.5","37.5","15.0","12.9","19.4","14.8","14.3","19.4","13.3","13.9","25.0","24.3","15.5"
"344","Cody White","SEA","WR","9","2025","8.0","","","","","","","","62.5","30.8","11.1","11.1","13.3","14.7","7.7","5.0","","","15.5"
"345","Bryce Oliver","TEN","WR","3","2025","8.8","12.2","","","","","","","","","","","","","","","","25.7","15.5"
"346","Jawhar Jordan","HST","RB","4","2025","","","","","","","","","","","","","","","15.6","27.8","3.6","11.8","15.4"
"347","Blake Corum","LA","RB","17","2025","15.6","20.6","11.4","15.6","8.3","13.8","11.8","","17.6","16.2","14.3","16.7","13.3","22.6","26.8","11.8","12.2","14.3","15.3"
"348","Ashton Dulin","IND","WR","12","2025","0.0","7.9","11.1","11.4","81.3","3.0","","17.1","5.4","12.8","","9.1","","","","","12.1","21.1","15.3"
"349","Eric Saubert","SEA","TE","11","2025","4.0","8.6","14.3","10.0","5.9","13.8","8.6","","","","","","","","15.4","22.5","19.4","43.3","15.2"
"350","Jackson Hawes","BUF","TE","17","2025","3.8","9.7","9.4","14.3","5.1","23.5","","24.0","20.0","28.3","9.4","13.3","25.9","8.3","18.2","39.1","7.1","13.3","15.0"
"351","Malachi Corley","CLV","WR","13","2025","","","","","5.6","1.7","13.0","5.3","","14.0","33.3","9.5","3.3","4.3","16.7","35.1","28.6","33.3","14.6"
"352","Thomas Fidone","NYG","TE","2","2025","","","","","","","5.4","","23.1","","","","","","","","","","14.5"
"353","Zamir White","LV","RB","5","2025","12.8","14.6","29.4","","","","","","","","","","","","","","11.4","3.2","14.4"
"354","Will Shipley","PHI","RB","15","2025","6.1","","","6.5","13.3","5.3","11.5","11.1","","20.7","9.7","14.0","8.8","14.0","9.1","16.2","6.9","48.9","14.4"
"355","Brashard Smith","KC","RB","17","2025","12.8","5.3","4.9","17.5","8.7","13.2","22.5","7.5","13.2","","18.4","24.1","5.0","9.5","2.5","12.9","24.0","37.5","14.1"
"356","Quintin Morris","JAX","TE","13","2025","","0.0","","0.0","0.0","0.0","","","","31.3","62.5","14.3","12.5","12.1","19.4","16.3","11.6","22.2","13.7"
"357","Ian Thomas","LV","TE","15","2025","0.0","0.0","8.8","21.7","34.1","8.0","10.0","","4.7","0.0","10.2","17.9","32.1","31.6","","","17.1","12.9","13.6"
"358","Evan Hull","NO","RB","6","2025","","","","","","","","","","","","","13.3","8.3","17.1","16.4","16.1","7.1","13.4"
"359","Bhayshul Tuten","JAX","RB","15","2025","0.0","13.6","14.0","15.6","11.8","12.0","19.3","","12.8","28.1","16.7","17.1","6.3","0.0","19.4","","","11.1","13.4"
"360","Kylen Granson","PHI","TE","17","2025","9.1","8.0","2.7","3.2","20.0","13.2","23.1","3.7","","10.3","16.1","4.7","0.0","0.0","13.6","2.7","0.0","73.3","13.0"
"361","Blake Whiteheart","CLV","TE","16","2025","2.1","2.0","0.0","10.5","0.0","20.7","34.8","5.3","","2.3","","0.0","3.3","25.5","11.9","27.0","46.4","30.0","13.0"
"362","Zavier Scott","MIN","RB","11","2025","","","20.7","40.7","7.3","","10.9","11.1","0.0","","","","8.8","3.4","","10.3","0.0","8.8","12.9"
"363","Miles Sanders","DAL","RB","4","2025","5.7","14.0","17.0","12.2","","","","","","","","","","","","","","","12.8"
"364","Trent Sherfield","ARZ, DEN","WR","12","2025","30.2","25.0","21.9","22.7","7.0","6.1","5.7","0.0","0.0","3.3","","","","12.0","14.0","","","","12.5"
"365","Dee Eskridge","MIA","WR","13","2025","36.1","5.4","5.7","0.0","0.0","19.4","30.6","0.0","14.0","","","","6.9","4.5","21.2","9.7","","","12.5"
"366","Keaton Mitchell","BLT","RB","13","2025","","","","","4.8","2.5","","4.0","11.1","0.0","29.0","13.8","15.8","7.1","22.2","27.3","16.7","19.0","12.4"
"367","Britain Covey","PHI","WR","6","2025","","","","","","","","","","","","","0.0","0.0","9.1","0.0","0.0","53.3","12.4"
"368","Tay Martin","WAS","WR","3","2025","","","","10.0","21.9","5.7","","","","","","","","","","","","","12.4"
"369","Jaylen Wright","MIA","RB","10","2025","","","","","","","19.4","3.6","","4.8","0.0","","3.4","27.3","9.1","29.0","4.0","16.7","12.2"
"370","Beaux Collins","NYG","WR","9","2025","2.2","0.0","7.9","26.7","37.0","6.1","5.4","29.0","0.0","","","","","","","","","","12.2"
"371","Jalen Royals","KC","WR","7","2025","","","","7.5","2.2","0.0","0.0","","","","","","","","","0.0","4.0","65.0","11.9"
"372","Najee Harris","LAC","RB","3","2025","12.2","21.9","5.7","","","","","","","","","","","","","","","","11.9"
"373","Raheim Sanders","CLV","RB","4","2025","0.0","","","","","","","","","","","","","","","13.5","32.1","10.0","11.9"
"374","Brittain Brown","CHI","RB","2","2025","","","","","","","","","20.5","","","","","","0.0","","","","11.8"
"375","Efton Chism","NE","WR","8","2025","","","","","","0.0","5.6","","5.0","2.8","2.7","","0.0","","","","64.3","28.6","11.8"
"376","Ameer Abdullah","IND","RB","13","2025","","","","","6.3","6.1","5.6","17.1","7.1","7.7","","9.1","0.0","33.3","21.4","7.9","12.1","18.4","11.8"
"377","Nate Adkins","DEN","TE","9","2025","","","15.6","22.7","18.6","12.1","15.1","6.9","","","","","","","5.6","4.1","","0.0","11.6"
"378","Braelon Allen","NYJ","RB","4","2025","12.0","9.7","17.0","5.7","","","","","","","","","","","","","","","11.6"
"379","Ollie Gordon","MIA","RB","17","2025","22.2","5.4","2.9","14.8","15.0","11.1","16.7","14.3","7.0","4.8","8.7","","20.7","18.2","9.1","3.2","0.0","20.0","11.5"
"380","Derius Davis","LAC","WR","11","2025","7.3","3.1","7.5","","","","3.3","2.9","2.6","2.5","15.6","","0.0","0.0","","","","64.2","11.5"
"381","Malik Davis","DAL","RB","10","2025","","","","","","","0.0","2.4","2.1","","11.8","15.0","2.6","0.0","27.5","22.2","33.3","","11.4"
"382","Jelani Woods","NYJ","TE","4","2025","","","","","","","","0.0","","","","","","","26.8","11.4","5.7","","11.4"
"383","Gunner Olszewski","NYG","WR","16","2025","0.0","0.0","2.6","0.0","0.0","3.0","2.7","0.0","7.7","37.2","0.0","5.1","3.3","","","5.3","14.3","87.5","11.4"
"384","Mason Kinsey","TEN","WR","10","2025","","","","","","","7.7","4.7","3.8","","60.5","8.0","","0.0","0.0","0.0","13.0","0.0","11.3"
"385","Jaydon Blue","DAL","RB","5","2025","","","","","3.0","2.9","9.1","4.8","","","","","","","","","","46.2","11.3"
"386","Shedrick Jackson","LV","WR","5","2025","","","","","","","10.0","","","","","","","5.3","10.0","","17.1","12.9","11.0"
"387","Tucker Fisk","LAC","TE","10","2025","","","5.7","11.4","5.0","20.5","4.9","17.6","10.3","17.5","3.1","","21.4","","","","","","11.0"
"388","Durham Smythe","CHI","TE","17","2025","2.3","2.5","10.3","26.8","","3.0","18.5","9.8","13.6","7.3","11.1","18.4","10.0","23.1","12.5","2.7","6.5","8.6","10.9"
"389","Will Mallory","IND","TE","2","2025","","","","","12.5","","","","","","","","","","","","9.1","","10.8"
"390","Tom Kennedy","DET","WR","6","2025","","","","","","","","","","","","","67.7","11.4","0.0","0.0","0.0","2.2","10.7"
"391","Ben Sims","GB, MIN","TE","9","2025","","","","","","0.0","","","","0.0","","0.0","0.0","24.1","15.4","3.4","20.0","35.3","10.3"
"392","Brevyn Spann-Ford","DAL","TE","17","2025","11.4","3.5","6.4","4.9","15.2","8.8","0.0","14.3","4.2","","14.7","5.0","7.7","5.6","10.0","8.3","42.2","15.4","10.2"
"393","Jordan Watkins","SF","WR","4","2025","","","","","","","","11.1","21.4","5.1","","","","","","5.6","","","10.1"
"394","Skyy Moore","SF","WR","17","2025","2.6","0.0","59.5","5.0","4.0","4.3","7.1","16.7","10.7","23.1","0.0","9.1","0.0","","0.0","8.3","2.6","9.4","9.9"
"395","Dare Ogunbowale","HST","RB","17","2025","23.5","10.0","0.0","0.0","2.9","","5.6","9.5","14.9","8.2","6.4","3.2","5.4","0.0","40.6","22.2","7.1","11.8","9.8"
"396","Savion Williams","GB","WR","12","2025","4.3","11.8","9.7","10.9","","15.6","9.1","5.4","23.7","9.5","6.9","4.2","","","","0.0","","","9.8"
"397","Harrison Bryant","HST","TE","12","2025","","20.0","7.0","3.1","20.0","","20.4","7.1","10.6","2.0","","","","","0.0","11.1","3.6","8.8","9.7"
"398","Josiah Deguara","ARZ","TE","12","2025","","0.0","","","","","8.7","","8.1","3.7","5.3","18.6","0.0","8.0","9.3","24.2","17.1","12.5","9.6"
"399","KhaDarel Hodge","ATL","WR","11","2025","17.0","0.0","4.4","","","0.0","4.8","65.6","0.0","0.0","6.5","11.1","","","0.0","","","","9.5"
"400","Brenden Bates","CLV, HST","TE","9","2025","","","","3.1","8.6","","0.0","","","","0.0","9.5","","","11.9","13.5","25.0","20.0","9.3"
"401","Brian Robinson","SF","RB","17","2025","12.8","9.3","7.1","5.0","8.0","10.6","10.7","5.6","7.1","10.3","14.8","9.1","6.3","","5.4","13.9","13.2","6.3","9.1"
"402","Ray Davis","BUF","RB","17","2025","9.6","12.9","6.3","3.6","2.6","5.9","","12.0","3.3","6.5","0.0","8.9","11.1","2.8","6.1","13.0","9.5","46.7","9.1"
"403","Jake Bobo","SEA","WR","11","2025","","8.6","9.5","6.7","5.9","6.9","14.3","","","","","3.7","","5.9","7.7","","25.8","3.3","9.0"
"404","Kendre Miller","NO","RB","7","2025","4.1","2.5","17.8","0.0","28.1","13.3","0.0","","","","","","","","","","","","9.0"
"405","Corey Kiner","ARZ","RB","4","2025","","","","","","","","","","","","","","","4.7","6.1","2.4","22.5","8.9"
"406","Andrew Ogletree","IND","TE","15","2025","9.1","7.9","11.1","2.9","15.6","12.1","11.1","11.4","7.1","15.4","","9.1","7.1","5.1","3.6","5.3","","","8.9"
"407","Khalil Herbert","NYJ","RB","5","2025","","","","","0.0","","","","","","","","","0.0","7.3","","17.1","33.3","8.8"
"408","Michael Bandy","DEN","WR","4","2025","","","","","","","","","15.4","3.3","","","","","2.8","","11.4","","8.7"
"409","Hassan Haskins","LAC","RB","11","2025","2.4","0.0","7.5","4.5","17.5","20.5","29.5","","","","","","","0.0","","0.0","0.0","0.0","8.4"
"410","Ben Skowronek","PIT","WR","16","2025","11.8","7.7","4.2","32.0","","12.9","0.0","12.8","10.3","5.9","15.2","11.8","4.0","11.4","0.0","0.0","","2.0","8.3"
"411","Elijah Mitchell","KC","RB","1","2025","","","","","","","","","","","8.2","","","","","","","","8.2"
"412","Payne Durham","TB","TE","17","2025","8.1","6.7","9.1","0.0","2.6","0.0","14.8","14.8","","8.9","3.0","2.4","15.2","2.9","30.0","0.0","6.0","10.7","8.1"
"413","Brandon Smith","NYJ","WR","1","2025","","","","","","","","7.9","","","","","","","","","","","7.9"
"414","Tank Bigsby","PHI, JAX","RB","16","2025","15.2","","0.0","0.0","0.0","0.0","7.7","3.7","","6.9","9.7","4.7","0.0","11.6","27.3","0.0","3.4","35.6","7.8"
"415","Ross Dwelley","DET","TE","10","2025","","","0.0","0.0","3.6","3.2","2.9","","","11.4","0.0","2.2","48.4","8.6","","","","","7.8"
"416","Dalevon Campbell","CAR","WR","2","2025","","","0.0","13.2","","","","","","","","","","","","","","","7.7"
"417","Phil Mafah","DAL","RB","1","2025","","","","","","","","","","","","","","","","","","7.7","7.7"
"418","Clyde Edwards-Helaire","KC","RB","2","2025","","","","","","","","","0.0","","","13.0","","","","","","","7.6"
"419","Anthony Gould","IND","WR","11","2025","0.0","0.0","0.0","0.0","6.3","0.0","58.3","2.9","","","","0.0","0.0","10.3","","","","","7.6"
"420","Jeff Wilson","MIA","RB","2","2025","2.8","","","","","","","","","","","","","","","","","13.3","7.6"
"421","Moliki Matavao","NO","TE","6","2025","0.0","0.0","","0.0","","","","","","","","","","","","12.7","29.0","7.1","7.5"
"422","Antonio Gibson","NE","RB","5","2025","5.7","10.0","12.8","4.5","2.8","","","","","","","","","","","","","","7.4"
"423","Tim Jones","JAX, MIN","WR","4","2025","12.5","0.0","","","","","","","12.8","3.1","","","","","","","","","7.2"
"424","Sean Tucker","TB","RB","17","2025","0.0","2.2","0.0","0.0","18.4","12.0","5.6","11.1","","20.0","18.2","23.8","3.0","2.9","2.5","0.0","2.0","0.0","7.2"
"425","Jack Stoll","NO","TE","15","2025","8.2","2.5","13.3","11.4","3.1","3.3","10.8","6.6","3.8","","","7.7","2.2","12.5","4.9","12.7","0.0","","7.1"
"426","James Mitchell","CAR","TE","5","2025","","","","15.8","8.8","3.7","","","","","","","0.0","","","","","2.9","7.0"
"427","Simi Fehoko","ARZ","WR","7","2025","","","0.0","0.0","2.7","8.5","0.0","","0.0","29.6","","","","","","","","","6.7"
"428","Jared Wiley","KC","TE","4","2025","","","","","","","","","","","","","10.0","","","3.2","4.0","7.5","6.6"
"429","Jaleel McLaughlin","DEN","RB","8","2025","","","","","","9.1","","","","","4.9","","10.4","4.7","8.3","4.1","2.3","9.1","6.4"
"430","AJ Dillon","PHI","RB","7","2025","6.1","4.0","5.4","3.2","8.9","13.2","","","","","","","","","","","","2.2","6.3"
"431","Jacoby Jones","WAS","WR","1","2025","","","","","","","","","","","6.3","","","","","","","","6.3"
"432","D'Ernest Johnson","NE, ARZ","RB","6","2025","","","","","","","15.2","","","2.8","8.1","","","","","2.0","7.1","0.0","6.2"
"433","Kameron Johnson","TB","WR","17","2025","0.0","4.4","3.0","6.8","7.9","48.0","16.7","0.0","","11.1","0.0","2.4","0.0","8.6","0.0","0.0","0.0","0.0","6.1"
"434","DeeJay Dallas","CAR, JAX","RB","5","2025","","","","","20.6","3.7","","","","","","","","","","0.0","7.0","0.0","6.0"
"435","Ja'Corey Brooks","WAS","WR","1","2025","","","","","","5.7","","","","","","","","","","","","","5.7"
"436","Dareke Young","SEA","WR","9","2025","","5.7","14.3","0.0","8.8","3.4","0.0","","","","","","","","","0.0","19.4","3.3","5.6"
"437","Devin Culp","TB","TE","11","2025","","","","0.0","5.3","0.0","1.9","0.0","","8.9","3.0","0.0","3.0","0.0","35.0","","","","5.5"
"438","Pharaoh Brown","ARZ","TE","7","2025","","","","","","","","","","","3.5","5.1","6.7","2.0","7.0","9.1","","7.5","5.5"
"439","Colson Yankoff","WAS","TE","14","2025","2.7","1.9","8.7","3.3","3.1","2.9","2.5","","","0.0","9.4","","1.8","15.6","19.2","","0.0","14.3","5.5"
"440","LaJohntay Wester","BLT","WR","16","2025","0.0","0.0","0.0","2.5","4.8","5.0","","","0.0","0.0","9.7","3.4","2.6","11.9","16.7","4.5","8.3","28.6","5.4"
"441","CJ Dippre","NE","TE","2","2025","","","","","","","","","","","","","","","","","7.1","3.6","5.4"
"442","Sean McKeon","IND","TE","1","2025","","","","","","","","","","","","","","","","","","5.3","5.3"
"443","Treyton Welch","NO","TE","3","2025","","","6.7","","","","","","","","","","","","","","3.2","4.8","5.1"
"444","Chris Blair","ATL","WR","3","2025","","","","","","","","","","","","","","","6.7","5.6","0.0","","5.0"
"445","Stephen Carlson","CHI","TE","2","2025","","","","9.8","","","","0.0","","","","","","","","","","","4.9"
"446","Laquon Treadwell","IND","WR","9","2025","","","","","","","0.0","","","0.0","","0.0","3.6","20.5","0.0","7.9","0.0","7.9","4.8"
"447","Jason Brownlee","KC","WR","6","2025","6.4","13.2","4.9","","0.0","0.0","","","","","","","","","","","","5.0","4.8"
"448","Tyler Goodson","IND","RB","11","2025","","","7.4","11.4","","","","2.9","14.3","2.6","","0.0","0.0","0.0","0.0","2.6","","5.3","4.8"
"449","Ben Yurosek","MIN","TE","12","2025","4.2","3.3","6.9","","","","0.0","19.4","3.2","0.0","0.0","","","","0.0","0.0","8.0","11.8","4.6"
"450","Nick Vannett","LA, MIN","TE","5","2025","","","","0.0","0.0","","","","16.1","","","","","0.0","","","","9.5","4.5"
"451","Giovanni Ricci","DET","TE","3","2025","","","","","","","","","","","","","","","0.0","3.5","11.8","","4.5"
"452","Ryan Miller","TB","WR","13","2025","8.1","4.4","9.1","4.5","5.3","12.0","7.4","0.0","","0.0","6.1","0.0","3.0","0.0","","","","","4.5"
"453","David Martin-Robinson","TEN","TE","15","2025","0.0","","0.0","","7.1","4.5","5.1","4.7","0.0","","0.0","0.0","2.4","6.9","6.9","6.5","2.2","22.9","4.3"
"454","DJ Giddens","IND","RB","9","2025","3.0","10.5","0.0","5.7","3.1","0.0","0.0","","","","","","","","","","0.0","13.2","4.3"
"455","Robert Tonyan","KC","TE","16","2025","4.3","7.9","7.3","2.5","6.5","0.0","5.0","5.0","2.6","","12.2","3.7","2.5","0.0","0.0","0.0","","5.0","4.2"
"456","Malik Turner","SF","WR","3","2025","","","0.0","","6.0","","7.1","","","","","","","","","","","","4.2"
"457","Travis Vokolek","ARZ","TE","3","2025","0.0","10.3","","","2.7","","","","","","","","","","","","","","3.9"
"458","Kene Nwangwu","NYJ","RB","10","2025","0.0","","","","","0.0","2.3","","","0.0","0.0","0.0","","0.0","","0.0","11.4","29.2","3.7"
"459","Mecole Hardman","BUF","WR","2","2025","","","","","","","","","","","6.3","","","","","0.0","","","3.6"
"460","Tai Felton","MIN","WR","14","2025","0.0","","6.9","0.0","0.0","","0.0","11.1","0.0","","0.0","0.0","0.0","13.8","0.0","13.8","","8.8","3.6"
"461","Tahj Brooks","CIN","RB","12","2025","0.0","0.0","9.7","0.0","","","0.0","0.0","2.0","","9.8","7.7","","","2.3","2.8","9.8","","3.6"
"462","Alex Bachman","LV","WR","13","2025","2.6","2.1","0.0","","7.3","4.0","5.0","","0.0","5.7","","0.0","0.0","","","11.5","11.4","0.0","3.5"
"463","Devin Duvernay","CHI","WR","17","2025","0.0","0.0","0.0","0.0","","0.0","0.0","22.0","2.3","0.0","0.0","0.0","0.0","2.6","12.5","5.4","10.9","0.0","3.4"
"464","Ke'Shawn Williams","CIN, PIT","WR","11","2025","","","","","","3.2","0.0","2.6","5.1","0.0","0.0","0.0","12.0","","","2.8","12.2","0.0","3.3"
"465","Zaire Mitchell-Paden","NO, BLT","TE","8","2025","4.5","6.1","5.3","2.5","9.5","0.0","","","","3.2","","0.0","","","","","","","3.2"
"466","Nick Kallerup","SEA","TE","9","2025","","","","","","","","","0.0","7.7","4.4","3.7","3.3","11.8","0.0","0.0","0.0","","3.2"
"467","Amar Johnson","LAC","RB","1","2025","","","","","","","","","","","3.1","","","","","","","","3.1"
"468","Dameon Pierce","KC, HST","RB","5","2025","8.8","","","","8.6","","","0.0","","0.0","","","","","","","","0.0","3.0"
"469","Deven Thompkins","ATL","WR","7","2025","","","","","","0.0","","","","","","","11.4","9.7","0.0","0.0","0.0","0.0","2.9"
"470","Kaleb Johnson","PIT","RB","10","2025","2.9","2.6","","12.0","","0.0","","","5.1","2.9","0.0","","4.0","0.0","0.0","","","","2.8"
"471","Maurice Alexander","CHI","WR","1","2025","","","","","","","","","","","","","","","","2.7","","","2.7"
"472","Cam Grandy","CIN","TE","5","2025","","","9.7","0.0","","","2.0","","","","","","","","0.0","2.8","","","2.6"
"473","Steven Sims","ARZ","WR","3","2025","","","","","","","","","","","","","","","","3.0","4.9","0.0","2.6"
"474","Chris Manhertz","NYG","TE","17","2025","6.7","2.2","5.3","0.0","0.0","3.0","2.7","0.0","2.6","0.0","0.0","2.6","0.0","","0.0","0.0","2.9","12.5","2.6"
"475","Jimmy Holiday","KC","WR","1","2025","","","","","","","","","","","","","","","","","","2.5","2.5"
"476","George Holani","SEA","RB","10","2025","0.0","0.0","33.3","0.0","0.0","0.0","0.0","","0.0","0.0","0.0","","","","","","","","2.4"
"477","Trevor Etienne","CAR","RB","17","2025","0.0","1.7","3.7","2.6","14.7","3.7","5.6","0.0","4.3","0.0","2.0","0.0","4.2","","0.0","0.0","0.0","0.0","2.4"
"478","Cameron Latu","PHI","TE","15","2025","","0.0","0.0","3.2","0.0","2.6","0.0","3.7","","0.0","0.0","2.3","2.9","2.3","0.0","","0.0","13.3","2.4"
"479","Dylan Laube","LV","RB","17","2025","0.0","20.8","5.9","0.0","0.0","0.0","10.0","","0.0","0.0","0.0","0.0","0.0","0.0","0.0","0.0","0.0","0.0","2.3"
"480","Cam Akers","SEA, MIN","RB","4","2025","","","6.9","","0.0","","","","","","","","","","","","0.0","3.3","2.3"
"481","Nyheim Hines","NO, LAC","RB","4","2025","","","","","","2.6","1.6","2.9","","","","","","","","","","2.4","2.3"
"482","Carter Runyon","LV","TE","10","2025","","","","","2.4","0.0","10.0","","","","0.0","0.0","0.0","2.6","","3.8","0.0","6.5","2.0"
"483","Julius Chestnut","TEN","RB","17","2025","5.9","9.8","2.2","13.3","2.4","0.0","0.0","0.0","0.0","","0.0","2.0","0.0","0.0","0.0","0.0","0.0","0.0","2.0"
"484","Connor Heyward","PIT","TE","16","2025","0.0","2.6","0.0","16.0","","3.2","2.9","0.0","2.6","0.0","0.0","0.0","","2.9","0.0","2.2","0.0","2.0","1.9"
"485","Brayden Willis","SF","TE","6","2025","","7.0","0.0","2.5","2.0","0.0","","","","","","","","","","","0.0","","1.9"
"486","Dalen Cambre","NYG","WR","6","2025","","","","","","","","","","","0.0","0.0","3.3","","4.5","","0.0","2.5","1.8"
"487","Terrell Jennings","NE","RB","6","2025","","","","","","","0.0","0.0","10.0","0.0","","0.0","0.0","","","","","","1.8"
"488","Charlie Jones","CIN","WR","14","2025","0.0","0.0","6.5","0.0","0.0","0.0","0.0","0.0","0.0","","0.0","15.4","0.0","5.4","0.0","","","","1.8"
"489","Hayden Rucci","MIA","TE","4","2025","","","","","","","","0.0","0.0","4.8","4.3","","","","","","","","1.7"
"490","Xavier Gipson","PHI, NYJ","WR","6","2025","0.0","","","","","","0.0","7.4","","0.0","0.0","2.3","","","","","","","1.7"
"491","E.J. Jenkins","PHI","TE","2","2025","","","","","","","0.0","","","","","","","","","2.7","","","1.6"
"492","Marcedes Lewis","DEN","TE","5","2025","","","","","","","","","0.0","3.3","2.4","","","0.0","","","2.3","","1.5"
"493","Coleman Owen","IND","WR","2","2025","","","","","","","","","","","","","","","0.0","2.6","","","1.5"
"494","Zach Horton","DET","TE","2","2025","","","","","","","","","","","","","3.2","","","","","0.0","1.3"
"495","Travis Homer","CHI","RB","8","2025","","","","","","","0.0","0.0","9.1","","0.0","","0.0","0.0","","","0.0","0.0","1.3"
"496","Nikko Remigio","KC","WR","14","2025","2.1","2.6","4.9","0.0","0.0","2.6","0.0","0.0","0.0","","0.0","0.0","0.0","","0.0","6.5","","","1.2"
"497","Chase Edmonds","WAS","RB","3","2025","","","","","","","","","","","0.0","","","","0.0","","3.7","","1.2"
"498","Kalel Mullings","TEN","RB","5","2025","","","","","","","","","","","","0.0","4.8","","0.0","0.0","0.0","","1.0"
"499","Owen Wright","TB","RB","3","2025","","","","","","0.0","","","","","0.0","2.4","","","","","","","1.0"
"500","Teagan Quitoriano","ATL","TE","15","2025","0.0","0.0","0.0","0.0","","0.0","","0.0","","0.0","0.0","14.8","0.0","0.0","0.0","0.0","5.0","0.0","1.0"
"501","Jalen Cropper","DAL","WR","3","2025","","","","0.0","0.0","2.9","","","","","","","","","","","","","0.9"
"502","Ko Kieft","TB","TE","3","2025","2.7","0.0","0.0","","","","","","","","","","","","","","","","0.9"
"503","Ronnie Rivers","LA","RB","7","2025","","","","","","","2.9","","","","","","0.0","0.0","0.0","0.0","2.4","0.0","0.7"
"504","Roschon Johnson","CHI","RB","6","2025","","0.0","0.0","0.0","","3.0","0.0","","","","0.0","","","","","","","","0.5"
"505","Myles Price","MIN","WR","16","2025","0.0","0.0","3.4","0.0","0.0","","0.0","0.0","0.0","0.0","0.0","0.0","0.0","0.0","0.0","0.0","0.0","","0.2"
"506","Feleipe Franks","ATL","TE","12","2025","0.0","","","0.0","","0.0","","0.0","0.0","0.0","0.0","0.0","0.0","0.0","","0.0","","0.0","0.0"
"507","DeAndre Carter","CLV","WR","4","2025","0.0","0.0","0.0","0.0","","","","","","","","","","","","","","","0.0"
"508","Josh Williams","TB","RB","2","2025","","","","","0.0","","","0.0","","","","","","","","","","","0.0"
"509","Craig Reynolds","DET","RB","6","2025","0.0","0.0","","0.0","0.0","0.0","","","","0.0","","","","","","","","","0.0"
"510","Jordan James","SF","RB","1","2025","","","","","","","","","","","","","","","","0.0","","","0.0"
"511","Malik Cunningham","DET","WR","1","2025","","","","","","","","","","","","","","0.0","","","","","0.0"
"512","Parris Campbell","DAL","WR","1","2025","","","","","","0.0","","","","","","","","","","","","","0.0"
"513","Jacob Saylors","DET","RB","11","2025","0.0","0.0","0.0","0.0","0.0","","0.0","","0.0","","0.0","0.0","","0.0","","0.0","","","0.0"
"514","Justin Shorter","LV","WR","5","2025","0.0","","0.0","0.0","","0.0","0.0","","","","","","","","","","","","0.0"
"515","Nate Carter","ATL","RB","4","2025","","0.0","0.0","","","","","0.0","","","","","","","","","","0.0","0.0"
"516","Trey Sermon","PIT","RB","3","2025","","","","0.0","","","","","0.0","0.0","","","","","","","","","0.0"
"517","Ricky White","SEA","WR","2","2025","","","","","","","","","0.0","0.0","","","","","","","","","0.0"
"518","Jordan Mims","TEN","RB","1","2025","","0.0","","","","","","","","","","","","","","","","","0.0"
"519","Princeton Fant","DAL","TE","1","2025","","","","","","","","","0.0","","","","","","","","","","0.0"
"520","Myles Gaskin","SEA","RB","1","2025","","","","","","","","","","","","","0.0","","","","","","0.0"
"521","Eric Gray","NYG","RB","2","2025","","","","","","","","","","","","0.0","","","","","0.0","","0.0"
"522","Jeshaun Jones","MIN","WR","1","2025","","","","","","","","","","","","","","","","","","0.0","0.0"
"523","Gary Brightwell","CIN","RB","2","2025","","","","","","","","","","","","0.0","0.0","","","","","","0.0"
"524","Ulysses Bentley","IND","RB","1","2025","0.0","","","","","","","","","","","","","","","","","","0.0"
"525","Jacardia Wright","SEA","RB","1","2025","","","0.0","","","","","","","","","","","","","","","","0.0"
"526","Lawrence Cager","WAS","TE","1","2025","","","","","","","","","","","","","","","","0.0","","","0.0"
"527","Jamal Agnew","ATL","WR","11","2025","0.0","","","0.0","","0.0","0.0","0.0","0.0","0.0","0.0","0.0","0.0","0.0","","","","","0.0"
"528","Tejhaun Palmer","ARZ","WR","1","2025","","","","","","","","","","","","","","","","","","0.0","0.0"
"529","Lew Nichols","PIT","RB","1","2025","","","","","","","","","0.0","","","","","","","","","","0.0"
"530","Sione Vaki","DET","RB","8","2025","","","0.0","","","","","","0.0","0.0","","","0.0","0.0","0.0","","0.0","0.0","0.0"
"531","Dan Chisena","CAR","WR","1","2025","","","","","","","","","","0.0","","","","","","","","","0.0"
"532","Nikola Kalinic","CHI","TE","2","2025","","","","","","","","","","","","0.0","","","","","","0.0","0.0"
"533","Isaac Guerendo","SF","RB","7","2025","0.0","0.0","0.0","","0.0","","0.0","","0.0","","","","0.0","","","","","","0.0"
"534","Velus Jones","NO, SEA","RB","6","2025","0.0","","0.0","0.0","0.0","","","","","","","","","0.0","0.0","","","","0.0"
"535","Jackson Meeks","DET","WR","2","2025","","","","0.0","","","","","","","0.0","","","","","","","","0.0"
"536","DJ Turner","LV","WR","1","2025","","","","","","","","","","","","","","0.0","","","","","0.0"
"537","River Cracraft","WAS","WR","2","2025","","","","","","","","","","","","","","","","","0.0","0.0","0.0"
"538","Avery Williams","NYJ","RB","1","2025","","","","","0.0","","","","","","","","","","","","","","0.0"
"539","Kendall Milton","CIN","RB","1","2025","","","","","","","","","","","0.0","","","","","","","","0.0"
"540","Zach Davidson","NYG","TE","1","2025","","","","","","","","","","","","","","","","","0.0","","0.0"
"541","Kaden Davis","CLV","WR","2","2025","","","0.0","","","","","","","","0.0","","","","","","","","0.0"
"542","Dominic Lovett","DET","WR","8","2025","","0.0","0.0","0.0","0.0","0.0","","","","0.0","0.0","","","0.0","","","","","0.0"

"Rank","Rank, Most to Least"
"Name","Full name of the player or team"
"Team","Team(s) played for"
"POS","Player Position"
"G","Games Played"
"W1","Week 1"
"W2","Week 2"
"W3","Week 3"
"W4","Week 4"
"W5","Week 5"
"W6","Week 6"
"W7","Week 7"
"W8","Week 8"
"W9","Week 9"
"W10","Week 10"
"W11","Week 11"
"W12","Week 12"
"W13","Week 13"
"W14","Week 14"
"W15","Week 15"
"W16","Week 16"
"W17","Week 17"
"W18","Week 18"
"TM RTE %","Routes Run per Team Dropback"