"Player Details","","","","","","Snap Share","","","","","","","","","","","","","","","","","",""
"Rank","Name","Team","POS","G","Season","W1","W2","W3","W4","W5","W6","W7","W8","W9","W10","W11","W12","W13","W14","W15","W16","W17","W18","Snap %"
"1","Tre Tucker","LV","WR","17","2025","90.3","90.8","93.5","98.1","87.7","91.2","86.7","","96.7","100.0","96.6","94.7","95.7","93.8","92.9","100.0","100.0","98.3","94.6"
"2","Ja'Marr Chase","CIN","WR","16","2025","85.7","96.9","84.6","95.3","91.4","100.0","98.6","98.3","98.5","","98.4","","98.8","100.0","97.2","86.9","75.7","100.0","94.3"
"3","Justin Jefferson","MIN","WR","17","2025","100.0","100.0","79.3","100.0","100.0","","98.5","87.2","94.9","100.0","100.0","100.0","96.0","80.3","96.2","94.8","98.0","78.1","94.1"
"4","Jakobie Keeney-James","GB","WR","1","2025","","","","","","","","","","","","","","","","","","94.0","94.0"
"5","Cade Otton","TB","TE","16","2025","87.5","91.7","90.6","97.1","91.4","100.0","97.0","96.4","","97.0","97.1","85.1","96.5","82.6","","95.1","96.8","95.5","93.4"
"6","Trey McBride","ARZ","TE","17","2025","98.4","89.6","87.5","95.3","89.1","91.4","85.7","","87.7","84.9","88.7","89.5","88.5","96.7","92.1","96.4","96.3","96.2","91.1"
"7","Drake London","ATL","WR","12","2025","87.3","84.1","86.4","84.4","","97.0","98.3","","98.1","98.3","93.1","","","","","69.9","98.1","95.1","90.3"
"8","A.J. Brown","PHI","WR","15","2025","87.1","96.6","92.1","96.5","92.7","96.4","91.8","","","76.7","92.8","93.1","96.1","97.0","71.2","87.9","88.9","","90.2"
"9","Jameson Williams","DET","WR","17","2025","96.9","87.9","90.9","83.9","82.0","86.8","84.6","","90.3","86.8","94.9","96.9","95.0","91.2","90.3","94.2","82.8","94.4","90.1"
"10","Sam LaPorta","DET","TE","9","2025","90.8","84.5","83.3","92.9","93.4","96.2","96.9","","100.0","75.0","","","","","","","","","90.1"
"11","Wan'Dale Robinson","NYG","WR","16","2025","75.8","70.8","75.4","97.1","94.3","97.0","89.9","98.0","100.0","98.6","97.1","81.8","98.1","","98.5","97.9","74.6","","90.1"
"12","Garrett Wilson","NYJ","WR","7","2025","100.0","93.6","100.0","98.2","93.2","83.9","","","","40.4","","","","","","","","","88.6"
"13","Rome Odunze","CHI","WR","12","2025","93.7","100.0","89.5","76.6","","96.6","94.0","93.5","100.0","78.1","75.3","77.0","80.0","","","","","","87.7"
"14","Kyle Pitts","ATL","TE","17","2025","77.5","79.4","81.8","73.4","","92.4","81.7","91.8","94.4","91.7","84.5","94.5","91.0","91.9","95.5","86.3","92.5","91.8","87.5"
"15","DK Metcalf","PIT","WR","15","2025","94.4","91.5","87.8","79.2","","82.8","98.1","94.7","82.0","92.0","85.0","85.5","86.0","82.4","77.4","88.6","","","87.1"
"16","Tetairoa McMillan","CAR","WR","17","2025","82.0","85.7","89.1","93.8","89.2","92.2","87.1","94.9","85.2","90.0","85.3","90.7","74.2","","83.9","87.0","82.7","87.8","87.0"
"17","Zay Flowers","BLT","WR","17","2025","90.0","77.4","85.2","88.7","82.5","90.7","","94.9","82.1","81.8","88.3","82.8","94.7","92.2","77.5","88.9","68.9","97.9","86.1"
"18","Alec Pierce","IND","WR","15","2025","78.6","89.6","56.6","","","81.0","86.2","80.8","90.4","94.6","","96.0","96.1","82.5","100.0","96.6","90.9","68.3","85.9"
"19","Tucker Kraft","GB","TE","8","2025","91.5","90.5","88.5","94.9","","91.7","90.6","92.1","47.6","","","","","","","","","","85.9"
"20","Theo Johnson","NYG","TE","15","2025","75.8","84.6","86.9","69.6","81.4","89.6","87.0","98.0","85.7","97.1","91.3","76.6","86.8","","86.6","95.8","","","85.7"
"21","Michael Pittman","IND","WR","17","2025","81.4","83.6","79.2","92.9","78.9","84.5","86.2","78.8","90.4","81.1","","82.0","82.4","87.3","93.1","93.1","85.5","88.9","85.3"
"22","Amon-Ra St. Brown","DET","WR","17","2025","93.8","86.2","84.8","89.3","80.3","88.7","90.8","","95.2","76.5","96.6","96.9","6.7","91.2","95.2","97.1","82.8","94.4","85.3"
"23","Jordan Addison","MIN","WR","14","2025","","","","95.8","75.4","","92.5","85.1","91.5","95.1","96.3","97.7","92.0","68.9","65.4","67.2","76.5","92.2","85.3"
"24","Courtland Sutton","DEN","WR","17","2025","94.4","75.5","81.3","85.0","94.3","78.9","93.4","84.2","91.8","87.7","91.8","","81.2","63.9","89.2","93.8","81.7","77.6","85.2"
"25","Jerry Jeudy","CLV","WR","17","2025","87.3","87.5","84.2","81.5","91.0","88.0","67.9","82.7","","95.7","83.3","64.6","86.7","89.1","96.4","71.9","94.0","88.5","85.1"
"26","Brock Bowers","LV","TE","12","2025","50.0","75.4","83.9","76.9","","","","","80.0","82.8","96.6","96.0","97.8","100.0","90.5","98.1","","","85.0"
"27","DJ Moore","CHI","WR","17","2025","82.5","89.1","89.5","76.6","","94.9","86.6","83.9","84.2","60.9","80.8","75.4","90.6","82.4","89.1","95.0","92.2","84.6","84.6"
"28","Jakobi Meyers","LV, JAX","WR","16","2025","93.5","92.3","93.5","98.1","87.7","89.5","","","88.3","41.8","63.8","83.6","91.2","82.5","86.4","85.3","94.1","77.6","84.4"
"29","Dallas Goedert","PHI","TE","15","2025","82.3","","90.5","75.4","76.4","89.3","98.0","63.2","","85.0","89.9","93.1","88.2","93.9","72.7","86.4","79.6","","84.3"
"30","DeVonta Smith","PHI","WR","17","2025","88.7","75.9","96.8","91.2","98.2","96.4","87.8","89.5","","95.0","97.1","94.8","94.1","97.0","50.0","84.8","85.2","14.5","84.1"
"31","Tyler Warren","IND","TE","17","2025","71.4","94.0","73.6","87.5","66.7","87.9","91.4","75.0","83.6","89.2","","86.0","86.3","92.1","81.0","87.9","83.6","82.5","83.7"
"32","Chris Olave","NO","WR","16","2025","84.1","100.0","84.3","86.2","71.0","86.3","83.0","93.0","87.5","53.7","","79.5","87.0","92.7","82.5","79.2","90.4","","83.4"
"33","Josh Reynolds","NYJ","WR","5","2025","96.8","","","66.7","72.6","87.5","95.0","","","","","","","","","","","","83.4"
"34","Christian McCaffrey","SF","RB","17","2025","75.0","77.9","91.9","87.3","89.2","92.5","74.2","95.5","86.2","78.3","69.2","82.9","79.7","","84.3","80.3","83.8","85.7","83.1"
"35","Jonathan Taylor","IND","RB","17","2025","72.9","92.5","77.4","87.5","75.4","91.4","86.2","75.0","79.5","90.5","","90.0","98.0","73.0","84.5","87.9","87.3","50.8","82.1"
"36","Jauan Jennings","SF","WR","15","2025","65.3","88.2","","71.4","","76.1","84.8","84.1","78.5","91.7","73.1","90.0","81.3","","80.0","81.8","91.2","88.1","81.5"
"37","Darnell Mooney","ATL","WR","15","2025","","85.7","89.4","43.8","","","81.7","89.8","100.0","90.0","91.4","67.3","95.5","75.8","92.4","69.9","69.8","82.0","81.4"
"38","Darius Slayton","NYG","WR","14","2025","96.8","100.0","73.8","87.0","77.1","","","72.0","89.3","62.9","","62.3","75.5","","88.1","79.2","87.3","88.4","81.3"
"39","Travis Kelce","KC","TE","17","2025","84.5","78.9","73.1","65.7","81.0","69.4","62.3","83.6","91.2","","79.0","86.8","91.7","90.6","98.3","76.7","97.6","80.6","81.2"
"40","Michael Wilson","ARZ","WR","17","2025","68.9","66.7","75.0","96.9","68.8","74.3","80.0","","72.3","91.8","83.1","81.6","93.4","78.7","84.1","85.7","85.2","92.3","81.2"
"41","George Pickens","DAL","WR","17","2025","91.1","89.2","82.1","89.6","78.0","83.0","82.3","77.9","90.8","","67.7","77.9","72.3","82.9","84.1","89.3","86.2","46.3","81.1"
"42","Mason Taylor","NYJ","TE","13","2025","87.1","72.3","76.2","78.9","82.2","96.4","93.3","75.7","","76.6","75.4","87.7","84.1","64.3","","","","","81.0"
"43","Elic Ayomanor","TEN","WR","16","2025","78.2","71.9","75.4","80.4","72.3","93.2","96.1","94.0","65.9","","84.2","","85.5","81.3","83.7","57.1","80.6","94.3","80.6"
"44","Tee Higgins","CIN","WR","15","2025","79.6","87.7","80.8","83.7","96.6","79.0","86.1","87.9","81.5","","92.1","75.8","","75.0","","62.3","56.8","86.4","80.5"
"45","George Kittle","SF","TE","11","2025","27.8","","","","","","81.8","88.6","86.2","91.7","88.5","91.4","85.9","","95.7","62.1","","95.2","80.0"
"46","Hunter Henry","NE","TE","17","2025","92.6","85.5","80.3","75.0","89.3","82.8","68.8","76.9","75.0","86.4","93.5","79.1","74.6","","86.3","80.0","66.1","58.9","79.5"
"47","Malik Nabers","NYG","WR","4","2025","95.2","98.5","93.4","33.3","","","","","","","","","","","","","","","79.0"
"48","Bijan Robinson","ATL","RB","17","2025","83.1","66.7","80.3","68.8","","72.7","88.3","59.2","96.3","85.0","86.2","65.5","86.6","69.4","89.4","69.9","79.2","83.6","78.3"
"49","T.J. Hockenson","MIN","TE","15","2025","81.6","73.9","67.2","93.1","83.6","","83.6","80.9","76.3","90.2","79.6","68.2","78.0","57.4","78.8","75.9","","","78.3"
"50","Ladd McConkey","LAC","WR","16","2025","83.9","76.4","93.8","92.9","78.5","70.3","89.2","58.6","69.2","69.6","60.0","","76.1","85.9","74.2","77.4","88.1","","78.2"
"51","Saquon Barkley","PHI","RB","16","2025","79.0","84.5","92.1","84.2","70.9","80.4","77.6","61.4","","70.0","79.7","82.8","94.1","80.3","56.1","78.8","79.6","","78.0"
"52","Ashton Jeanty","LV","RB","17","2025","85.5","56.9","59.7","84.6","55.4","78.9","60.0","","90.0","87.9","75.9","80.0","95.7","68.8","71.4","92.5","83.3","96.7","77.9"
"53","Ricky Pearsall","SF","WR","9","2025","83.3","88.2","96.8","58.7","","","","","","","73.1","75.7","87.5","","58.6","","79.4","","77.9"
"54","Emeka Egbuka","TB","WR","17","2025","92.9","93.1","59.4","89.7","84.5","52.0","75.8","87.5","","87.9","94.1","89.6","86.0","87.0","63.9","57.4","55.6","59.1","77.8"
"55","Jaxon Smith-Njigba","SEA","WR","17","2025","76.0","65.6","50.0","81.3","88.9","81.5","88.1","","64.6","40.7","83.5","78.7","80.6","74.1","91.5","95.2","89.4","82.1","77.7"
"56","AJ Barner","SEA","TE","17","2025","84.0","89.1","51.9","85.9","81.5","77.8","86.6","","83.3","39.0","88.6","78.7","85.5","67.2","83.1","93.7","78.8","59.7","77.6"
"57","Jaylen Waddle","MIA","WR","16","2025","63.0","80.8","88.1","89.3","88.7","80.4","75.4","76.9","79.0","83.0","83.3","","91.5","77.8","83.3","70.7","24.5","","77.5"
"58","Romeo Doubs","GB","WR","16","2025","70.2","71.4","88.5","89.9","","85.0","88.7","79.4","92.1","62.1","76.5","72.3","83.3","80.8","76.2","61.4","56.8","","77.5"
"59","Brian Thomas","JAX","WR","14","2025","85.7","94.3","80.3","79.4","92.6","82.4","67.6","","63.6","","","","73.7","82.5","76.3","72.1","77.9","55.2","77.2"
"60","Andrei Iosivas","CIN","WR","17","2025","67.3","83.1","63.5","93.0","86.2","93.5","70.8","81.0","86.2","","73.0","83.9","95.0","64.3","90.1","50.8","70.3","54.5","77.1"
"61","Quentin Johnston","LAC","WR","14","2025","80.6","80.0","87.5","92.9","81.5","","90.5","52.9","67.7","81.2","88.9","","67.2","76.1","","59.7","74.6","","77.0"
"62","Isaiah Hodgins","NYG","WR","7","2025","","","","","","","","","","","78.3","66.2","86.8","","86.6","31.3","81.0","97.1","76.7"
"63","Nico Collins","HST","WR","15","2025","84.2","89.1","86.4","86.2","54.5","","47.8","","79.2","89.9","85.3","73.2","73.2","83.1","74.6","78.7","67.7","","76.5"
"64","Harold Fannin","CLV","TE","16","2025","71.8","62.5","61.4","84.6","77.6","81.3","83.0","73.1","","67.1","72.2","89.6","91.7","92.2","98.2","84.4","24.0","","76.2"
"65","Cooper Kupp","SEA","WR","16","2025","88.0","68.8","55.6","75.0","88.9","72.2","76.1","","","54.2","79.7","76.6","74.2","72.4","76.3","92.1","87.9","76.1","76.0"
"66","Brenton Strange","JAX","TE","12","2025","82.5","90.0","81.8","71.4","38.9","","","","","","","72.1","84.2","79.4","81.4","75.0","80.9","62.1","75.6"
"67","Juwan Johnson","NO","TE","17","2025","98.6","97.0","90.0","89.2","85.5","72.5","71.7","76.1","70.0","49.3","","76.9","71.0","52.7","60.3","66.2","71.2","73.8","75.3"
"68","De'Von Achane","MIA","RB","16","2025","71.7","94.2","78.0","75.0","86.8","89.3","54.4","66.2","91.9","88.7","79.6","","74.6","34.9","83.3","70.7","73.6","","75.3"
"69","Rashee Rice","KC","WR","8","2025","","","","","","","39.0","85.1","80.7","","72.6","63.7","90.0","78.1","86.4","","","","72.8"
"70","CeeDee Lamb","DAL","WR","14","2025","91.1","92.8","9.0","","","","77.4","69.1","87.7","","73.8","83.8","78.5","47.4","84.1","85.7","86.2","46.3","72.7"
"71","Deebo Samuel","WAS","WR","16","2025","78.5","87.7","38.9","86.3","78.2","71.7","","75.0","66.1","76.5","73.4","","68.2","53.1","60.3","80.4","80.5","73.0","71.7"
"72","Marvin Harrison","ARZ","WR","12","2025","88.5","91.7","81.3","100.0","76.6","24.3","84.3","","70.8","90.4","","","60.7","","","50.0","31.5","","71.1"
"73","Dalton Schultz","HST","TE","17","2025","52.6","60.9","78.0","84.6","57.6","","72.5","60.0","79.2","76.8","70.6","80.4","74.6","73.8","81.0","68.9","77.4","53.1","70.9"
"74","Cole Kmet","CHI","TE","16","2025","88.9","89.1","93.0","100.0","","50.8","40.3","","25.0","67.2","78.1","63.9","68.2","76.5","71.9","76.7","60.9","90.4","70.4"
"75","Chris Godwin","TB","WR","9","2025","","","","80.9","77.6","","","","","","","34.3","63.2","69.6","95.1","63.9","77.8","71.2","70.2"
"76","Davante Adams","LA","WR","14","2025","89.5","79.7","84.8","82.9","85.9","78.4","59.7","","59.7","49.3","86.0","76.4","76.5","41.8","46.4","","","","70.2"
"77","Xavier Worthy","KC","WR","14","2025","5.2","","","58.6","77.8","72.6","57.1","83.6","84.2","","75.8","78.0","88.3","76.6","66.1","83.7","78.6","","70.2"
"78","Terry McLaurin","WAS","WR","10","2025","80.0","92.3","57.4","","","","","48.1","","","","","49.4","63.3","74.1","84.3","85.4","68.3","69.5"
"79","Rashod Bateman","BLT","WR","13","2025","72.0","56.6","57.4","81.1","82.5","56.0","","78.0","71.4","62.1","","","75.4","88.3","","68.5","54.1","","69.0"
"80","Xavier Legette","CAR","WR","15","2025","77.0","80.5","","","78.5","73.4","80.0","89.8","57.4","68.0","54.7","69.8","67.7","","73.2","64.8","53.8","32.7","68.9"
"81","Puka Nacua","LA","WR","16","2025","63.2","67.8","89.4","82.9","92.2","52.9","","","49.4","50.7","68.0","81.8","74.5","46.3","55.1","80.7","72.1","69.4","68.6"
"82","Tyreek Hill","MIA","WR","4","2025","60.9","82.7","88.1","41.1","","","","","","","","","","","","","","","68.5"
"83","Javonte Williams","DAL","RB","16","2025","80.4","71.1","61.2","80.6","76.3","84.9","69.4","75.0","87.7","","78.5","76.5","76.9","81.6","29.0","57.1","26.4","","68.5"
"84","Mack Hollins","NE","WR","15","2025","51.5","63.6","63.4","50.0","60.7","58.6","67.2","73.8","63.2","79.7","83.9","85.1","76.2","","78.4","67.1","","","68.3"
"85","Kyren Williams","LA","RB","17","2025","80.7","69.5","74.2","68.6","90.6","74.5","59.7","","67.5","59.7","68.0","65.5","66.7","52.2","53.6","70.5","73.8","63.9","68.0"
"86","Jalen Coker","CAR","WR","11","2025","","","","","","","37.1","66.1","66.7","74.0","66.7","81.4","54.8","","67.9","81.5","71.2","91.8","67.5"
"87","Kayshon Boutte","NE","WR","14","2025","80.9","72.7","74.6","68.8","58.9","67.2","71.9","73.8","26.5","","","80.6","74.6","","74.5","58.6","","58.9","67.2"
"88","Jahmyr Gibbs","DET","RB","17","2025","64.6","56.9","69.7","58.9","50.8","69.8","55.4","","66.1","50.0","72.9","73.8","73.3","70.2","80.6","85.5","68.8","72.2","67.1"
"89","Christian Watson","GB","WR","10","2025","","","","","","","","55.6","65.1","81.8","80.4","73.8","71.7","84.6","39.7","61.4","59.1","","67.0"
"90","Travis Hunter","JAX","WR","7","2025","61.9","60.0","53.0","57.1","64.8","79.4","86.5","","","","","","","","","","","","66.6"
"91","Zach Ertz","WAS","TE","13","2025","61.5","89.2","50.0","58.8","54.5","60.0","65.6","61.5","61.3","82.4","76.6","","65.9","69.4","","","","","66.2"
"92","Chase Brown","CIN","RB","17","2025","73.5","70.8","55.8","74.4","53.4","53.2","62.5","53.4","95.4","","82.5","88.7","58.8","66.1","62.0","60.7","60.8","56.1","66.1"
"93","Jake Ferguson","DAL","TE","17","2025","75.0","72.3","56.7","77.6","55.9","66.0","64.5","57.4","89.2","","63.1","66.2","69.2","78.9","71.0","67.9","28.7","59.3","65.4"
"94","Keon Coleman","BUF","WR","13","2025","87.2","49.3","75.4","71.9","65.6","87.0","","73.3","67.2","61.5","","","44.6","28.3","56.7","","","80.6","65.1"
"95","Jalen Nailor","MIN","WR","17","2025","89.8","100.0","82.8","61.1","63.9","","59.7","70.2","52.5","67.2","59.3","45.5","68.0","57.4","50.0","63.8","43.1","75.0","65.0"
"96","David Njoku","CLV","TE","12","2025","85.9","81.9","75.4","84.6","95.5","42.7","","57.7","","68.6","66.7","47.9","50.0","9.4","","","","","64.5"
"97","Colston Loveland","CHI","TE","16","2025","54.0","56.3","10.5","","","42.4","67.2","80.6","80.3","60.9","75.3","63.9","58.8","57.4","65.6","83.3","81.3","90.4","64.5"
"98","Mike Evans","TB","WR","8","2025","83.9","80.6","68.8","","","","19.7","","","","","","","","50.8","63.9","74.6","74.2","64.4"
"99","Breece Hall","NYJ","RB","16","2025","58.1","63.8","55.6","63.2","58.9","75.0","53.3","57.1","","70.2","71.9","71.9","88.9","76.8","54.4","61.9","47.5","","63.9"
"100","Cedric Tillman","CLV","WR","13","2025","88.7","95.8","73.7","23.1","","","","","","72.9","79.6","52.1","63.3","65.6","10.7","48.4","58.0","76.9","63.1"
"101","Alvin Kamara","NO","RB","11","2025","81.2","85.1","74.3","72.3","53.2","64.7","84.9","52.1","57.5","64.2","","14.1","","","","","","","63.1"
"102","Omarion Hampton","LAC","RB","9","2025","80.6","61.8","78.8","87.5","56.9","","","","","","","","","31.0","37.1","53.2","83.1","","62.9"
"103","Chig Okonkwo","TEN","TE","17","2025","87.3","75.0","64.6","67.4","61.5","55.9","60.8","59.7","68.2","","66.7","63.2","60.0","50.0","59.2","45.7","51.4","81.1","62.7"
"104","Bucky Irving","TB","RB","10","2025","76.8","73.6","78.1","58.8","","","","","","","","","54.4","49.3","55.7","60.7","54.0","62.1","62.3"
"105","Tony Pollard","TEN","RB","17","2025","89.1","89.1","90.8","84.8","72.3","42.4","58.8","47.8","59.1","","49.1","52.9","47.3","59.4","53.1","54.3","50.0","62.3","62.3"
"106","Parker Washington","JAX","WR","16","2025","23.8","22.9","71.2","85.7","25.9","36.8","87.8","","87.0","85.5","75.4","83.6","36.8","","42.4","55.9","80.9","72.4","61.6"
"107","Mark Andrews","BLT","TE","17","2025","76.0","79.2","79.6","54.7","60.0","77.3","","57.6","50.0","62.1","60.0","65.5","68.4","66.2","40.0","42.6","40.5","58.3","61.4"
"108","Oronde Gadsden","LAC","TE","15","2025","","","25.0","46.4","52.3","75.0","78.4","78.6","80.0","52.2","86.7","","70.1","60.6","51.6","58.1","71.2","46.4","61.3"
"109","Colby Parkinson","LA","TE","15","2025","49.1","","31.8","30.0","39.1","","48.4","","55.8","56.7","68.0","63.6","66.7","68.7","85.5","85.2","78.7","84.7","61.3"
"110","Travis Etienne","JAX","RB","17","2025","61.9","65.7","54.5","61.9","61.1","60.3","54.1","","59.7","58.2","50.7","63.9","47.4","71.4","59.3","69.1","69.1","56.9","60.4"
"111","Tommy Tremble","CAR","TE","17","2025","45.9","40.3","58.2","76.9","75.4","73.4","67.1","45.8","53.7","72.0","56.0","46.5","56.5","","50.0","42.6","76.9","89.8","60.1"
"112","Rashid Shaheed","NO, SEA","WR","18","2025","87.0","68.7","74.3","70.8","66.1","60.8","75.5","77.5","82.5","30.5","53.2","55.3","46.8","51.7","67.8","54.0","18.2","46.3","60.1"
"113","Treylon Burks","WAS","WR","8","2025","","","","","","","","","51.6","39.2","","","65.9","34.7","46.6","84.3","92.7","68.3","60.0"
"114","Michael Mayer","LV","TE","13","2025","62.9","36.9","8.1","","","91.2","93.3","","83.3","60.3","75.9","17.3","","","19.0","67.9","92.6","95.0","59.9"
"115","Khalil Shakir","BUF","WR","16","2025","69.2","47.9","70.2","50.9","63.9","59.3","","46.7","60.9","66.2","52.8","66.7","48.6","51.7","67.2","48.0","76.7","","59.6"
"116","Chimere Dike","TEN","WR","17","2025","18.2","42.2","41.5","34.8","50.8","54.2","56.9","88.1","86.4","","28.1","79.4","76.4","65.6","75.5","58.6","77.8","71.7","59.5"
"117","Josh Jacobs","GB","RB","15","2025","87.2","77.8","65.6","65.8","","78.3","56.6","54.0","57.1","74.2","21.6","","55.0","71.2","54.0","38.6","27.3","","59.4"
"118","Rhamondre Stevenson","NE","RB","14","2025","66.2","65.5","35.2","58.3","50.0","70.7","76.6","72.3","","","","31.3","60.3","","66.7","84.3","48.4","44.6","59.3"
"119","Josh Downs","IND","WR","16","2025","50.0","59.7","50.9","62.5","45.6","50.0","","65.4","69.9","45.9","","42.0","54.9","63.5","70.7","77.6","61.8","65.1","58.6"
"120","Troy Franklin","DEN","WR","17","2025","57.7","84.9","81.3","57.5","58.6","56.1","61.8","61.4","80.3","73.7","65.6","","52.2","25.0","49.2","63.1","38.0","43.1","58.3"
"121","Calvin Ridley","TEN","WR","7","2025","94.5","87.5","86.2","54.3","66.2","10.2","","","","","1.8","","","","","","","","58.2"
"122","Gabe Davis","BUF","WR","6","2025","","","","","","","","","","","39.6","54.5","58.1","60.0","","","38.4","93.1","58.0"
"123","Xavier Hutchinson","HST","WR","17","2025","68.4","58.7","62.7","67.7","66.7","","78.3","70.7","62.5","52.2","52.9","35.7","54.9","43.1","31.7","45.9","48.4","79.7","58.0"
"124","Van Jefferson","TEN","WR","16","2025","12.7","25.0","33.8","41.3","18.5","74.6","84.3","77.6","84.1","","91.2","89.7","72.7","71.9","59.2","70.0","30.6","","57.9"
"125","Jayden Higgins","HST","WR","17","2025","42.1","41.3","44.1","43.1","57.6","","65.2","81.3","48.6","58.0","60.3","58.9","59.2","56.9","69.8","57.4","48.4","81.3","57.9"
"126","D'Andre Swift","CHI","RB","16","2025","79.4","56.3","61.4","67.2","","59.3","52.2","50.0","","60.9","57.5","42.6","52.9","57.4","54.7","58.3","57.8","59.6","57.8"
"127","Brock Wright","DET","TE","11","2025","36.9","51.7","56.1","41.1","72.1","56.6","56.9","","53.2","39.7","83.1","87.7","","","","","","","57.7"
"128","Malik Washington","MIA","WR","17","2025","60.9","59.6","54.2","48.2","56.6","42.9","64.9","63.1","71.0","45.3","51.9","","61.0","52.4","58.3","51.7","64.2","72.2","57.6"
"129","Dawson Knox","BUF","TE","17","2025","55.1","54.9","50.9","40.4","55.7","79.6","","41.7","48.4","67.7","75.5","86.4","71.6","53.3","67.2","68.0","61.6","5.6","57.4"
"130","Isaiah Likely","BLT","TE","14","2025","","","","47.2","52.5","81.3","","57.6","58.9","56.1","53.3","56.9","50.9","58.4","50.0","40.7","70.3","50.0","57.3"
"131","Darnell Washington","PIT","TE","16","2025","48.1","35.6","34.7","90.6","","79.3","64.8","45.6","67.2","50.0","73.3","68.1","76.7","29.4","71.0","67.1","12.3","","57.2"
"132","James Cook","BUF","RB","17","2025","59.0","49.3","64.9","73.7","70.5","51.9","","45.0","75.0","50.8","67.9","54.5","60.8","75.0","70.1","56.0","53.4","2.8","57.0"
"133","Adam Trautman","DEN","TE","17","2025","62.0","58.5","35.4","51.3","40.0","38.6","32.9","63.2","72.1","68.4","65.6","","58.0","73.6","61.5","56.9","73.2","56.9","57.0"
"134","Kendrick Bourne","SF","WR","16","2025","","48.5","72.6","68.3","80.7","80.6","77.3","79.5","72.3","68.3","25.0","8.6","34.4","","44.3","69.7","27.9","52.4","56.9"
"135","Sterling Shepard","TB","WR","13","2025","62.5","75.0","57.8","60.3","39.7","48.0","63.6","42.9","","65.2","63.2","59.7","28.1","56.5","","","","","56.4"
"136","Jahan Dotson","PHI","WR","17","2025","45.2","36.2","77.8","54.4","70.9","75.0","49.0","71.9","","31.7","29.0","55.2","56.9","48.5","53.0","65.2","48.1","93.5","56.4"
"137","JuJu Smith-Schuster","KC","WR","17","2025","79.3","68.4","70.1","78.6","65.1","62.9","35.1","31.3","26.3","","38.7","47.3","31.7","37.5","52.5","93.0","83.3","75.8","55.9"
"138","Kimani Vidal","LAC","RB","13","2025","","","","3.6","21.5","67.2","64.9","74.3","72.3","94.2","51.1","","76.1","69.0","62.9","33.9","","20.3","55.8"
"139","Derrick Henry","BLT","RB","17","2025","56.0","58.5","51.9","39.6","67.5","48.0","","61.0","64.3","68.2","53.3","60.3","38.6","55.8","37.5","44.4","64.9","70.8","55.5"
"140","Rico Dowdle","CAR","RB","17","2025","36.1","28.6","38.2","36.9","67.7","87.5","45.7","33.9","74.1","78.0","82.7","65.1","43.5","","58.9","57.4","63.5","55.1","55.5"
"141","Tyler Higbee","LA","TE","10","2025","57.9","74.6","54.5","54.3","","66.7","37.1","","50.6","53.7","40.0","","","","","","","63.9","55.3"
"142","Tyrone Tracy","NYG","RB","15","2025","72.6","41.5","18.0","","","29.9","37.7","64.0","44.6","65.7","52.2","71.4","50.9","","76.1","64.6","65.1","72.5","55.3"
"143","Julian Hill","MIA","TE","14","2025","56.5","51.9","54.2","69.6","50.9","66.1","61.4","","","","44.4","","55.9","49.2","39.6","48.3","60.4","59.3","54.9"
"144","Aaron Jones","MIN","RB","12","2025","46.9","43.5","","","","","","53.2","42.4","72.1","66.7","65.9","38.0","44.3","59.6","62.1","62.7","","54.9"
"145","Brandin Cooks","BUF, NO","WR","15","2025","78.3","67.2","68.6","90.8","45.2","64.7","69.8","62.0","57.5","49.3","","","23.0","35.0","32.8","24.0","52.1","","54.7"
"146","Keenan Allen","LAC","WR","17","2025","61.3","56.4","65.0","75.0","56.9","56.3","64.9","25.7","36.9","50.7","73.3","","59.7","56.3","41.9","46.8","54.2","53.6","54.6"
"147","Stefon Diggs","NE","WR","17","2025","58.8","50.9","52.1","62.5","48.2","56.9","54.7","49.2","60.3","59.3","71.0","47.8","46.0","","51.0","58.6","48.4","46.4","54.3"
"148","Drake Dabney","GB","TE","2","2025","","","","","","","","","","","","","","","","","15.9","88.0","54.3"
"149","Jalen McMillan","TB","WR","4","2025","","","","","","","","","","","","","","","49.2","55.7","55.6","54.5","53.8"
"150","Gunnar Helm","TEN","TE","16","2025","40.0","34.4","38.5","43.5","66.2","49.2","52.9","55.2","43.2","","66.7","63.2","54.5","65.6","44.9","71.4","58.3","","53.7"
"151","Cam Skattebo","NYG","RB","8","2025","11.3","50.8","59.0","75.4","68.6","71.6","59.4","20.0","","","","","","","","","","","53.6"
"152","Olamide Zaccheaus","CHI","WR","16","2025","44.4","42.2","56.1","62.5","","84.7","52.2","59.7","65.8","57.8","13.7","36.1","28.2","77.9","82.8","85.0","","11.5","53.4"
"153","Drew Sample","CIN","TE","17","2025","67.3","38.5","67.3","39.5","44.8","33.9","52.8","53.4","43.1","","46.0","51.6","58.8","46.4","54.9","65.6","64.9","72.7","53.3"
"154","Ray-Ray McCloud","ATL, NYG","WR","6","2025","73.2","23.8","69.7","35.9","","","","","91.1","27.1","","","","","","","","","52.8"
"155","Matthew Golden","GB","WR","14","2025","46.8","58.7","68.9","59.5","","70.0","71.7","65.1","34.9","","33.3","","","9.6","34.9","31.4","54.5","100.0","52.6"
"156","Woody Marks","HST","RB","16","2025","12.3","28.3","49.2","58.5","37.9","","60.9","41.3","47.2","78.3","66.2","71.4","56.3","89.2","19.0","","66.1","43.8","52.3"
"157","Calvin Austin","PIT","WR","14","2025","81.5","93.2","73.5","50.9","","","","78.9","55.7","74.0","23.3","43.5","48.8","31.4","29.0","15.7","","49.3","52.3"
"158","Marquise Brown","KC","WR","16","2025","93.1","75.4","67.2","52.9","52.4","51.6","32.5","38.8","43.9","","37.1","35.2","43.3","34.4","","53.5","61.9","80.6","52.1"
"159","Noah Gray","KC","TE","16","2025","41.4","64.9","67.2","57.1","55.6","75.8","59.7","53.7","36.8","","53.2","30.8","","45.3","37.3","51.2","47.6","54.8","51.8"
"160","David Sills","ATL","WR","17","2025","2.8","4.8","37.9","23.4","","47.0","46.7","89.8","68.5","48.3","55.2","69.1","83.6","93.5","93.9","41.1","15.1","70.5","51.6"
"161","Jonnu Smith","PIT","TE","17","2025","64.8","55.9","83.7","24.5","","69.0","72.2","59.6","41.0","68.0","55.0","47.8","53.5","51.0","25.8","37.1","41.5","43.8","51.6"
"162","Austin Ekeler","WAS","RB","2","2025","49.2","53.8","","","","","","","","","","","","","","","","","51.5"
"163","John Bates","WAS","TE","15","2025","52.3","13.8","","","50.9","46.7","43.8","55.8","51.6","70.6","56.3","","52.9","61.2","69.0","51.0","43.9","58.7","51.5"
"164","Jalen Tolbert","DAL","WR","13","2025","44.6","62.7","86.6","82.1","76.3","90.6","48.4","20.6","10.8","","18.5","","26.2","","","","63.2","37.0","51.5"
"165","Charlie Woerner","ATL","TE","17","2025","40.8","85.7","21.2","67.2","","65.2","56.7","28.6","9.3","40.0","51.7","60.0","62.7","50.0","60.6","75.3","81.1","6.6","51.3"
"166","Isiah Pacheco","KC","RB","13","2025","48.3","59.6","58.2","37.1","61.9","77.4","55.8","58.2","","","","","26.7","32.8","45.8","72.1","33.3","","51.3"
"167","Daniel Bellinger","NYG","TE","16","2025","24.2","26.2","26.2","31.9","52.9","58.2","68.1","40.0","","72.9","46.4","64.9","35.8","","25.4","45.8","96.8","91.3","51.3"
"168","Davis Allen","LA","TE","17","2025","36.8","40.7","36.4","28.6","59.4","41.2","51.6","","58.4","52.2","36.0","49.1","37.3","71.6","73.9","64.8","41.0","72.2","51.3"
"169","Devaughn Vele","NO","WR","13","2025","20.3","35.8","","6.2","37.1","31.4","26.4","50.7","27.5","86.6","","88.5","87.0","92.7","54.0","","","","51.1"
"170","J.K. Dobbins","DEN","RB","10","2025","52.1","45.3","68.8","43.8","51.4","50.9","50.0","54.4","45.9","54.4","","","","","","","","","51.1"
"171","Rachaad White","TB","RB","17","2025","25.0","29.2","23.4","44.1","81.0","78.0","89.4","57.1","","71.2","58.8","58.2","36.8","49.3","41.0","39.3","47.6","33.3","50.5"
"172","Quinshon Judkins","CLV","RB","14","2025","","25.0","57.9","60.0","53.7","41.3","66.0","34.6","","54.3","59.3","50.0","61.7","45.3","66.1","37.5","","","50.3"
"173","Jaylen Warren","PIT","RB","16","2025","46.3","57.6","77.6","","","51.7","66.7","64.9","57.4","46.0","30.0","49.3","55.8","49.0","45.2","48.6","32.3","38.4","50.3"
"174","Pat Freiermuth","PIT","TE","17","2025","48.1","50.8","69.4","28.3","","36.2","64.8","40.4","45.9","48.0","45.0","47.8","39.5","60.8","43.5","41.4","70.8","68.5","50.2"
"175","Austin Hooper","NE","TE","16","2025","30.9","63.6","67.6","66.7","57.1","65.5","50.0","58.5","52.9","54.2","","55.2","38.1","","31.4","32.9","40.3","41.1","50.2"
"176","Adonai Mitchell","IND, NYJ","WR","16","2025","20.0","10.4","39.6","91.1","10.5","","8.6","17.3","5.5","","49.1","86.0","85.7","91.1","79.4","85.7","80.3","50.0","50.1"
"177","Kenneth Gainwell","PIT","RB","17","2025","51.9","42.4","28.6","77.4","","34.5","37.0","35.1","36.1","52.0","60.0","52.2","41.9","49.0","51.6","54.3","67.7","65.8","49.9"
"178","Hunter Renfrow","CAR","WR","6","2025","63.9","81.8","27.3","49.2","43.1","25.0","","","","","","","","","","","","","49.9"
"179","Tyler Lockett","LV, TEN","WR","17","2025","58.2","48.4","55.4","73.9","24.6","32.2","25.5","","30.0","58.6","44.8","74.7","52.2","60.4","76.2","26.4","55.6","51.7","49.5"
"180","Tre Harris","LAC","WR","17","2025","8.1","29.1","28.8","19.6","38.5","82.8","43.2","58.6","46.2","44.9","55.6","","50.7","50.7","83.9","45.2","49.2","97.1","49.1"
"181","Trey Benson","ARZ","RB","4","2025","34.4","45.8","60.9","53.1","","","","","","","","","","","","","","","48.9"
"182","Zach Charbonnet","SEA","RB","16","2025","58.0","54.7","","45.3","57.4","61.1","50.7","","37.5","39.0","43.0","31.9","40.3","43.1","54.2","55.6","53.0","55.2","48.9"
"183","Chris Moore","WAS","WR","14","2025","27.7","","55.6","70.6","58.2","65.0","79.7","42.3","74.2","19.6","81.3","","29.4","","","19.6","17.1","34.9","48.9"
"184","Marquez Valdes-Scantling","SF, PIT","WR","10","2025","36.1","11.8","25.8","","54.2","61.2","","","","","","","","31.4","53.2","42.9","81.5","83.6","48.9"
"185","Lil'Jordan Humphrey","NYG, DEN","WR","10","2025","","","","","","76.1","97.1","64.0","","","14.8","","20.3","37.5","69.2","20.0","60.6","25.9","48.8"
"186","Zay Jones","ARZ","WR","8","2025","47.5","50.0","48.4","","48.4","78.6","51.4","","52.3","15.1","","","","","","","","","48.7"
"187","Ja'Tavion Sanders","CAR","TE","13","2025","60.7","64.9","56.4","","","","37.1","52.5","51.9","34.0","49.3","60.5","48.4","","51.8","57.4","1.9","","48.7"
"188","Isaiah Bond","CLV","WR","16","2025","25.4","37.5","66.7","55.4","56.7","86.7","41.5","53.8","","","40.7","29.2","30.0","51.6","69.6","46.9","22.0","53.8","48.6"
"189","Josh Palmer","BUF","WR","12","2025","61.5","47.9","43.9","24.6","47.5","11.1","","","","","50.9","50.0","","","31.3","70.0","49.3","83.3","48.5"
"190","Christian Kirk","HST","WR","13","2025","","","67.8","60.0","47.0","","","","55.6","42.0","52.9","32.1","46.5","38.5","25.4","59.0","45.2","56.3","48.4"
"191","Pat Bryant","DEN","WR","15","2025","5.6","26.4","22.9","33.8","54.3","59.6","48.7","57.9","57.4","49.1","57.4","","69.6","47.2","","64.6","","67.2","48.1"
"192","James Conner","ARZ","RB","3","2025","63.9","52.1","29.7","","","","","","","","","","","","","","","","48.0"
"193","Kareem Hunt","KC","RB","17","2025","39.7","38.6","43.3","44.3","33.3","29.0","16.9","31.3","80.7","","82.3","72.5","66.7","59.4","49.2","25.6","57.1","38.7","47.8"
"194","Dontayvion Wicks","GB","WR","14","2025","44.7","57.1","65.6","78.5","","35.0","28.3","","","66.7","56.9","49.2","50.0","9.6","42.9","42.9","6.8","","47.4"
"195","Tez Johnson","TB","WR","16","2025","14.3","","32.8","32.4","36.2","72.0","68.2","71.4","","83.3","82.4","85.1","56.1","43.5","23.0","24.6","15.9","13.6","47.3"
"196","Shane Zylstra","DET","TE","5","2025","9.2","","","","","","","","","","","","","","56.5","65.2","65.6","40.3","47.3"
"197","Jeremy Ruckert","NYJ","TE","17","2025","45.2","36.2","39.7","40.4","37.0","39.3","26.7","51.4","","51.1","43.9","31.6","42.9","55.4","73.5","65.1","62.3","58.7","47.2"
"198","Chuba Hubbard","CAR","RB","15","2025","65.6","75.3","63.6","52.3","","","54.3","59.3","20.4","22.0","18.7","34.9","58.1","","42.9","40.7","38.5","42.9","46.9"
"199","John Metchie","PHI, NYJ","WR","16","2025","1.6","12.1","3.2","8.8","7.3","5.4","","15.8","","14.9","82.5","87.7","96.8","96.4","73.5","85.7","77.0","69.6","46.8"
"200","Ryan Flournoy","DAL","WR","15","2025","","12.0","32.8","22.4","57.6","67.9","27.4","45.6","69.2","","43.1","48.5","36.9","63.2","63.8","39.3","","87.0","46.7"
"201","Audric Estime","NO","RB","6","2025","","","","","","","","","","4.5","","","","16.4","38.1","57.1","78.8","84.6","46.4"
"202","Tory Horton","SEA","WR","8","2025","52.0","40.6","48.1","35.9","46.3","46.3","37.3","","72.9","","","","","","","","","","46.4"
"203","Albert Okwuegbunam","LV","TE","1","2025","","","","","46.2","","","","","","","","","","","","","","46.2"
"204","Kenneth Walker","SEA","RB","17","2025","40.0","35.9","50.0","51.6","42.6","33.3","43.3","","54.2","40.7","50.6","63.8","53.2","51.7","42.4","42.9","47.0","43.3","46.1"
"205","Demarcus Robinson","SF","WR","14","2025","","","","38.1","84.3","19.4","33.3","56.8","33.8","43.3","48.1","54.3","42.2","","32.9","43.9","33.8","88.1","45.9"
"206","TreVeyon Henderson","NE","RB","17","2025","33.8","29.1","47.9","29.2","48.2","29.3","14.1","21.5","75.0","83.1","90.3","64.2","47.6","","49.0","18.6","50.0","42.9","45.6"
"207","Tyjae Spears","TEN","RB","13","2025","","","","","26.2","59.3","41.2","50.7","45.5","","52.6","41.2","45.5","42.2","40.8","47.1","52.8","47.2","45.6"
"208","Josh Oliver","MIN","TE","15","2025","46.9","28.3","34.5","29.2","44.3","","44.8","8.5","","","35.2","54.5","44.0","62.3","61.5","51.7","92.2","46.9","45.6"
"209","Jared Wayne","HST","WR","1","2025","","","","","","","","45.3","","","","","","","","","","","45.3"
"210","Dont'e Thornton","LV","WR","15","2025","61.3","80.0","59.7","59.6","47.7","3.5","83.3","","","60.3","39.7","40.0","30.4","","19.0","7.5","77.8","13.3","45.3"
"211","Kyle Juszczyk","SF","FB","17","2025","48.6","14.7","33.9","33.3","41.0","35.8","59.1","38.6","66.2","51.7","53.8","42.9","34.4","","61.4","54.5","52.9","45.2","45.2"
"212","Devin Neal","NO","RB","9","2025","7.2","","","","","","11.3","45.1","40.0","34.3","","74.4","81.2","70.9","31.7","","","","45.1"
"213","Xavier Weaver","ARZ","WR","9","2025","","","","20.3","","","7.1","","4.6","","71.8","68.4","49.2","","","44.6","66.7","78.8","45.0"
"214","Michael Carter","ARZ","RB","13","2025","","","","6.3","59.4","45.7","35.7","","","11.0","43.7","53.9","52.5","54.1","79.4","53.6","44.4","51.9","44.9"
"215","Darren Waller","MIA","TE","9","2025","","","","25.0","60.4","69.6","26.3","","","","","","45.8","38.1","52.1","48.3","39.6","","44.7"
"216","Nick Westbrook-Ikhine","MIA","WR","15","2025","43.5","28.8","22.0","48.2","73.6","62.5","75.4","64.6","67.7","47.2","27.8","","22.0","34.9","37.5","","","9.3","44.7"
"217","Kevin Austin","NO","WR","8","2025","","","31.4","","","","","","","","","12.8","7.2","3.6","38.1","85.7","80.8","98.5","44.4"
"218","Jackson Hawes","BUF","TE","17","2025","20.5","49.3","43.9","54.4","29.5","55.6","","56.7","48.4","43.1","34.0","33.3","70.3","50.0","46.3","64.0","28.8","30.6","44.0"
"219","Jordan Mason","MIN","RB","16","2025","57.1","58.7","60.3","62.5","70.5","","76.1","34.0","59.3","23.0","16.7","27.3","30.0","29.5","34.6","6.9","","42.2","44.0"
"220","Cade Stover","HST","TE","9","2025","57.9","","","","","","","","","","19.1","33.9","40.8","27.7","58.7","54.1","54.8","50.0","43.7"
"221","RJ Harvey","DEN","RB","17","2025","31.0","32.1","27.1","41.3","21.4","28.1","25.0","28.1","31.1","26.3","60.7","","46.4","68.1","67.7","58.5","64.8","55.2","42.4"
"222","Elijah Higgins","ARZ","TE","17","2025","27.9","43.8","14.1","12.5","31.3","45.7","45.7","","40.0","37.0","36.6","35.5","41.0","67.2","69.8","62.5","61.1","59.6","42.3"
"223","Evan Engram","DEN","TE","16","2025","29.6","47.2","","43.8","41.4","45.6","53.9","42.1","50.8","45.6","41.0","","55.1","36.1","29.2","44.6","29.6","39.7","42.1"
"224","Jayden Reed","GB","WR","7","2025","38.3","6.3","","","","","","","","","","","","48.1","65.1","64.3","50.0","16.0","41.9"
"225","Greg Dulcich","MIA","TE","10","2025","","","","","","","","27.7","37.1","58.5","51.9","","35.6","54.0","35.4","29.3","35.8","53.7","41.7"
"226","Kyle Monangai","CHI","RB","17","2025","14.3","42.2","28.1","26.6","","30.5","46.3","45.2","73.7","39.1","37.0","55.7","44.7","41.2","43.8","41.7","42.2","40.4","41.3"
"227","Grant Calcaterra","PHI","TE","15","2025","59.7","87.9","19.0","49.1","12.7","","","61.4","","38.3","49.3","22.4","23.5","22.7","56.1","31.8","35.2","45.2","41.2"
"228","Patrick Ricard","BLT","FB","11","2025","","","","","","","","23.7","37.5","51.5","31.7","41.4","17.5","37.7","45.0","59.3","56.8","50.0","41.1"
"229","Hunter Long","JAX","TE","9","2025","9.5","1.4","21.2","33.3","61.1","79.4","60.8","","67.5","","","","","31.7","","","","","41.1"
"230","Luke Musgrave","GB","TE","17","2025","36.2","31.7","21.3","27.8","","35.0","43.4","19.0","47.6","77.3","35.3","36.9","60.0","40.4","52.4","77.1","40.9","4.0","41.1"
"231","Terrance Ferguson","LA","TE","13","2025","","6.8","","","4.7","31.4","45.2","","31.2","32.8","28.0","27.3","33.3","64.2","76.8","76.1","47.5","","40.8"
"232","Anthony Firkser","DET","TE","7","2025","","","","","","","","","","","","4.6","23.3","56.1","35.5","36.2","54.7","70.8","40.5"
"233","Eric Saubert","SEA","TE","11","2025","18.0","37.5","44.4","39.1","29.6","38.9","31.3","","","","","","","","35.6","39.7","51.5","71.6","40.5"
"234","Charlie Kolar","BLT","TE","17","2025","60.0","60.4","53.7","26.4","47.5","36.0","","42.4","46.4","43.9","31.7","34.5","15.8","24.7","52.5","50.0","48.6","25.0","40.5"
"235","Noah Brown","WAS","WR","4","2025","46.2","38.5","","","","","","","","","","","","63.3","15.5","","","","40.1"
"236","Curtis Samuel","BUF","WR","6","2025","","","","35.1","49.2","","","28.3","42.2","33.8","52.8","","","","","","","","40.0"
"237","Casey Washington","ATL","WR","7","2025","94.4","","","53.1","","78.8","16.7","8.2","","1.7","5.2","","","","","","","","40.0"
"238","Luther Burden","CHI","WR","15","2025","27.0","17.2","29.8","28.1","","22.0","28.4","17.7","","50.0","43.8","50.8","49.4","70.6","39.1","","57.8","61.5","39.8"
"239","Tyrell Shavers","BUF","WR","17","2025","20.5","35.2","21.1","22.8","26.2","48.1","","40.0","45.3","36.9","52.8","39.4","60.8","60.0","50.7","58.0","57.5","5.6","39.6"
"240","Isaac TeSlaa","DET","WR","17","2025","4.6","29.3","19.7","19.6","34.4","47.2","13.8","","4.8","27.9","33.9","40.0","91.7","78.9","62.9","53.6","51.6","61.1","39.5"
"241","Adam Thielen","PIT, MIN","WR","16","2025","57.1","80.4","75.9","16.7","21.3","","11.9","25.5","6.8","13.1","14.8","6.8","","47.1","58.1","42.9","86.2","65.8","39.5"
"242","Elijah Arroyo","SEA","TE","13","2025","32.0","39.1","50.0","54.7","42.6","44.4","37.3","","43.8","47.5","36.7","38.3","38.7","8.6","","","","","39.5"
"243","Mo Alie-Cox","IND","TE","17","2025","45.7","35.8","45.3","30.4","57.9","63.8","31.0","30.8","34.2","44.6","","50.0","43.1","28.6","24.1","22.4","41.8","39.7","39.3"
"244","Jordan Whittington","LA","WR","17","2025","50.9","66.1","50.0","78.6","40.6","92.2","61.3","","44.2","10.4","50.0","60.0","35.3","16.4","5.8","15.9","21.3","","39.2"
"245","Tyler Johnson","NYJ","WR","12","2025","51.6","95.7","69.8","","4.1","19.6","25.0","77.1","","61.7","52.6","","1.6","","","14.3","16.4","","39.2"
"246","Jacory Croskey-Merritt","WAS","RB","17","2025","29.2","23.1","38.9","33.3","49.1","66.7","51.6","57.7","46.8","43.1","26.6","","14.1","20.4","55.2","21.6","63.4","34.9","38.7"
"247","Justin Watson","HST","WR","3","2025","56.1","43.5","","","","","","","","","","","","","","","","18.8","38.3"
"248","Allen Lazard","NYJ","WR","10","2025","","46.8","27.0","42.1","28.8","","55.0","77.1","","","","40.4","27.0","16.1","22.1","","","","38.3"
"249","Tyquan Thornton","KC","WR","14","2025","72.4","77.2","74.6","34.3","44.4","25.8","33.8","7.5","22.8","","24.2","25.3","23.3","29.7","50.8","","","","38.2"
"250","Arian Smith","NYJ","WR","16","2025","9.7","46.8","76.2","45.6","58.9","58.9","91.7","41.4","","68.1","15.8","24.6","","1.8","13.2","11.1","16.4","34.8","38.2"
"251","Mike Gesicki","CIN","TE","13","2025","30.6","53.8","28.8","60.5","48.3","3.2","","","","","","43.5","28.8","39.3","54.9","47.5","23.0","36.4","37.8"
"252","Noah Fant","CIN","TE","15","2025","53.1","24.6","34.6","","25.9","48.4","68.1","46.6","44.6","","47.6","27.4","41.3","42.9","21.1","","21.6","21.2","37.7"
"253","Russell Gage","SF","WR","1","2025","37.5","","","","","","","","","","","","","","","","","","37.5"
"254","Robbie Chosen","WAS","WR","3","2025","","","","","","","48.4","","","25.5","35.9","","","","","","","","37.4"
"255","Dyami Brown","JAX","WR","14","2025","73.0","80.0","31.8","","64.8","63.2","31.1","","58.4","38.2","27.5","6.6","","9.5","8.5","8.8","","13.8","37.3"
"256","Marvin Mims","DEN","WR","15","2025","50.7","35.8","45.8","40.0","38.6","33.3","52.6","28.1","","","24.6","","33.3","27.8","32.3","32.3","46.5","32.8","37.3"
"257","Josh Whyle","GB","TE","8","2025","","","","","","","","","","9.1","37.3","40.0","50.0","40.4","3.2","","63.6","72.0","37.3"
"258","David Montgomery","DET","RB","17","2025","38.5","37.9","36.4","35.7","54.1","30.2","44.6","","37.1","54.4","39.0","33.8","35.0","29.8","29.0","18.8","34.4","41.7","37.2"
"259","Mitchell Evans","CAR","TE","17","2025","14.8","6.5","36.4","53.8","36.9","59.4","41.4","25.4","38.9","34.0","38.7","20.9","51.6","","44.6","29.6","57.7","44.9","37.2"
"260","Jaylin Lane","WAS","WR","15","2025","29.2","53.8","25.9","43.1","34.5","41.7","70.3","42.3","61.3","27.5","15.6","","40.0","8.2","46.6","2.0","","","37.1"
"261","Alec Ingold","MIA","FB","17","2025","28.3","36.5","40.7","55.4","28.3","39.3","35.1","38.5","17.7","39.6","42.6","","23.7","33.3","37.5","31.0","52.8","53.7","37.1"
"262","Dalton Kincaid","BUF","TE","12","2025","52.6","45.1","54.4","36.8","54.1","","","21.7","34.4","26.2","","","","35.0","32.8","38.0","","13.9","37.0"
"263","Isaiah Williams","NYJ","WR","15","2025","","","","1.8","","","","42.9","","44.7","73.7","28.1","41.3","55.4","60.3","76.2","68.9","52.2","37.0"
"264","Kalif Raymond","DET","WR","15","2025","64.6","55.2","50.0","55.4","3.3","3.8","41.5","","46.8","54.4","64.4","40.0","","","17.7","26.1","9.4","18.1","36.7"
"265","Jake Tonges","SF","TE","16","2025","38.9","77.9","69.4","68.3","73.5","82.1","10.6","11.4","6.2","3.3","9.6","2.9","12.5","","2.9","24.2","69.1","","36.6"
"266","Justice Hill","BLT","RB","10","2025","46.0","41.5","48.1","58.5","27.5","46.7","","28.8","19.6","25.8","","22.4","","","","","","","36.5"
"267","Jack Bech","LV","WR","16","2025","6.5","7.7","22.6","9.6","52.3","73.7","63.3","","","24.1","15.5","12.0","54.3","81.3","81.0","71.7","","58.3","36.5"
"268","Tip Reiman","ARZ","TE","4","2025","49.2","","50.0","9.4","37.5","","","","","","","","","","","","","","36.4"
"269","Luke Farrell","SF","TE","17","2025","58.3","58.8","46.8","47.6","44.6","38.8","33.3","6.8","32.3","28.3","28.8","27.1","21.9","","24.3","40.9","38.2","19.0","36.3"
"270","Foster Moreau","NO","TE","11","2025","","","","","35.5","35.3","24.5","18.3","37.5","62.7","","29.5","39.1","45.5","42.9","28.6","","","36.0"
"271","Ian Thomas","LV","TE","15","2025","32.3","10.8","29.0","55.8","55.4","31.6","36.7","","18.3","10.3","29.3","53.3","56.5","50.0","","","37.0","38.3","35.9"
"272","Samaje Perine","CIN","RB","15","2025","26.5","29.2","25.0","30.2","46.6","46.8","37.5","43.1","1.5","","","","41.3","37.5","45.1","39.3","31.1","48.5","35.6"
"273","Johnny Mundt","JAX","TE","16","2025","44.4","27.1","27.3","34.9","35.2","38.2","36.5","","32.5","49.1","58.0","49.2","22.8","","18.6","35.3","25.0","31.0","35.3"
"274","Greg Dortch","ARZ","WR","12","2025","16.4","18.8","25.0","65.6","7.8","42.9","10.0","","21.5","38.4","66.2","64.5","32.8","","","","","","35.2"
"275","Cedrick Wilson","MIA","WR","10","2025","","","","","","","","32.3","22.6","28.3","29.6","","16.9","19.0","20.8","53.4","67.9","64.8","35.1"
"276","Ben Sinnott","WAS","TE","16","2025","12.3","4.6","59.3","47.1","30.9","28.3","31.3","21.2","27.4","41.2","","","17.6","24.5","58.6","68.6","61.0","54.0","35.1"
"277","Jamari Thrash","CLV","WR","9","2025","28.2","27.8","19.3","40.0","40.3","44.0","41.5","46.2","","30.0","","","","","","","","","35.1"
"278","John FitzPatrick","GB","TE","15","2025","31.9","30.2","23.0","11.4","","18.3","28.3","34.9","28.6","21.2","62.7","61.5","23.3","55.8","68.3","37.1","","","35.0"
"279","Mason Tipton","NO","WR","13","2025","","","12.9","7.7","14.5","3.9","11.3","5.6","5.0","34.3","","70.5","84.1","43.6","79.4","50.6","","","34.8"
"280","KaVontae Turpin","DAL","WR","15","2025","46.4","16.9","64.2","59.7","","","29.0","39.7","16.9","","33.8","45.6","38.5","50.0","20.3","30.4","16.1","16.7","34.6"
"281","Tanner Conner","MIA","TE","9","2025","58.7","46.2","44.1","16.1","20.8","5.4","31.6","46.2","43.5","","","","","","","","","","34.6"
"282","Tucker Fisk","LAC","TE","10","2025","","","31.3","21.4","26.2","42.2","16.2","57.1","47.7","39.1","15.6","","38.8","","","","","","34.2"
"283","Bam Knight","ARZ","RB","12","2025","","","","","15.6","48.6","47.1","","56.9","46.6","36.6","46.1","47.5","45.9","1.6","","","","34.0"
"284","Luke Schoonmaker","DAL","TE","17","2025","25.0","30.1","37.3","28.4","55.9","37.7","35.5","42.6","20.0","","44.6","30.9","32.3","22.4","29.0","26.8","47.1","29.6","33.9"
"285","Roman Wilson","PIT","WR","13","2025","18.5","35.6","18.4","5.7","","25.9","57.4","47.4","45.9","36.0","56.7","29.0","44.2","","","","13.8","","33.3"
"286","Konata Mumpfield","LA","WR","17","2025","10.5","18.6","10.6","10.0","12.5","17.6","41.9","","37.7","49.3","12.0","41.8","37.3","46.3","46.4","44.3","67.2","47.2","33.2"
"287","Nate Adkins","DEN","TE","9","2025","","","31.3","42.5","37.1","40.4","32.9","28.1","","","","","","","33.8","10.8","","37.9","33.0"
"288","Quentin Skinner","NYJ","WR","1","2025","","","","","","","","","","","","","","","","","","32.6","32.6"
"289","Chris Rodriguez","WAS","RB","13","2025","","","38.9","39.2","23.6","1.7","14.1","3.8","35.5","35.3","45.3","","43.5","42.9","","54.9","","42.9","32.6"
"290","Ronnie Bell","NO","WR","2","2025","","","","","","","","","","","","","","","","","3.8","55.4","32.5"
"291","DeAndre Hopkins","BLT","WR","17","2025","34.0","17.0","24.1","32.1","22.5","33.3","","37.3","32.1","27.3","68.3","51.7","40.4","14.3","30.0","35.2","24.3","27.1","32.3"
"292","Will Dissly","LAC","TE","9","2025","58.1","40.0","","","","40.6","4.1","","","","","","","36.6","32.3","22.6","11.9","43.5","31.8"
"293","Theo Wease","MIA","WR","3","2025","","","","","","","","","","","","","","","","34.5","26.4","33.3","31.5"
"294","Tim Patrick","JAX","WR","16","2025","11.1","17.1","31.8","30.2","9.3","19.1","17.6","","","69.1","56.5","45.9","10.5","65.1","44.1","26.5","17.6","37.9","31.5"
"295","Elijah Moore","BUF","WR","9","2025","12.8","40.8","22.8","31.6","","24.1","","48.3","25.0","36.9","","40.9","","","","","","","31.3"
"296","Payne Durham","TB","TE","17","2025","25.0","20.8","35.9","20.6","29.3","46.0","34.8","53.6","","27.3","30.9","16.4","42.1","31.9","65.6","21.3","14.3","25.8","31.3"
"297","Scott Matlock","LAC","FB","16","2025","30.6","43.6","28.8","23.2","23.1","","12.2","54.3","43.1","26.1","8.9","","28.4","22.5","54.8","46.8","23.7","26.1","31.1"
"298","Nick Chubb","HST","RB","15","2025","49.1","52.2","50.8","40.0","34.8","","26.1","42.7","36.1","14.5","25.0","19.6","32.4","9.2","","32.8","8.1","","31.1"
"299","Jerome Ford","CLV","RB","13","2025","52.1","48.6","33.3","24.6","38.8","41.3","20.8","23.1","","20.0","31.5","16.7","21.7","18.8","","","","","31.1"
"300","Jeremy McNichols","WAS","RB","17","2025","20.0","20.0","25.9","33.3","25.5","33.3","32.8","42.3","24.2","31.4","25.0","","45.9","32.7","46.6","23.5","41.5","22.2","30.9"
"301","Emanuel Wilson","GB","RB","17","2025","4.3","7.9","23.0","29.1","","18.3","32.1","41.3","33.3","19.7","70.6","55.4","18.3","15.4","19.0","45.7","36.4","54.0","30.7"
"302","Kyle Williams","NE","WR","17","2025","10.3","16.4","12.7","29.2","16.1","22.4","17.2","21.5","45.6","55.9","66.1","7.5","22.2","","9.8","37.1","85.5","44.6","30.6"
"303","Jalin Hyatt","NYG","WR","8","2025","","","9.8","37.7","45.7","40.3","33.3","","","","62.3","","","","6.0","","","","30.5"
"304","Cody White","SEA","WR","9","2025","10.0","","","","","","","","72.9","74.6","26.6","21.3","22.6","27.6","15.3","9.5","","","30.5"
"305","Malik Heath","GB","WR","11","2025","23.4","34.9","27.9","24.1","","45.0","39.6","33.3","42.9","28.8","","20.0","16.7","","","","","","30.4"
"306","Jalen Brooks","ARZ, DAL","WR","6","2025","","","","","6.8","","","","","","","","","39.3","69.8","5.4","29.6","26.9","30.4"
"307","Jawhar Jordan","HST","RB","4","2025","","","","","","","","","","","","","","","44.4","45.9","17.7","14.1","30.4"
"308","Luke McCaffrey","WAS","WR","9","2025","7.7","21.5","38.9","37.3","40.0","33.3","51.6","50.0","","","","","","","","","","","30.3"
"309","James Proche","TEN","WR","9","2025","","","","","","","","7.5","25.0","","","45.6","14.5","12.5","36.7","25.7","54.2","49.1","30.3"
"310","Tyler Allgeier","ATL","RB","17","2025","25.4","31.7","9.1","32.8","","33.3","23.3","40.8","29.6","38.3","20.7","40.0","23.9","37.1","18.2","39.7","35.8","37.7","30.2"
"311","David Moore","CAR","WR","4","2025","19.7","14.3","96.4","1.5","","","","","","","","","","","","","","","29.8"
"312","Blake Corum","LA","RB","17","2025","17.5","30.5","24.2","28.6","9.4","23.5","33.9","","28.6","37.3","32.0","34.5","33.3","31.3","46.4","29.5","23.0","31.9","29.3"
"313","Giovanni Ricci","DET","TE","3","2025","","","","","","","","","","","","","","","17.7","20.3","50.0","","29.2"
"314","Ty Johnson","BUF","RB","17","2025","32.1","22.5","26.3","19.3","18.0","42.6","","30.0","20.3","40.0","32.1","34.8","27.0","25.0","22.4","32.0","37.0","34.7","29.2"
"315","Isaiah Davis","NYJ","RB","16","2025","12.9","21.3","14.3","31.6","43.8","25.0","48.3","44.3","","29.8","28.1","28.1","11.1","23.2","38.2","38.1","13.1","","28.6"
"316","Lucas Krull","DEN","TE","3","2025","31.0","13.2","41.7","","","","","","","","","","","","","","","","28.5"
"317","C.J. Ham","MIN","FB","11","2025","","","","","14.8","","17.9","","","11.5","27.8","31.8","28.0","39.3","30.8","32.8","47.1","32.8","28.1"
"318","Jaret Patterson","LAC","RB","6","2025","","","","","","","","20.0","27.7","4.3","","","22.4","","","","10.2","78.3","27.6"
"319","Sal Cannella","CLV","TE","2","2025","","","","","","","","","","","","","","","","","34.0","21.2","27.5"
"320","Robbie Ouzts","SEA","FB","12","2025","38.0","40.6","24.1","","","","","","25.0","42.4","24.1","19.1","19.4","25.9","","15.9","21.2","31.3","27.2"
"321","Andre Baccellia","ARZ","WR","5","2025","","","","","","","","","","","22.5","19.7","","78.7","15.9","","","","26.8"
"322","Devin Singletary","NYG","RB","17","2025","16.1","6.2","23.0","24.6","31.4","6.0","2.9","16.0","55.4","34.3","47.8","29.9","47.2","","23.9","35.4","30.2","29.0","26.6"
"323","Jaylin Noel","HST","WR","17","2025","28.1","30.4","13.6","24.6","31.8","","44.9","37.3","15.3","33.3","25.0","28.6","25.4","33.8","17.5","14.8","24.2","17.2","26.4"
"324","Devontez Walker","BLT","WR","11","2025","","24.5","13.0","7.5","","","","","","","15.0","39.7","26.3","","62.5","11.1","25.7","70.8","26.2"
"325","Brycen Tremayne","CAR","WR","16","2025","31.1","18.2","29.1","81.5","23.1","34.4","22.9","11.9","24.1","","34.7","9.3","25.8","","14.3","14.8","15.4","14.3","26.2"
"326","Tutu Atwell","LA","WR","10","2025","40.4","42.4","36.4","28.6","65.6","","12.9","","","","","","","","5.8","9.1","21.3","11.1","26.2"
"327","Dylan Sampson","CLV","RB","15","2025","45.1","25.0","7.0","13.8","10.4","16.0","17.0","46.2","","27.1","11.1","35.4","18.3","39.1","","","36.0","50.0","26.0"
"328","Brevyn Spann-Ford","DAL","TE","17","2025","17.9","13.3","20.9","22.4","32.2","18.9","24.2","32.4","13.8","","35.4","26.5","29.2","17.1","29.0","19.6","51.7","31.5","26.0"
"329","Mitchell Tinsley","CIN","WR","17","2025","6.1","13.8","13.5","16.3","5.2","16.1","15.3","17.2","26.2","","11.1","72.6","66.3","12.5","46.5","36.1","29.7","12.1","25.9"
"330","DeMario Douglas","NE","WR","17","2025","64.7","23.6","36.6","14.6","28.6","24.1","23.4","18.5","23.5","20.3","30.6","17.9","34.9","","17.6","17.1","12.9","23.2","25.9"
"331","Darius Cooper","PHI","WR","13","2025","3.2","19.0","9.5","","","","","43.9","","18.3","4.3","20.7","25.5","28.8","30.3","18.2","31.5","83.9","25.6"
"332","Brenden Bates","HST, CLV","TE","9","2025","","","","7.7","19.7","","1.4","","","","13.0","41.7","","","23.2","42.2","48.0","46.2","25.6"
"333","Durham Smythe","CHI","TE","17","2025","9.5","7.8","40.4","46.9","","13.6","31.3","32.3","28.9","15.6","21.9","31.1","24.7","29.4","37.5","18.3","20.3","23.1","25.5"
"334","Jaydon Blue","DAL","RB","5","2025","","","","","18.6","9.4","24.2","17.6","","","","","","","","","","59.3","25.3"
"335","Taysom Hill","NO","TE","13","2025","","","","","12.9","23.5","17.0","7.0","22.5","37.3","","30.8","17.4","41.8","23.8","42.9","13.5","32.3","25.3"
"336","Quintin Morris","JAX","TE","13","2025","","","","4.8","1.9","1.5","","","","52.7","71.0","31.1","19.3","31.7","28.8","26.5","14.7","44.8","25.1"
"337","Kendre Miller","NO","RB","7","2025","13.0","16.4","27.1","32.3","41.9","37.3","3.8","","","","","","","","","","","","24.5"
"338","Malachi Corley","CLV","WR","13","2025","","","","","17.9","2.7","24.5","7.7","","25.7","29.6","25.0","35.0","6.3","25.0","43.8","40.0","42.3","24.3"
"339","Keleki Latu","BUF","TE","5","2025","","","","","","","","","","","11.3","12.1","5.4","","","","21.9","66.7","24.3"
"340","Tyler Conklin","LAC","TE","10","2025","41.9","49.1","27.5","17.9","30.8","4.7","","8.6","","30.4","","","3.0","","","","","31.9","24.2"
"341","Raheim Sanders","CLV","RB","4","2025","4.2","","","","","","","","","","","","","","","29.7","42.0","26.9","24.1"
"342","Blake Whiteheart","CLV","TE","16","2025","4.2","5.6","3.5","18.5","9.0","28.0","62.3","15.4","","12.9","","14.6","10.0","39.1","17.9","35.9","60.0","65.4","23.9"
"343","Ty Chandler","MIN","RB","3","2025","","","","","","","","","","","","","","","","","25.5","40.6","23.8"
"344","Kylen Granson","PHI","TE","17","2025","27.4","56.9","3.2","7.0","38.2","23.2","34.7","14.0","","26.7","21.7","8.6","3.9","3.0","27.3","12.1","18.5","77.4","23.7"
"345","Andrew Ogletree","IND","TE","15","2025","37.1","14.9","32.1","16.1","49.1","27.6","29.3","19.2","16.4","24.3","","22.0","23.5","19.0","15.5","8.6","","","23.6"
"346","Trent Sherfield","ARZ, DEN","WR","12","2025","33.8","37.7","43.8","27.5","20.0","24.6","11.8","19.3","13.1","21.1","","","","14.8","22.2","","","","23.6"
"347","Braelon Allen","NYJ","RB","4","2025","30.6","19.1","31.7","10.5","","","","","","","","","","","","","","","23.6"
"348","Emari Demercado","ARZ","RB","13","2025","","2.1","10.9","40.6","26.6","4.3","","","40.0","41.1","19.7","","","","11.1","30.4","51.9","23.1","23.4"
"349","Austin Trammell","JAX","WR","6","2025","","","","","","","","","28.6","14.5","21.7","9.8","57.9","7.9","","","","","23.3"
"350","Marcedes Lewis","DEN","TE","5","2025","","","","","","","","","8.2","28.1","18.0","","","38.9","","","21.1","","23.3"
"351","Trayveon Williams","LAC, CLV","RB","6","2025","","","","","","","","","","","37.8","","","","33.9","31.3","22.0","21.2","23.2"
"352","Gage Larvadain","CLV","WR","13","2025","","","","","1.5","16.0","32.1","51.9","","24.3","7.4","27.1","28.3","37.5","55.4","7.8","8.0","7.7","23.0"
"353","Ollie Gordon","MIA","RB","17","2025","26.1","11.5","23.7","25.0","26.4","25.0","31.6","30.8","19.4","5.7","38.9","","27.1","25.4","10.4","5.2","15.1","37.0","22.8"
"354","Xavier Restrepo","TEN","WR","2","2025","","","","","","","","","","","","26.5","18.2","","","","","","22.8"
"355","Tylan Wallace","BLT","WR","14","2025","32.0","50.9","55.6","41.5","10.0","9.3","","8.5","16.1","12.1","41.7","25.9","","3.9","17.5","","","2.1","22.7"
"356","Zaire Mitchell-Paden","NO, BLT","TE","8","2025","30.0","26.4","27.8","17.0","27.5","12.0","","","","38.8","","9.0","","","","","","","22.6"
"357","Nick Kallerup","SEA","TE","9","2025","","","","","","","","","20.8","47.5","11.4","21.3","30.6","48.3","16.9","1.6","10.6","","22.6"
"358","Jelani Woods","NYJ","TE","4","2025","","","","","","","","1.4","","","","","","","35.3","20.6","34.4","","22.5"
"359","LeQuint Allen","JAX","RB","17","2025","14.3","15.7","28.8","17.5","18.5","25.0","21.6","","28.6","30.9","18.8","14.8","22.8","25.4","30.5","30.9","19.1","17.2","22.4"
"360","Jack Westover","NE","FB","17","2025","2.9","10.9","4.2","22.9","25.0","15.5","29.7","26.2","45.6","25.4","27.4","23.9","12.7","","15.7","15.7","33.9","35.7","21.9"
"361","Malik Davis","DAL","RB","10","2025","","","","","","","1.6","5.9","7.7","","18.5","17.6","13.8","9.2","50.7","33.9","50.6","","21.7"
"362","Jaylen Wright","MIA","RB","10","2025","","","","","","","15.8","15.4","","18.9","1.9","","10.2","50.8","8.3","31.0","15.1","44.4","21.6"
"363","Dylan Drummond","ATL","WR","9","2025","","","","","","","","12.2","1.9","","","27.3","31.3","59.7","37.9","2.7","","14.8","21.5"
"364","Bhayshul Tuten","JAX","RB","15","2025","6.3","25.7","18.2","22.2","22.2","14.7","28.4","","22.1","27.3","31.9","21.3","31.6","3.2","18.6","","","25.9","21.3"
"365","Hunter Luepke","DAL","FB","17","2025","14.3","15.7","13.4","23.9","33.9","28.3","16.1","16.2","6.2","","23.1","22.1","26.2","25.0","21.7","14.3","34.5","24.1","21.3"
"366","Miles Sanders","DAL","RB","4","2025","14.3","22.9","35.8","10.4","","","","","","","","","","","","","","","21.2"
"367","Xavier Smith","LA","WR","16","2025","3.5","3.4","","7.1","","21.6","46.8","","16.9","47.8","12.0","","39.2","29.9","4.3","23.9","50.8","33.3","21.2"
"368","Jack Stoll","NO","TE","15","2025","24.6","25.4","31.4","35.4","38.7","19.6","20.8","12.7","22.5","","","11.5","4.3","23.6","14.3","28.6","1.9","","21.1"
"369","Harrison Bryant","HST","TE","12","2025","","37.0","25.4","13.8","27.3","","26.1","28.0","27.8","23.2","","","","","4.8","9.8","6.5","23.4","21.0"
"370","Najee Harris","LAC","RB","3","2025","17.7","34.5","13.8","","","","","","","","","","","","","","","","20.8"
"371","Ashton Dulin","IND","WR","12","2025","14.3","11.9","17.0","19.6","68.4","1.7","","23.1","8.2","20.3","","18.0","","","","","14.5","36.5","20.7"
"372","Dante Pettis","NO","WR","8","2025","","","","","","","","","","","","7.7","4.3","3.6","3.2","15.6","67.3","75.4","20.7"
"373","Reggie Gilliam","BUF","FB","17","2025","15.4","25.4","15.8","29.8","9.8","37.0","","41.7","26.6","26.2","20.8","16.7","12.2","20.0","11.9","22.0","8.2","20.8","20.7"
"374","Raheem Mostert","LV","RB","12","2025","","","","15.4","46.2","21.1","26.7","","10.0","12.1","22.4","20.0","4.3","31.3","23.8","7.5","","","20.2"
"375","Moliki Matavao","NO","TE","6","2025","1.4","4.5","","7.7","","","","","","","","","","","","27.3","51.9","33.8","20.0"
"376","Jalen Royals","KC","WR","7","2025","","","","18.6","6.3","1.6","20.8","","","","","","","","","4.7","11.9","67.7","19.8"
"377","Chris Brooks","GB","RB","17","2025","19.1","17.5","13.1","6.3","","8.3","13.2","4.8","17.5","9.1","9.8","44.6","28.3","15.4","27.0","21.4","45.5","46.0","19.7"
"378","Scott Miller","PIT","WR","13","2025","14.8","15.3","8.2","24.5","","44.8","11.1","","","","3.3","5.8","","5.9","9.7","21.4","63.1","21.9","19.7"
"379","KeAndre Lambert-Smith","LAC","WR","10","2025","22.6","9.1","","10.7","12.3","28.1","","","7.7","","","","","","33.9","22.6","10.2","33.3","19.4"
"380","Braxton Berrios","HST","WR","4","2025","","","","","","","46.4","29.3","","1.4","","","","","","","","","19.3"
"381","Jonathan Mingo","DAL","WR","6","2025","","","","","","","","","","","","4.4","","22.4","10.1","35.7","9.2","42.6","19.0"
"382","Adam Prentice","DEN","FB","17","2025","21.1","17.0","10.4","8.8","5.7","19.3","9.2","14.0","16.4","17.5","31.1","","23.2","41.7","24.6","10.8","29.6","20.7","19.0"
"383","Jakob Johnson","HST","FB","7","2025","10.5","39.1","22.0","","","","","","","","20.6","19.6","11.3","15.4","","","","","19.0"
"384","Jimmy Horn","CAR","WR","13","2025","","","","","29.2","21.9","20.0","13.6","24.1","20.0","8.0","18.6","6.5","","7.1","22.2","26.9","30.6","18.7"
"385","Evan Hull","NO","RB","6","2025","","","","","","","","","","","","","18.8","12.7","30.2","20.8","17.3","10.8","18.6"
"386","Phil Mafah","DAL","RB","1","2025","","","","","","","","","","","","","","","","","","18.5","18.5"
"387","Zamir White","LV","RB","5","2025","14.5","27.7","29.0","","","","","","","","","","","","","","16.7","3.3","18.5"
"388","Jahdae Walker","CHI","WR","7","2025","","","","1.6","","","","3.2","3.9","","","","","2.9","","26.7","62.5","34.6","18.4"
"389","Ross Dwelley","DET","TE","10","2025","","","6.1","7.1","26.2","15.1","9.2","","","16.2","1.7","3.1","73.3","28.1","","","","","18.4"
"390","Stone Smartt","NYJ","TE","8","2025","","","","","","","","","","4.3","","","3.2","5.4","16.2","31.7","26.2","65.2","18.3"
"391","Chris Manhertz","NYG","TE","17","2025","27.4","21.5","19.7","15.9","11.4","22.4","11.6","4.0","3.6","4.3","20.3","36.4","3.8","","6.0","47.9","23.8","29.0","18.2"
"392","Tanner Hudson","CIN","TE","13","2025","","","","2.3","1.7","25.8","","19.0","16.9","","33.3","22.6","7.5","10.7","25.4","24.6","25.7","9.1","17.7"
"393","Efton Chism","NE","WR","8","2025","","","","","","3.4","14.1","","5.9","3.4","8.1","","3.2","","","","62.9","42.9","17.7"
"394","Tyler Badie","DEN","RB","16","2025","16.9","22.6","4.2","10.0","25.7","","25.0","14.0","23.0","21.1","13.1","","26.1","16.7","9.2","23.1","11.3","15.5","17.5"
"395","Tay Martin","WAS","WR","3","2025","","","","15.7","25.5","11.7","","","","","","","","","","","","","17.5"
"396","Bryce Oliver","TEN","WR","3","2025","5.5","12.5","","","","","","","","","","","","","","","","35.8","17.4"
"397","Brashard Smith","KC","RB","17","2025","13.8","8.8","10.4","25.7","7.9","9.7","36.4","13.4","17.5","","17.7","19.8","6.7","7.8","5.1","18.6","14.3","53.2","17.3"
"398","Jacoby Jones","WAS","WR","1","2025","","","","","","","","","","","17.2","","","","","","","","17.2"
"399","Jake Bobo","SEA","WR","11","2025","","15.6","33.3","14.1","7.4","22.2","22.4","","","","","10.6","","15.5","6.8","","25.8","13.4","17.1"
"400","Antonio Gibson","NE","RB","5","2025","7.4","18.2","25.4","18.8","16.1","","","","","","","","","","","","","","17.1"
"401","Brian Robinson","SF","RB","17","2025","25.0","22.1","8.1","12.7","13.3","7.5","25.8","4.5","13.8","21.7","30.8","17.1","20.3","","15.7","15.2","16.2","14.3","16.8"
"402","Travis Vokolek","ARZ","TE","3","2025","4.9","33.3","","","15.6","","","","","","","","","","","","","","16.8"
"403","Ben Skowronek","PIT","WR","16","2025","18.5","5.1","6.1","34.0","","17.2","9.3","19.3","36.1","14.0","25.0","36.2","9.3","15.7","6.5","1.4","","11.0","16.7"
"404","Hayden Rucci","MIA","TE","4","2025","","","","","","","","16.9","6.5","41.5","3.7","","","","","","","","16.7"
"405","Ben Yurosek","MIN","TE","12","2025","14.3","8.7","22.4","","","","1.5","29.8","28.8","18.0","3.7","","","","1.9","3.4","27.5","39.1","16.7"
"406","Bo Melton","GB","WR","9","2025","","","","","","","","","","36.4","2.0","1.5","18.3","17.3","14.3","1.4","38.6","26.0","16.5"
"407","Keaton Mitchell","BLT","RB","13","2025","","","","","10.0","1.3","","10.2","17.9","7.6","26.7","17.2","14.0","14.3","40.0","35.2","17.6","12.5","16.4"
"408","Jaleel McLaughlin","DEN","RB","8","2025","","","","","","10.5","","","","","13.1","","18.8","12.5","13.8","15.4","22.5","22.4","16.2"
"409","Khalil Herbert","NYJ","RB","5","2025","","","","","","","","","","","","","","","7.4","","21.3","67.4","16.1"
"410","CJ Dippre","NE","TE","2","2025","","","","","","","","","","","","","","","","","12.9","19.6","16.1"
"411","Nick Vannett","LA, MIN","TE","5","2025","","","","4.2","1.6","","","","44.1","","","","","14.9","","","","18.1","16.0"
"412","Sean Tucker","TB","RB","17","2025","1.8","1.4","","","20.7","22.0","10.6","33.9","","33.3","45.6","38.8","14.0","15.9","11.5","8.2","6.3","7.6","15.9"
"413","Ben Sims","MIN, GB","TE","9","2025","","","","","","1.7","","","","9.8","","2.3","6.0","29.5","15.4","12.1","27.5","32.8","15.8"
"414","Zavier Scott","MIN","RB","11","2025","","","27.6","37.5","21.3","","13.4","12.8","","","","","18.0","9.8","","13.8","","9.4","15.4"
"415","Samori Toure","NO","WR","1","2025","","","","","","","","","","","","","","","","","","15.4","15.4"
"416","Ray Davis","BUF","RB","17","2025","10.3","26.8","7.0","8.8","9.8","3.7","","25.0","4.7","9.2","","9.1","17.6","6.7","9.0","16.0","12.3","62.5","14.7"
"417","Ko Kieft","TB","TE","3","2025","14.3","5.6","25.0","","","","","","","","","","","","","","","","14.6"
"418","Will Mallory","IND","TE","2","2025","","","","","8.8","","","","","","","","","","","","20.0","","14.3"
"419","Ryan Miller","TB","WR","13","2025","14.3","20.8","26.6","8.8","15.5","22.0","13.6","33.9","","12.1","11.8","7.5","1.8","","","","","","14.2"
"420","James Mitchell","CAR","TE","5","2025","","","","23.1","18.5","14.1","","","","","","","4.8","","","","","8.2","14.1"
"421","David Martin-Robinson","TEN","TE","15","2025","1.8","","1.5","","20.0","15.3","11.8","6.0","6.8","","1.8","8.8","10.9","25.0","22.4","28.6","11.1","39.6","14.1"
"422","Tank Bigsby","PHI, JAX","RB","16","2025","19.0","","","","","","8.2","26.3","","11.7","11.6","5.2","2.0","10.6","40.9","12.1","9.3","58.1","14.0"
"423","Teagan Quitoriano","ATL","TE","15","2025","2.8","22.2","10.6","12.5","","4.5","","6.1","","3.3","3.4","61.8","9.0","12.9","7.6","24.7","28.3","3.3","13.8"
"424","Beaux Collins","NYG","WR","9","2025","1.6","","13.1","27.5","37.1","6.0","5.8","24.0","3.6","","","","","","","","","","13.4"
"425","Rasheen Ali","BLT","RB","15","2025","2.0","","","1.9","","4.0","","","","","20.0","","49.1","32.5","25.0","20.4","18.9","16.7","13.3"
"426","Tahj Washington","MIA","WR","6","2025","","","","","5.7","","","","12.9","9.4","3.7","","","","","","9.4","37.0","13.1"
"427","Jared Wiley","KC","TE","4","2025","","","","","","","","","","","","","15.0","","","4.7","9.5","19.4","13.0"
"428","Corey Kiner","ARZ","RB","4","2025","","","","","","","","","","","","","","","7.9","16.1","3.7","25.0","12.9"
"429","Robert Tonyan","KC","TE","16","2025","8.6","14.0","14.9","15.7","14.3","19.4","31.2","7.5","10.5","","11.3","16.5","10.0","6.3","5.1","4.7","","3.2","12.7"
"430","DJ Giddens","IND","RB","9","2025","24.3","7.5","15.1","5.4","14.0","3.4","5.2","","","","","","","","","","1.8","31.7","12.5"
"431","Will Shipley","PHI","RB","15","2025","8.1","","","5.3","14.5","5.4","16.3","12.3","","20.0","10.1","12.1","5.9","10.6","4.5","9.1","9.3","41.9","12.4"
"432","Pharaoh Brown","ARZ","TE","7","2025","","","","","","","","","","","12.7","9.2","11.5","4.9","17.5","12.5","","19.2","12.3"
"433","Colson Yankoff","WAS","TE","14","2025","6.2","1.5","35.2","17.6","3.6","5.0","6.3","","","7.8","25.0","","4.7","24.5","13.8","","9.8","17.5","12.2"
"434","Tom Kennedy","DET","WR","6","2025","","","","","","","","","","","","","66.7","8.8","","1.4","","1.4","12.2"
"435","Ricky White","SEA","WR","2","2025","","","","","","","","","14.6","10.2","","","","","","","","","12.1"
"436","Savion Williams","GB","WR","12","2025","6.4","15.9","9.8","12.7","","11.7","7.5","19.0","30.2","9.1","3.9","12.3","","","","4.3","","","12.1"
"437","Ja'Corey Brooks","WAS","WR","1","2025","","","","","","11.7","","","","","","","","","","","","","11.7"
"438","AJ Dillon","PHI","RB","7","2025","12.9","15.5","7.9","14.0","14.5","14.3","","","","","","","","","","","","3.2","11.6"
"439","Tim Jones","MIN, JAX","WR","4","2025","6.1","6.5","","","","","","","19.5","9.1","","","","","","","","","11.5"
"440","Dee Eskridge","MIA","WR","13","2025","28.3","7.7","6.8","7.1","1.9","19.6","28.1","1.5","12.9","","","","3.4","11.1","16.7","8.6","","","11.4"
"441","Brandon Smith","NYJ","WR","1","2025","","","","","","","","11.4","","","","","","","","","","","11.4"
"442","Hassan Haskins","LAC","RB","11","2025","1.6","1.8","7.5","8.9","21.5","31.3","32.4","","","","","","","","","9.7","1.7","4.3","11.3"
"443","Dare Ogunbowale","HST","RB","17","2025","26.3","19.6","","1.5","3.0","","13.0","16.0","16.7","7.2","7.4","7.1","5.6","1.5","33.3","18.0","3.2","14.1","11.2"
"444","Thomas Fidone","NYG","TE","2","2025","","","","","","","4.3","","19.6","","","","","","","","","","11.2"
"445","Derius Davis","LAC","WR","11","2025","11.3","9.1","8.8","","","","2.7","4.3","1.5","7.2","11.1","","1.5","","","","","65.2","11.1"
"446","Cameron Latu","PHI","TE","15","2025","","10.3","6.3","14.0","3.6","12.5","6.1","14.0","","6.7","1.4","5.2","9.8","6.1","28.8","","11.1","29.0","11.1"
"447","Sean McKeon","IND","TE","1","2025","","","","","","","","","","","","","","","","","","11.1","11.1"
"448","Zach Davidson","NYG","TE","1","2025","","","","","","","","","","","","","","","","","11.1","","11.1"
"449","D'Ernest Johnson","ARZ, NE","RB","6","2025","","","","","","","17.1","","","10.2","9.7","","","","","1.4","12.9","16.1","11.1"
"450","Ameer Abdullah","IND","RB","13","2025","","","","","7.0","5.2","8.6","19.2","6.8","6.8","","8.0","2.0","25.4","24.1","6.9","10.9","12.7","11.0"
"451","Josiah Deguara","ARZ","TE","12","2025","","","","","","","15.7","","13.8","4.1","5.6","17.1","4.9","11.5","12.7","14.3","18.5","11.5","10.9"
"452","Clyde Edwards-Helaire","KC","RB","2","2025","","","","","","","","","3.5","","","15.4","","","","","","","10.8"
"453","KhaDarel Hodge","ATL","WR","11","2025","11.3","14.3","3.0","","","4.5","6.7","67.3","1.9","3.3","8.6","9.1","","","","","","","10.8"
"454","Mason Kinsey","TEN","WR","10","2025","","","","","","","7.8","9.0","2.3","","54.4","8.8","","4.7","2.0","4.3","11.1","1.9","10.8"
"455","Brittain Brown","CHI","RB","2","2025","","","","","","","","","18.4","","","","","","1.6","","","","10.7"
"456","Gunner Olszewski","NYG","WR","16","2025","","","1.6","","","1.5","1.4","","7.1","37.1","","7.8","1.9","","","2.1","15.9","84.1","10.7"
"457","Jordan Watkins","SF","WR","4","2025","","","","","","","","13.6","12.3","5.0","","","","","","12.1","","","10.6"
"458","Andrew Beck","NYJ","FB","17","2025","8.1","2.1","9.5","10.5","13.7","5.4","5.0","11.4","","19.1","7.0","7.0","11.1","12.5","16.2","7.9","8.2","23.9","10.4"
"459","Britain Covey","PHI","WR","6","2025","","","","","","","","","","","","","","","6.1","1.5","","53.2","10.4"
"460","Stephen Carlson","CHI","TE","2","2025","","","","14.1","","","","6.5","","","","","","","","","","","10.3"
"461","Terrell Jennings","NE","RB","6","2025","","","","","","","12.5","7.7","25.0","8.5","","4.5","","","","","","","9.8"
"462","Skyy Moore","SF","WR","17","2025","4.2","2.9","51.6","11.1","9.6","4.5","4.5","20.5","12.3","16.7","","7.1","","","","10.6","5.9","11.9","9.8"
"463","E.J. Jenkins","PHI","TE","2","2025","","","","","","","10.2","","","","","","","","","9.1","","","9.6"
"464","Kameron Johnson","TB","WR","17","2025","1.8","8.3","1.6","7.4","12.1","52.0","21.2","10.7","","13.6","8.8","11.9","10.5","8.7","","1.6","","","9.6"
"465","Dareke Young","SEA","WR","9","2025","","12.5","29.6","3.1","7.4","5.6","","","","","","","","","","","16.7","11.9","9.4"
"466","Connor Heyward","PIT","TE","16","2025","7.4","13.6","2.0","30.2","","10.3","5.6","","6.6","4.0","8.3","5.8","","9.8","6.5","12.9","9.2","15.1","9.3"
"467","Jacardia Wright","SEA","RB","1","2025","","","9.3","","","","","","","","","","","","","","","","9.3"
"468","Kaleb Johnson","PIT","RB","10","2025","3.7","3.4","","20.8","","19.0","","","8.2","6.0","13.3","","7.0","5.9","3.2","","","","9.1"
"469","Shedrick Jackson","LV","WR","5","2025","","","","","","","10.0","","","","","","","4.2","9.5","","13.0","8.3","9.0"
"470","Amar Johnson","LAC","RB","1","2025","","","","","","","","","","","8.9","","","","","","","","8.9"
"471","Anthony Gould","IND","WR","11","2025","","","5.7","","12.3","3.4","63.8","5.8","","","","","","6.3","","","","","8.8"
"472","Treyton Welch","NO","TE","3","2025","","","5.7","","","","","","","","","","","","","","9.6","10.8","8.6"
"473","Dameon Pierce","HST, KC","RB","5","2025","12.3","","","","24.2","","","","","","","","","","","","","8.1","8.5"
"474","Cam Grandy","CIN","TE","5","2025","","","21.2","4.7","","","8.3","","","","","","","","1.4","8.2","","","8.4"
"475","Zach Horton","DET","TE","2","2025","","","","","","","","","","","","","13.3","","","","","4.2","8.3"
"476","British Brooks","HST","FB","13","2025","","","","4.6","16.7","","2.9","14.7","15.3","2.9","","1.8","5.6","","3.2","3.3","4.8","28.1","8.2"
"477","Elijah Mitchell","KC","RB","1","2025","","","","","","","","","","","8.1","","","","","","","","8.1"
"478","Carter Runyon","LV","TE","10","2025","","","","","9.2","3.5","13.3","","","","1.7","9.3","13.0","10.4","","7.5","1.9","13.3","8.1"
"479","Malik Turner","SF","WR","3","2025","","","1.6","","7.2","","15.2","","","","","","","","","","","","8.1"
"480","DeeJay Dallas","CAR, JAX","RB","5","2025","","","","","18.5","6.3","","","","","","","","","","","14.7","","8.0"
"481","Dan Chisena","CAR","WR","1","2025","","","","","","","","","","8.0","","","","","","","","","8.0"
"482","Simi Fehoko","ARZ","WR","7","2025","","","","","6.3","12.9","1.4","","3.1","28.8","","","","","","","","","7.9"
"483","Tejhaun Palmer","ARZ","WR","1","2025","","","","","","","","","","","","","","","","","","7.7","7.7"
"484","Devin Culp","TB","TE","11","2025","","","","","8.6","6.0","4.5","3.6","","7.6","5.9","6.0","8.8","5.8","27.9","","","","7.6"
"485","Steven Sims","ARZ","WR","3","2025","","","","","","","","","","","","","","","","12.5","5.6","3.8","7.4"
"486","Jeff Wilson","MIA","RB","2","2025","2.2","","","","","","","","","","","","","","","","","11.1","7.0"
"487","Dalevon Campbell","CAR","WR","2","2025","","","","12.3","","","","","","","","","","","","","","","6.7"
"488","Laquon Treadwell","IND","WR","9","2025","","","","","","","","","","","","2.0","13.7","20.6","6.9","6.9","1.8","7.9","6.6"
"489","Alex Bachman","LV","WR","13","2025","3.2","1.5","6.5","","12.3","5.3","6.7","","","3.4","","2.7","","","","17.0","20.4","6.7","6.4"
"490","Tahj Brooks","CIN","RB","12","2025","","","19.2","","","","","","4.6","","11.1","14.5","","","1.4","9.8","14.9","","6.4"
"491","Jason Brownlee","KC","WR","6","2025","8.6","10.5","10.4","","","","","","","","","","","","","","","8.1","6.2"
"492","LaJohntay Wester","BLT","WR","16","2025","","5.7","","3.8","10.0","2.7","","","3.6","1.5","10.0","1.7","8.8","6.5","22.5","3.7","8.1","18.8","6.2"
"493","Josh Williams","TB","RB","2","2025","","","","","3.4","","","8.9","","","","","","","","","","","6.1"
"494","Brady Russell","SEA","FB","16","2025","","","13.0","10.9","3.7","16.7","22.4","","2.1","8.5","","2.1","1.6","1.7","8.5","","","6.0","6.1"
"495","George Holani","SEA","RB","10","2025","","","37.0","","","","","","6.3","18.6","2.5","","","","","","","","6.1"
"496","Trevor Etienne","CAR","RB","17","2025","3.3","2.6","3.6","16.9","18.5","12.5","5.7","6.8","3.7","","5.3","","8.1","","","1.9","5.8","2.0","6.0"
"497","Michael Bandy","DEN","WR","4","2025","","","","","","","","","9.8","1.8","","","","","3.1","","8.5","","5.9"
"498","River Cracraft","WAS","WR","2","2025","","","","","","","","","","","","","","","","","","9.5","5.8"
"499","Chris Blair","ATL","WR","3","2025","","","","","","","","","","","","","","","4.5","11.0","","","5.7"
"500","Tai Felton","MIN","WR","14","2025","","","20.7","","","","","12.8","","","","","","16.4","1.9","12.1","","10.9","5.4"
"501","Tyler Goodson","IND","RB","11","2025","","","7.5","7.1","","","","7.7","13.7","2.7","","2.0","","1.6","","8.6","","4.8","5.2"
"502","Nate Carter","ATL","RB","4","2025","","1.6","10.6","","","","","4.1","","","","","","","","","","3.3","5.0"
"503","Deven Thompkins","ATL","WR","7","2025","","","","","","","","","","","","","13.4","9.7","","2.7","","8.2","4.9"
"504","Myles Gaskin","SEA","RB","1","2025","","","","","","","","","","","","","4.8","","","","","","4.8"
"505","Kene Nwangwu","NYJ","RB","10","2025","","","","","","","1.7","","","","","","","","","","18.0","32.6","4.8"
"506","Kendall Milton","CIN","RB","1","2025","","","","","","","","","","","4.8","","","","","","","","4.8"
"507","Jordan James","SF","RB","1","2025","","","","","","","","","","","","","","","","4.5","","","4.5"
"508","Jackson Meeks","DET","WR","2","2025","","","","7.1","","","","","","","1.7","","","","","","","","4.3"
"509","Julius Chestnut","TEN","RB","17","2025","10.9","10.9","9.2","15.2","4.6","1.7","","3.0","","","","7.4","","","2.0","2.9","","","4.0"
"510","Jalen Cropper","DAL","WR","3","2025","","","","1.5","8.5","1.9","","","","","","","","","","","","","3.9"
"511","Mecole Hardman","BUF","WR","2","2025","","","","","","","","","","","7.5","","","","","","","","3.9"
"512","Kalel Mullings","TEN","RB","5","2025","","","","","","","","","","","","","7.3","","4.1","7.1","1.4","","3.8"
"513","Owen Wright","TB","RB","3","2025","","","","","","2.0","","","","","1.5","7.5","","","","","","","3.8"
"514","Parris Campbell","DAL","WR","1","2025","","","","","","3.8","","","","","","","","","","","","","3.8"
"515","Dalen Cambre","NYG","WR","6","2025","","","","","","","","","","","","1.3","3.8","","3.0","","6.3","8.7","3.8"
"516","Ronnie Rivers","LA","RB","7","2025","","","","","","","1.6","","","","","","","16.4","","","3.3","4.2","3.6"
"517","Cam Akers","MIN, SEA","RB","4","2025","","","12.1","","1.6","","","","","","","","","","","","","1.5","3.6"
"518","Devin Duvernay","CHI","WR","17","2025","","","","","","","","16.1","2.6","","","","","1.5","14.1","10.0","17.2","","3.5"
"519","Ke'Shawn Williams","PIT, CIN","WR","11","2025","","","","","","1.7","","1.8","3.3","","","","11.6","","","6.6","10.8","3.0","3.5"
"520","Nikko Remigio","KC","WR","14","2025","1.7","1.8","7.5","4.3","","1.6","15.6","1.5","","","","","","","1.7","9.3","","","3.2"
"521","Brayden Willis","SF","TE","6","2025","","8.8","1.6","3.2","2.4","1.5","","","","","","","","","","","1.5","","3.2"
"522","Dominic Lovett","DET","WR","8","2025","","5.2","1.5","1.8","3.3","","","","","5.9","1.7","","","3.5","","","","","2.9"
"523","Ulysses Bentley","IND","RB","1","2025","2.9","","","","","","","","","","","","","","","","","","2.9"
"524","Dylan Laube","LV","RB","17","2025","","18.5","11.3","","","","16.7","","","","1.7","","","","4.8","","","","2.9"
"525","Nyheim Hines","NO, LAC","RB","4","2025","","","","","","1.6","1.4","5.7","","","","","","","","","","1.5","2.6"
"526","Xavier Gipson","NYJ, PHI","WR","6","2025","","","","","","","","8.8","","1.7","","5.2","","","","","","","2.5"
"527","Charlie Jones","CIN","WR","14","2025","","1.5","5.8","","","","","","","","","17.7","3.8","3.6","","","","","2.3"
"528","Eric Gray","NYG","RB","2","2025","","","","","","","","","","","","","","","","","4.8","","2.1"
"529","Velus Jones","NO, SEA","RB","6","2025","","","","1.5","1.6","","","","","","","","","8.6","1.7","","","","2.1"
"530","Feleipe Franks","ATL","TE","12","2025","1.4","","","4.7","","4.5","","","","","","5.5","1.5","","","2.7","","3.3","2.0"
"531","Lawrence Cager","WAS","TE","1","2025","","","","","","","","","","","","","","","","2.0","","","2.0"
"532","Myles Price","MIN","WR","16","2025","","","17.2","","","","","","","","","","2.0","4.9","1.9","3.4","","","1.9"
"533","Justin Shorter","LV","WR","5","2025","","","3.2","","","3.5","3.3","","","","","","","","","","","","1.9"
"534","Malik Cunningham","DET","WR","1","2025","","","","","","","","","","","","","","1.8","","","","","1.8"
"535","Maurice Alexander","CHI","WR","1","2025","","","","","","","","","","","","","","","","1.7","","","1.7"
"536","Jimmy Holiday","KC","WR","1","2025","","","","","","","","","","","","","","","","","","1.6","1.6"
"537","Jacob Saylors","DET","RB","11","2025","","","1.5","7.1","","","","","","","1.7","","","3.5","","","","","1.2"
"538","Craig Reynolds","DET","RB","6","2025","","5.2","","","","","","","","1.5","","","","","","","","","1.1"
"539","Roschon Johnson","CHI","RB","6","2025","","","","","","5.1","1.5","","","","","","","","","","","","1.0"
"540","Travis Homer","CHI","RB","8","2025","","","","","","","","","5.3","","1.4","","","","","","","","0.9"
"541","Kaden Davis","CLV","WR","2","2025","","","","","","","","","","","1.9","","","","","","","","0.9"
"542","Coleman Owen","IND","WR","2","2025","","","","","","","","","","","","","","","","1.7","","","0.9"
"543","Chase Edmonds","WAS","RB","3","2025","","","","","","","","","","","","","","","","","2.4","","0.6"
"544","Trey Sermon","PIT","RB","3","2025","","","","","","","","","1.6","","","","","","","","","","0.6"
"545","Sione Vaki","DET","RB","8","2025","","","","","","","","","","1.5","","","","","","","","","0.2"
"546","Jamal Agnew","ATL","WR","11","2025","","","","","","","","2.0","","","","","","","","","","","0.2"
"547","DeAndre Carter","CLV","WR","4","2025","","","","","","","","","","","","","","","","","","","0.0"
"548","Gary Brightwell","CIN","RB","2","2025","","","","","","","","","","","","","","","","","","","0.0"
"549","Jeshaun Jones","MIN","WR","1","2025","","","","","","","","","","","","","","","","","","","0.0"
"550","Princeton Fant","DAL","TE","1","2025","","","","","","","","","","","","","","","","","","","0.0"
"551","Jordan Mims","TEN","RB","1","2025","","","","","","","","","","","","","","","","","","","0.0"
"552","Lew Nichols","PIT","RB","1","2025","","","","","","","","","","","","","","","","","","","0.0"
"553","Isaac Guerendo","SF","RB","7","2025","","","","","","","","","","","","","","","","","","","0.0"
"554","Nikola Kalinic","CHI","TE","2","2025","","","","","","","","","","","","","","","","","","","0.0"
"555","Avery Williams","NYJ","RB","1","2025","","","","","","","","","","","","","","","","","","","0.0"
"556","DJ Turner","LV","WR","1","2025","","","","","","","","","","","","","","","","","","","0.0"

"Rank","Rank, Most to Least"
"Name","Full name of the player or team"
"Team","Team(s) played for"
"POS","Player Position"
"G","Games Played"
"W1","Week 1"
"W2","Week 2"
"W3","Week 3"
"W4","Week 4"
"W5","Week 5"
"W6","Week 6"
"W7","Week 7"
"W8","Week 8"
"W9","Week 9"
"W10","Week 10"
"W11","Week 11"
"W12","Week 12"
"W13","Week 13"
"W14","Week 14"
"W15","Week 15"
"W16","Week 16"
"W17","Week 17"
"W18","Week 18"
"Snap %","Snap Percentage"