"Player Details","","","","","","Target Share","","","","","","","","","","","","","","","","","",""
"Rank","Name","Team","POS","G","Season","W1","W2","W3","W4","W5","W6","W7","W8","W9","W10","W11","W12","W13","W14","W15","W16","W17","W18","TM TGT %"
"1","Jaxon Smith-Njigba","SEA","WR","17","2025","56.5","30.3","28.6","19.2","26.5","44.4","40.6","","37.5","41.7","27.3","38.5","11.5","33.3","25.0","35.3","40.7","30.8","32.6"
"2","Garrett Wilson","NYJ","WR","7","2025","36.4","31.8","33.3","29.6","21.7","47.1","","","","18.2","","","","","","","","","30.4"
"3","Ja'Marr Chase","CIN","WR","16","2025","21.7","35.6","22.2","28.0","22.5","26.7","48.9","55.9","19.1","","22.5","","30.4","19.4","41.0","33.3","25.0","25.6","30.2"
"4","Puka Nacua","LA","WR","16","2025","37.9","27.3","44.1","36.6","25.5","11.5","","","21.9","16.7","28.6","28.6","32.1","35.5","28.9","32.7","26.3","25.0","28.8"
"5","Amon-Ra St. Brown","DET","WR","17","2025","12.8","39.3","28.6","25.9","37.5","34.5","34.5","","32.4","22.9","29.7","31.0","0.0","26.5","43.9","16.7","41.4","33.3","28.5"
"6","Justin Jefferson","MIN","WR","17","2025","35.0","28.6","29.2","23.9","31.4","","23.8","35.5","36.0","28.6","28.1","26.3","20.0","17.4","29.2","34.8","31.3","32.3","28.5"
"7","Drake London","ATL","WR","12","2025","35.7","19.0","18.6","38.5","","46.9","18.4","","37.8","28.6","30.0","","","","","22.9","10.0","25.0","28.1"
"8","Zay Flowers","BLT","WR","17","2025","47.4","34.5","10.7","24.2","25.0","29.4","","40.9","21.7","20.7","20.0","26.1","21.9","31.4","41.7","35.0","25.0","33.3","27.7"
"9","A.J. Brown","PHI","WR","15","2025","4.3","36.4","31.3","33.3","21.1","27.3","26.1","","","11.5","39.3","25.6","35.3","32.5","11.1","40.0","25.9","","27.5"
"10","Chris Olave","NO","WR","16","2025","26.1","29.4","31.7","21.4","31.3","38.5","21.9","23.5","12.0","28.6","","28.9","15.8","25.0","27.3","32.0","40.7","","27.2"
"11","Wan'Dale Robinson","NYG","WR","16","2025","21.6","24.4","12.5","23.8","17.5","26.9","30.3","16.7","33.3","27.8","31.0","35.1","33.3","","24.3","38.5","40.0","","26.8"
"12","Rashee Rice","KC","WR","8","2025","","","","","","","25.7","26.5","23.5","","20.0","26.1","35.3","21.2","33.3","","","","26.2"
"13","Trey McBride","ARZ","TE","17","2025","27.6","28.0","20.0","26.8","21.9","25.0","33.3","","25.8","28.9","19.3","20.0","22.5","20.5","32.5","25.8","35.1","25.0","25.4"
"14","Malik Nabers","NYG","WR","4","2025","29.7","31.7","15.6","14.3","","","","","","","","","","","","","","","24.4"
"15","Tyreek Hill","MIA","WR","4","2025","19.4","21.9","29.4","24.0","","","","","","","","","","","","","","","23.8"
"16","Davante Adams","LA","WR","14","2025","27.6","36.4","23.5","14.6","23.4","34.6","24.2","","21.9","22.2","25.0","22.9","17.9","19.4","21.1","","","","23.6"
"17","Tetairoa McMillan","CAR","WR","17","2025","22.9","16.4","33.3","22.2","26.7","20.0","15.6","41.7","30.0","32.0","22.2","27.6","10.0","","16.7","31.3","16.7","17.1","23.1"
"18","Nico Collins","HST","WR","15","2025","18.5","37.5","28.9","21.4","16.1","","20.4","","27.5","31.1","24.4","10.0","25.7","25.8","13.8","25.7","14.3","","23.1"
"19","Emeka Egbuka","TB","WR","17","2025","18.8","18.4","27.6","25.0","21.2","17.4","22.0","37.5","","30.2","32.1","23.5","28.6","33.3","20.6","7.7","11.4","13.6","22.8"
"20","DeVonta Smith","PHI","WR","17","2025","13.0","27.3","28.1","8.3","28.9","15.2","47.8","45.0","","26.9","17.9","28.2","23.5","17.5","11.1","26.7","18.5","10.0","22.7"
"21","Deebo Samuel","WAS","WR","16","2025","33.3","19.0","14.3","22.2","42.3","19.2","","20.0","27.3","22.7","26.7","","14.0","25.0","26.3","17.4","13.0","22.7","22.4"
"22","Rome Odunze","CHI","WR","12","2025","22.9","33.3","25.0","18.9","","17.2","23.1","26.3","8.1","27.8","18.8","25.7","16.7","","","","","","21.9"
"23","Brock Bowers","LV","TE","12","2025","23.5","16.3","17.2","28.6","","","","","33.3","7.4","28.6","18.2","17.4","15.6","32.0","21.7","","","21.7"
"24","CeeDee Lamb","DAL","WR","14","2025","38.2","21.2","0.0","","","","23.3","28.6","30.8","","18.2","30.6","23.1","17.0","21.1","21.9","27.0","4.2","21.7"
"25","Jaylen Waddle","MIA","WR","16","2025","16.1","18.8","17.6","20.0","25.0","24.2","12.9","22.2","20.0","33.3","35.0","","26.1","33.3","14.3","30.0","4.5","","21.6"
"26","Mike Evans","TB","WR","8","2025","25.0","28.9","27.6","","","","8.0","","","","","","","","29.4","34.6","15.9","9.1","21.5"
"27","Kyle Pitts","ATL","TE","17","2025","19.0","23.8","14.0","19.2","","12.5","26.3","29.0","18.9","17.9","10.0","21.7","24.2","30.0","27.3","25.7","15.0","25.0","21.3"
"28","Christian McCaffrey","SF","RB","17","2025","28.6","17.9","34.1","26.3","16.3","20.5","30.8","18.8","20.8","23.1","19.2","21.9","13.3","","3.3","23.5","15.2","25.9","21.3"
"29","Jakobi Meyers","LV, JAX","WR","16","2025","29.4","23.3","13.8","33.3","16.7","17.4","","","15.4","13.0","27.3","16.7","22.2","29.0","21.9","19.4","24.3","18.8","21.2"
"30","DK Metcalf","PIT","WR","15","2025","23.3","17.1","17.4","22.7","","30.0","17.6","19.4","11.4","22.6","25.8","19.4","20.8","35.3","11.1","22.0","","","21.1"
"31","George Pickens","DAL","WR","17","2025","11.8","15.4","20.0","27.5","13.8","32.4","20.0","25.7","17.9","","33.3","25.0","30.8","19.1","10.5","28.1","13.5","12.5","21.0"
"32","Keenan Allen","LAC","WR","17","2025","26.5","25.9","23.4","17.1","24.2","18.4","25.5","20.0","13.8","15.2","19.2","","23.8","11.5","24.1","17.2","9.4","29.5","20.7"
"33","Terry McLaurin","WAS","WR","10","2025","13.3","21.4","19.0","","","","","13.3","","","","","28.0","16.7","21.1","17.4","30.4","18.2","20.4"
"34","George Kittle","SF","TE","11","2025","11.4","","","","","","7.7","15.6","16.7","23.1","23.1","28.1","16.7","","30.0","23.5","","22.2","20.0"
"35","Stefon Diggs","NE","WR","17","2025","15.2","21.7","8.1","38.9","40.0","11.5","29.2","20.8","13.8","22.6","32.4","8.6","12.9","","13.0","22.7","24.0","13.6","19.9"
"36","Ladd McConkey","LAC","WR","16","2025","26.5","18.5","14.9","14.6","21.2","23.7","25.5","40.0","20.7","18.2","15.4","","28.6","19.2","6.9","20.7","6.3","","19.8"
"37","Michael Pittman","IND","WR","17","2025","27.6","14.7","24.0","30.3","15.6","10.0","26.5","29.0","22.0","7.7","","25.8","14.8","30.6","18.5","13.9","9.7","11.4","19.7"
"38","Courtland Sutton","DEN","WR","17","2025","22.5","13.3","32.0","14.3","25.6","10.0","18.0","20.7","16.2","14.3","15.8","","13.3","26.3","29.4","23.4","26.3","8.7","19.6"
"39","Khalil Shakir","BUF","WR","16","2025","17.4","3.7","14.3","22.7","29.0","19.2","","30.4","30.8","22.5","10.0","26.5","17.4","7.1","17.9","26.3","20.0","","19.5"
"40","Harold Fannin","CLV","TE","16","2025","20.0","10.4","11.1","14.3","12.1","19.2","27.8","22.9","","21.9","19.2","30.0","19.2","23.8","40.0","16.7","8.7","","19.4"
"41","Tyler Warren","IND","TE","17","2025","31.0","20.6","16.0","18.2","12.5","30.0","14.7","16.1","10.0","38.5","","22.6","11.1","16.7","22.2","22.2","16.1","20.0","19.4"
"42","Michael Wilson","ARZ","WR","17","2025","13.8","8.0","5.7","12.2","12.5","11.4","11.1","","12.9","15.6","31.6","28.0","17.5","36.4","27.5","9.7","27.0","25.0","19.1"
"43","De'Von Achane","MIA","RB","16","2025","12.9","31.3","26.5","8.0","19.4","18.2","16.1","25.9","25.0","28.6","25.0","","4.3","4.8","21.4","10.0","13.6","","18.7"
"44","Jerry Jeudy","CLV","WR","17","2025","17.8","16.7","13.9","25.7","9.1","25.0","22.2","5.7","","37.5","26.9","15.0","15.4","11.9","11.4","13.3","30.4","27.3","18.6"
"45","Zach Ertz","WAS","TE","13","2025","16.7","16.7","14.3","14.8","3.8","23.1","21.9","20.0","18.2","22.7","26.7","","26.0","8.3","","","","","18.6"
"46","Dallas Goedert","PHI","TE","15","2025","30.4","","6.3","16.7","21.1","33.3","13.0","15.0","","23.1","17.9","5.1","11.8","25.0","38.9","10.0","18.5","","18.4"
"47","Christian Watson","GB","WR","10","2025","","","","","","","","10.8","10.8","11.1","19.2","31.8","33.3","16.0","12.5","25.0","24.0","","18.2"
"48","Jakobie Keeney-James","GB","WR","1","2025","","","","","","","","","","","","","","","","","","18.2","18.2"
"49","Brian Thomas","JAX","WR","14","2025","22.6","26.2","15.0","22.6","24.0","23.8","14.6","","14.7","","","","11.1","19.4","21.9","5.6","18.9","12.5","18.0"
"50","Bijan Robinson","ATL","RB","17","2025","16.7","23.8","14.0","19.2","","25.0","18.4","9.7","27.0","7.1","13.3","8.7","21.2","6.7","25.0","25.7","35.0","9.4","18.0"
"51","Travis Kelce","KC","TE","17","2025","10.3","20.7","16.2","13.5","19.5","23.3","8.6","23.5","14.7","","28.9","13.0","17.6","15.2","27.3","12.5","27.3","16.1","18.0"
"52","Jauan Jennings","SF","WR","15","2025","14.3","23.1","","10.5","","7.7","26.9","21.9","20.8","23.1","19.2","21.9","20.0","","13.3","17.6","9.1","22.2","17.8"
"53","Sam LaPorta","DET","TE","9","2025","23.1","14.3","14.3","14.8","25.0","20.7","10.3","","21.6","14.3","","","","","","","","","17.8"
"54","Dalton Schultz","HST","TE","17","2025","14.8","16.7","15.8","21.4","19.4","","20.4","7.7","20.0","24.4","22.0","10.0","20.0","12.9","31.0","14.3","14.3","12.5","17.7"
"55","Romeo Doubs","GB","WR","16","2025","18.2","16.1","8.0","18.6","","34.6","27.6","16.2","27.0","11.1","30.8","9.1","13.3","8.0","7.5","25.0","12.0","","17.6"
"56","Tre Tucker","LV","WR","17","2025","8.8","18.6","31.0","9.5","16.7","21.7","33.3","","10.3","11.1","19.0","22.7","13.0","15.6","8.0","21.7","16.7","23.1","17.5"
"57","Ricky Pearsall","SF","WR","9","2025","20.0","15.4","26.8","13.2","","","","","","","7.7","12.5","10.0","","23.3","","24.2","","17.4"
"58","Alec Pierce","IND","WR","15","2025","10.3","14.7","20.0","","","13.3","29.4","16.1","24.0","26.9","","6.5","18.5","22.2","3.7","11.1","19.4","20.0","17.4"
"59","Jordan Addison","MIN","WR","14","2025","","","","15.2","17.1","","28.6","12.9","16.0","14.3","21.9","5.3","33.3","30.4","8.3","13.0","6.3","9.7","17.4"
"60","Quentin Johnston","LAC","WR","14","2025","20.6","25.9","19.1","31.7","12.1","","9.1","0.0","17.2","24.2","7.7","","14.3","11.5","","17.2","25.0","","17.2"
"61","Marvin Harrison","ARZ","WR","12","2025","20.7","16.0","17.1","24.4","15.6","4.5","19.4","","32.3","26.7","","","17.5","","","9.7","2.7","","17.1"
"62","Tee Higgins","CIN","WR","15","2025","17.4","17.8","7.4","24.0","17.5","15.6","19.1","5.9","19.1","","20.0","15.8","","30.6","","9.1","13.9","20.5","17.1"
"63","Mason Taylor","NYJ","TE","13","2025","4.5","9.1","13.9","25.9","26.1","5.9","11.8","24.2","","18.2","14.8","17.9","12.1","23.5","","","","","17.0"
"64","Jameson Williams","DET","WR","17","2025","12.8","14.3","10.7","29.6","4.2","24.1","6.9","","16.2","20.0","16.2","7.1","37.0","26.5","22.0","16.7","6.9","19.0","17.0"
"65","Travis Hunter","JAX","WR","7","2025","25.8","14.3","5.0","16.1","12.0","16.7","27.1","","","","","","","","","","","","17.0"
"66","Juwan Johnson","NO","TE","17","2025","23.9","26.5","19.5","10.7","9.4","7.7","21.9","15.7","16.0","14.3","","15.6","21.1","20.0","12.1","18.0","14.8","14.3","16.9"
"67","Parker Washington","JAX","WR","16","2025","0.0","11.9","25.0","6.5","12.0","9.5","20.8","","26.5","17.4","9.1","23.3","11.1","","9.4","25.0","27.0","28.1","16.9"
"68","Tucker Kraft","GB","TE","8","2025","18.2","19.4","16.0","11.6","","7.7","31.0","24.3","8.1","","","","","","","","","","16.8"
"69","Hunter Henry","NE","TE","17","2025","17.4","13.0","27.0","11.1","13.3","11.5","16.7","4.2","20.7","12.9","14.7","28.6","19.4","","13.0","15.9","12.0","22.7","16.7"
"70","Albert Okwuegbunam","LV","TE","1","2025","","","","","16.7","","","","","","","","","","","","","","16.7"
"71","Troy Franklin","DEN","WR","17","2025","15.0","30.0","16.0","19.0","10.3","13.3","20.0","27.6","24.3","32.1","21.1","","6.7","10.5","17.6","10.6","10.5","4.3","16.6"
"72","Chris Godwin","TB","WR","9","2025","","","","22.5","12.1","","","","","","","11.8","17.9","23.3","11.8","23.1","18.2","4.5","16.5"
"73","Josh Downs","IND","WR","16","2025","10.3","23.5","12.0","15.2","21.9","23.3","","9.7","18.0","7.7","","19.4","18.5","11.1","18.5","25.0","12.9","11.4","16.4"
"74","Elic Ayomanor","TEN","WR","16","2025","25.0","18.2","13.2","19.2","10.3","13.2","14.7","21.1","28.6","","13.5","","13.2","10.7","3.4","14.3","17.5","30.3","16.3"
"75","Jake Ferguson","DAL","TE","17","2025","17.6","23.1","31.1","17.5","31.0","8.8","23.3","2.9","17.9","","15.2","16.7","15.4","14.9","7.9","9.4","5.4","8.3","16.0"
"76","Jahmyr Gibbs","DET","RB","17","2025","25.6","10.7","21.4","7.4","8.3","6.9","10.3","","8.1","11.4","21.6","28.6","14.8","20.6","17.1","24.1","10.3","9.5","16.0"
"77","Mark Andrews","BLT","TE","17","2025","5.3","10.3","21.4","24.2","15.0","17.6","","13.6","13.0","17.2","20.0","13.0","15.6","11.4","25.0","15.0","20.0","11.1","15.9"
"78","Theo Johnson","NYG","TE","15","2025","8.1","12.2","3.1","23.8","17.5","15.4","21.2","16.7","18.2","22.2","13.8","13.5","33.3","","10.8","15.4","","","15.8"
"79","Rashid Shaheed","NO, SEA","WR","18","2025","19.6","14.7","14.6","17.9","15.6","23.1","28.1","23.5","36.0","8.3","9.1","3.8","7.7","16.7","19.4","2.9","3.7","3.8","15.5"
"80","Keon Coleman","BUF","WR","13","2025","23.9","11.1","14.3","18.2","22.6","19.2","","17.4","7.7","20.0","","","13.0","10.7","0.0","","","13.8","15.4"
"81","Cade Otton","TB","TE","16","2025","6.3","10.5","0.0","10.0","15.2","26.1","18.0","20.8","","27.9","17.9","20.6","7.1","13.3","","7.7","9.1","40.9","15.3"
"82","T.J. Hockenson","MIN","TE","15","2025","20.0","14.3","25.0","10.9","17.1","","21.4","9.7","12.0","4.8","18.8","21.1","20.0","13.0","20.8","4.3","","","15.1"
"83","Darnell Mooney","ATL","WR","15","2025","","19.0","23.3","3.8","","","13.2","12.9","2.7","28.6","23.3","13.0","15.2","13.3","13.6","5.7","20.0","21.9","15.1"
"84","Brenton Strange","JAX","TE","12","2025","12.9","11.9","17.5","22.6","4.0","","","","","","","16.7","14.8","19.4","9.4","19.4","10.8","18.8","15.0"
"85","Kenneth Gainwell","PIT","RB","17","2025","13.3","14.3","4.3","27.3","","20.0","5.9","5.6","14.3","9.7","25.8","19.4","8.3","17.6","25.9","14.6","10.3","19.1","14.9"
"86","Colston Loveland","CHI","TE","16","2025","5.7","3.0","10.7","","","10.3","15.4","13.2","18.9","11.1","12.5","14.3","16.7","14.3","17.9","11.8","21.4","39.4","14.9"
"87","Cooper Kupp","SEA","WR","16","2025","13.0","24.2","9.5","19.2","26.5","11.1","3.1","","","16.7","15.9","15.4","15.4","10.0","19.4","11.8","11.1","11.5","14.9"
"88","Xavier Worthy","KC","WR","14","2025","2.6","","","21.6","22.0","13.3","11.4","20.6","20.6","","11.1","17.4","14.7","12.1","12.1","12.5","13.6","","14.8"
"89","Josh Reynolds","NYJ","WR","5","2025","13.6","","","7.4","8.7","17.6","26.5","","","","","","","","","","","","14.4"
"90","Mack Hollins","NE","WR","15","2025","4.3","8.7","10.8","5.6","0.0","11.5","8.3","29.2","6.9","32.3","14.7","17.1","12.9","","34.8","20.5","","","14.3"
"91","DJ Moore","CHI","WR","17","2025","14.3","18.2","17.9","10.8","","17.2","15.4","18.4","16.2","11.1","9.4","20.0","11.1","8.6","17.9","20.6","9.5","9.1","14.3"
"92","Calvin Ridley","TEN","WR","7","2025","28.6","18.2","15.8","11.5","23.1","2.6","","","","","2.7","","","","","","","","14.2"
"93","Adonai Mitchell","IND, NYJ","WR","16","2025","6.9","11.8","4.0","12.1","3.1","","2.9","3.2","2.0","","22.2","25.0","36.4","17.6","27.3","17.1","26.5","13.6","14.2"
"94","Dalton Kincaid","BUF","TE","12","2025","8.7","22.2","21.4","9.1","19.4","","","13.0","23.1","7.5","","","","17.9","14.3","5.3","","10.3","14.1"
"95","Darius Slayton","NYG","WR","14","2025","2.7","4.9","12.5","19.0","15.0","","","20.8","21.2","11.1","","5.4","12.5","","27.0","15.4","10.0","24.2","13.9"
"96","Chig Okonkwo","TEN","TE","17","2025","14.3","18.2","15.8","11.5","10.3","15.8","5.9","13.2","9.5","","8.1","9.5","13.2","7.1","20.7","28.6","17.5","15.2","13.7"
"97","Darren Waller","MIA","TE","9","2025","","","","16.0","13.9","9.1","0.0","","","","","","13.0","14.3","28.6","16.7","13.6","","13.7"
"98","Chase Brown","CIN","RB","17","2025","13.0","6.7","18.5","12.0","20.0","4.4","8.5","8.8","29.8","","17.5","10.5","15.2","11.1","17.9","12.1","8.3","15.4","13.6"
"99","Xavier Legette","CAR","WR","15","2025","17.1","10.9","","","10.0","8.0","34.4","12.5","15.0","4.0","17.8","17.2","10.0","","12.5","9.4","4.2","11.4","13.4"
"100","Ashton Jeanty","LV","RB","17","2025","5.9","9.3","0.0","9.5","16.7","17.4","5.6","","12.8","18.5","19.0","18.2","26.1","12.5","24.0","8.7","6.7","15.4","13.4"
"101","Oronde Gadsden","LAC","TE","15","2025","","","14.9","7.3","3.0","21.1","14.5","20.0","17.2","18.2","19.2","","9.5","15.4","17.2","3.4","18.8","4.5","13.4"
"102","AJ Barner","SEA","TE","17","2025","8.7","6.1","4.8","11.5","20.6","11.1","6.3","","16.7","0.0","22.7","15.4","19.2","13.3","16.7","14.7","11.1","11.5","13.3"
"103","Jalen Coker","CAR","WR","11","2025","","","","","","","6.3","16.7","5.0","12.0","8.9","13.8","25.0","","16.7","15.6","8.3","20.0","13.2"
"104","Marquise Brown","KC","WR","16","2025","35.9","17.2","16.2","13.5","19.5","13.3","11.4","2.9","11.8","","8.9","2.2","5.9","6.1","","12.5","13.6","19.4","13.1"
"105","Theo Wease","MIA","WR","3","2025","","","","","","","","","","","","","","","","13.3","4.5","20.0","13.0"
"106","Malik Washington","MIA","WR","17","2025","16.1","6.3","11.8","12.0","13.9","15.2","22.6","18.5","7.5","14.3","15.0","","21.7","14.3","3.6","3.3","13.6","16.0","12.9"
"107","Chimere Dike","TEN","WR","17","2025","3.6","15.2","10.5","0.0","12.8","5.3","11.8","21.1","9.5","","8.1","16.7","10.5","28.6","17.2","17.9","12.5","12.1","12.6"
"108","Evan Engram","DEN","TE","16","2025","10.0","6.7","","16.7","12.8","20.0","14.0","13.8","8.1","17.9","13.2","","20.0","5.3","8.8","8.5","10.5","17.4","12.6"
"109","Jayden Reed","GB","WR","7","2025","22.7","0.0","","","","","","","","","","","","16.0","15.0","12.5","16.0","0.0","12.4"
"110","Sterling Shepard","TB","WR","13","2025","18.8","10.5","17.2","10.0","15.2","13.0","14.0","8.3","","9.3","17.9","14.7","7.1","3.3","","","","","12.3"
"111","Michael Mayer","LV","TE","13","2025","11.8","4.7","3.4","","","30.4","11.1","","17.9","14.8","9.5","2.3","","","0.0","13.0","33.3","15.4","12.2"
"112","Aaron Jones","MIN","RB","12","2025","15.0","4.8","","","","","","12.9","8.0","11.9","15.6","21.1","13.3","0.0","12.5","8.7","25.0","","12.1"
"113","Calvin Austin","PIT","WR","14","2025","20.0","8.6","21.7","9.1","","","","16.7","17.1","22.6","3.2","16.1","8.3","5.9","3.7","2.4","","14.9","12.1"
"114","Greg Dulcich","MIA","TE","10","2025","","","","","","","","0.0","12.5","14.3","20.0","","8.7","14.3","7.1","10.0","22.7","16.0","12.1"
"115","Luther Burden","CHI","WR","15","2025","2.9","6.1","10.7","5.4","","13.8","7.7","2.6","","8.3","15.6","14.3","16.7","17.1","25.0","","21.4","12.1","11.9"
"116","Jalen McMillan","TB","WR","4","2025","","","","","","","","","","","","","","","5.9","11.5","20.5","4.5","11.9"
"117","Cam Skattebo","NYG","RB","8","2025","5.4","7.3","25.0","9.5","15.0","7.7","15.2","8.3","","","","","","","","","","","11.8"
"118","Jayden Higgins","HST","WR","17","2025","11.1","4.2","2.6","3.6","12.9","","6.1","20.5","2.5","15.6","17.1","30.0","14.3","16.1","3.4","8.6","14.3","15.6","11.7"
"119","Olamide Zaccheaus","CHI","WR","16","2025","20.0","12.1","14.3","13.5","","20.7","11.5","18.4","21.6","11.1","0.0","2.9","8.3","8.6","10.7","11.8","","0.0","11.7"
"120","Omarion Hampton","LAC","RB","9","2025","5.9","7.4","12.8","12.2","18.2","","","","","","","","","7.7","3.4","6.9","25.0","","11.4"
"121","Tyjae Spears","TEN","RB","13","2025","","","","","0.0","10.5","11.8","7.9","14.3","","13.5","11.9","15.8","14.3","6.9","17.9","5.0","21.2","11.2"
"122","Treylon Burks","WAS","WR","8","2025","","","","","","","","","4.5","13.6","","","10.0","4.2","10.5","21.7","8.7","18.2","11.2"
"123","Hunter Renfrow","CAR","WR","6","2025","14.3","16.4","16.7","5.6","6.7","4.0","","","","","","","","","","","","","11.2"
"124","Saquon Barkley","PHI","RB","16","2025","21.7","9.1","15.6","16.7","7.9","9.1","4.3","25.0","","11.5","7.1","20.5","5.9","5.0","16.7","6.7","0.0","","10.9"
"125","Kayshon Boutte","NE","WR","14","2025","17.4","4.3","5.4","16.7","10.0","19.2","8.3","20.8","3.4","","","5.7","16.1","","4.3","6.8","","18.2","10.9"
"126","Dontayvion Wicks","GB","WR","14","2025","9.1","19.4","16.0","9.3","","7.7","6.9","","","16.7","7.7","18.2","23.3","0.0","5.0","8.3","4.0","","10.9"
"127","Tyler Higbee","LA","TE","10","2025","0.0","12.1","5.9","12.2","","15.4","18.2","","12.5","8.3","7.1","","","","","","","15.0","10.8"
"128","Bucky Irving","TB","RB","10","2025","12.5","15.8","13.8","12.5","","","","","","","","","7.1","10.0","8.8","0.0","13.6","9.1","10.8"
"129","Robbie Chosen","WAS","WR","3","2025","","","","","","","12.5","","","18.2","3.3","","","","","","","","10.7"
"130","John Metchie","PHI, NYJ","WR","16","2025","0.0","4.5","3.1","8.3","0.0","0.0","","0.0","","9.1","11.1","25.0","24.2","23.5","15.2","14.3","8.8","18.2","10.7"
"131","Christian Kirk","HST","WR","13","2025","","","18.4","14.3","12.9","","","","15.0","6.7","9.8","20.0","0.0","6.5","0.0","14.3","14.3","6.3","10.6"
"132","Matthew Golden","GB","WR","14","2025","9.1","6.5","16.0","14.0","","19.2","13.8","8.1","8.1","","7.7","","","4.0","10.0","0.0","12.0","27.3","10.5"
"133","Rashod Bateman","BLT","WR","13","2025","15.8","13.8","25.0","6.1","10.0","2.9","","18.2","17.4","6.9","","","3.1","8.6","","10.0","5.0","","10.5"
"134","David Njoku","CLV","TE","12","2025","11.1","10.4","19.4","5.7","24.2","11.5","","14.3","","6.3","7.7","0.0","7.7","2.4","","","","","10.5"
"135","Josh Palmer","BUF","WR","12","2025","19.6","11.1","3.6","13.6","6.5","7.7","","","","","16.7","11.8","","","7.1","5.3","5.7","10.3","10.4"
"136","Isaiah Likely","BLT","TE","14","2025","","","","0.0","5.0","5.9","","9.1","17.4","13.8","12.0","13.0","18.8","17.1","0.0","0.0","15.0","11.1","10.4"
"137","Justice Hill","BLT","RB","10","2025","10.5","10.3","14.3","18.2","10.0","17.6","","0.0","8.7","6.9","","0.0","","","","","","","10.4"
"138","Jalen Nailor","MIN","WR","17","2025","5.0","23.8","20.8","8.7","11.4","","9.5","3.2","16.0","14.3","3.1","5.3","3.3","13.0","20.8","8.7","0.0","9.7","10.3"
"139","Colby Parkinson","LA","TE","15","2025","6.9","","0.0","4.9","2.1","","9.1","","6.3","13.9","7.1","11.4","14.3","16.1","18.4","8.2","18.4","17.5","10.2"
"140","James Conner","ARZ","RB","3","2025","13.8","4.0","11.4","","","","","","","","","","","","","","","","10.1"
"141","Gunnar Helm","TEN","TE","16","2025","7.1","6.1","7.9","3.8","12.8","7.9","14.7","7.9","4.8","","10.8","16.7","18.4","7.1","13.8","10.7","5.0","","10.1"
"142","Gabe Davis","BUF","WR","6","2025","","","","","","","","","","","13.3","5.9","8.7","7.1","","","2.9","24.1","10.1"
"143","Alvin Kamara","NO","RB","11","2025","4.3","17.6","4.9","17.9","18.8","19.2","9.4","3.9","12.0","10.7","","4.4","","","","","","","10.1"
"144","Tory Horton","SEA","WR","8","2025","0.0","12.1","19.0","7.7","11.8","3.7","9.4","","16.7","","","","","","","","","","10.0"
"145","Trey Benson","ARZ","RB","4","2025","3.4","16.0","8.6","12.2","","","","","","","","","","","","","","","10.0"
"146","Jonathan Taylor","IND","RB","17","2025","10.3","5.9","16.0","15.2","12.5","13.3","8.8","6.5","4.0","11.5","","9.7","18.5","0.0","14.8","8.3","16.1","5.7","9.9"
"147","Ryan Flournoy","DAL","WR","15","2025","","0.0","4.4","5.0","27.6","14.7","0.0","5.7","7.7","","3.0","2.8","7.7","27.7","13.2","6.3","","29.2","9.8"
"148","Austin Ekeler","WAS","RB","2","2025","10.0","9.5","","","","","","","","","","","","","","","","","9.7"
"149","Dawson Knox","BUF","TE","17","2025","4.3","14.8","0.0","4.5","6.5","7.7","","4.3","3.8","10.0","10.0","11.8","17.4","25.0","14.3","10.5","14.3","6.9","9.7"
"150","Kendrick Bourne","SF","WR","16","2025","","7.7","14.6","10.5","22.4","23.1","7.7","12.5","8.3","2.6","0.0","0.0","3.3","","10.0","14.7","3.0","0.0","9.6"
"151","Pat Freiermuth","PIT","TE","17","2025","10.0","11.4","13.0","0.0","","3.3","17.6","11.1","8.6","9.7","3.2","9.7","0.0","8.8","18.5","9.8","12.8","10.6","9.6"
"152","Xavier Hutchinson","HST","WR","17","2025","7.4","12.5","7.9","10.7","9.7","","8.2","15.4","12.5","0.0","12.2","0.0","17.1","3.2","3.4","5.7","10.7","28.1","9.6"
"153","Tyrone Tracy","NYG","RB","15","2025","8.1","12.2","6.3","","","0.0","0.0","12.5","12.1","5.6","13.8","10.8","4.2","","8.1","15.4","6.7","27.3","9.5"
"154","RJ Harvey","DEN","RB","17","2025","2.5","6.7","12.0","11.9","7.7","13.3","4.0","3.4","13.5","10.7","7.9","","8.9","15.8","2.9","10.6","15.8","17.4","9.5"
"155","Jonnu Smith","PIT","TE","17","2025","20.0","11.4","13.0","9.1","","13.3","17.6","8.3","11.4","6.5","6.5","9.7","8.3","2.9","7.4","2.4","12.8","4.3","9.5"
"156","Josh Jacobs","GB","RB","15","2025","4.5","0.0","36.0","9.3","","19.2","3.4","8.1","13.5","16.7","0.0","","3.3","8.0","7.5","8.3","4.0","","9.4"
"157","Tyler Lockett","LV, TEN","WR","17","2025","3.6","6.1","10.5","11.5","7.7","7.9","5.9","","2.6","22.2","7.1","11.4","4.3","12.5","12.0","8.7","10.0","19.2","9.3"
"158","Van Jefferson","TEN","WR","16","2025","0.0","6.1","2.6","3.8","0.0","15.8","11.8","21.1","19.0","","16.2","2.4","10.5","14.3","13.8","7.1","7.5","","9.3"
"159","Marvin Mims","DEN","WR","15","2025","10.0","6.7","16.0","14.3","12.8","10.0","14.0","3.4","","","0.0","","4.4","2.6","17.6","6.4","10.5","13.0","9.3"
"160","Rhamondre Stevenson","NE","RB","14","2025","6.5","21.7","8.1","5.6","6.7","3.8","8.3","8.3","","","","5.7","9.7","","13.0","6.8","20.0","9.1","9.1"
"161","Andrei Iosivas","CIN","WR","17","2025","0.0","11.1","0.0","4.0","17.5","8.9","8.5","8.8","14.9","","10.0","18.4","4.3","8.3","2.6","3.0","16.7","7.7","9.1"
"162","Rico Dowdle","CAR","RB","17","2025","8.6","1.8","4.2","2.8","13.3","20.0","3.1","0.0","15.0","12.0","13.3","13.8","10.0","","8.3","12.5","16.7","5.7","8.9"
"163","Mike Gesicki","CIN","TE","13","2025","13.0","8.9","11.1","4.0","12.5","0.0","","","","","","15.8","8.7","16.7","5.1","12.1","5.6","5.1","8.9"
"164","Sal Cannella","CLV","TE","2","2025","","","","","","","","","","","","","","","","","13.0","4.5","8.9"
"165","Cedric Tillman","CLV","WR","13","2025","17.8","12.5","8.3","2.9","","","","","","12.5","15.4","15.0","3.8","7.1","0.0","3.3","4.3","9.1","8.8"
"166","DeMario Douglas","NE","WR","17","2025","10.9","4.3","13.5","0.0","10.0","15.4","12.5","4.2","20.7","6.5","8.8","2.9","9.7","","0.0","4.5","8.0","13.6","8.8"
"167","Ja'Tavion Sanders","CAR","TE","13","2025","8.6","16.4","8.3","","","","6.3","12.5","5.0","20.0","8.9","3.4","0.0","","8.3","6.3","0.0","","8.7"
"168","Noah Brown","WAS","WR","4","2025","10.0","9.5","","","","","","","","","","","","8.3","5.3","","","","8.7"
"169","Pat Bryant","DEN","WR","15","2025","0.0","6.7","0.0","2.4","0.0","6.7","4.0","13.8","8.1","7.1","15.8","","15.6","13.2","","17.0","","21.7","8.7"
"170","Breece Hall","NYJ","RB","16","2025","9.1","9.1","16.7","22.2","8.7","0.0","5.9","9.1","","9.1","7.4","14.3","6.1","2.9","6.1","5.7","5.9","","8.7"
"171","Samori Toure","NO","WR","1","2025","","","","","","","","","","","","","","","","","","8.6","8.6"
"172","Darnell Washington","PIT","TE","16","2025","0.0","2.9","0.0","13.6","","16.7","14.7","0.0","17.1","3.2","16.1","6.5","16.7","2.9","14.8","9.8","5.1","","8.5"
"173","Cole Kmet","CHI","TE","16","2025","11.4","6.1","3.6","21.6","","6.9","3.8","","5.4","5.6","15.6","2.9","8.3","8.6","10.7","8.8","7.1","6.1","8.4"
"174","D'Andre Swift","CHI","RB","16","2025","14.3","9.1","10.7","16.2","","10.3","3.8","5.3","","22.2","3.1","2.9","2.8","11.4","3.6","5.9","4.8","6.1","8.4"
"175","Isaiah Hodgins","NYG","WR","7","2025","","","","","","","","","","","20.7","10.8","4.2","","5.4","0.0","6.7","6.1","8.4"
"176","Travis Etienne","JAX","RB","17","2025","9.7","7.1","2.5","3.2","16.0","11.9","4.2","","14.7","17.4","9.1","13.3","3.7","3.2","9.4","13.9","5.4","3.1","8.3"
"177","Phil Mafah","DAL","RB","1","2025","","","","","","","","","","","","","","","","","","8.3","8.3"
"178","Jaylen Warren","PIT","RB","16","2025","6.7","11.4","26.1","","","6.7","14.7","8.3","5.7","6.5","6.5","0.0","12.5","8.8","11.1","4.9","0.0","10.6","8.3"
"179","DeAndre Hopkins","BLT","WR","17","2025","10.5","6.9","7.1","3.0","10.0","11.8","","4.5","4.3","6.9","16.0","13.0","9.4","2.9","8.3","25.0","5.0","0.0","8.3"
"180","Chuba Hubbard","CAR","RB","15","2025","14.3","10.9","12.5","8.3","","","6.3","4.2","5.0","4.0","6.7","13.8","10.0","","4.2","3.1","12.5","5.7","8.3"
"181","Jake Tonges","SF","TE","16","2025","8.6","12.8","7.3","13.2","22.4","17.9","0.0","3.1","0.0","0.0","0.0","0.0","0.0","","0.0","5.9","24.2","","8.2"
"182","Devaughn Vele","NO","WR","13","2025","4.3","2.9","","0.0","6.3","0.0","0.0","9.8","0.0","10.7","","8.9","21.1","25.0","18.2","","","","8.2"
"183","TreVeyon Henderson","NE","RB","17","2025","13.0","8.7","8.1","11.1","10.0","7.7","0.0","0.0","17.2","3.2","14.7","11.4","12.9","","13.0","2.3","0.0","0.0","8.2"
"184","Michael Carter","ARZ","RB","13","2025","","","","0.0","15.6","9.1","5.6","","","0.0","12.3","6.0","12.5","9.1","10.0","6.5","10.8","9.4","8.1"
"185","James Cook","BUF","RB","17","2025","10.9","3.7","10.7","18.2","3.2","0.0","","0.0","3.8","12.5","10.0","8.8","13.0","7.1","10.7","10.5","11.4","0.0","8.1"
"186","Tez Johnson","TB","WR","16","2025","3.1","","3.4","2.5","12.1","13.0","14.0","25.0","","11.6","10.7","11.8","7.1","0.0","2.9","3.8","4.5","4.5","8.1"
"187","Isaiah Williams","NYJ","WR","15","2025","","0.0","0.0","0.0","","0.0","0.0","12.1","","9.1","7.4","0.0","3.0","8.8","21.2","11.4","14.7","31.8","8.0"
"188","Kevin Austin","NO","WR","8","2025","","","2.4","","","","","","","","","0.0","0.0","0.0","15.2","6.0","18.5","25.7","8.0"
"189","Dyami Brown","JAX","WR","14","2025","12.9","16.7","7.5","","16.0","11.9","8.3","","20.6","4.3","4.5","0.0","","0.0","0.0","0.0","","3.1","7.9"
"190","Kyren Williams","LA","RB","17","2025","3.4","6.1","8.8","9.8","21.3","7.7","9.1","","0.0","8.3","7.1","2.9","0.0","6.5","2.6","10.2","7.9","12.5","7.9"
"191","Javonte Williams","DAL","RB","16","2025","8.8","11.5","11.1","7.5","6.9","23.5","6.7","5.7","2.6","","3.0","8.3","7.7","6.4","0.0","9.4","5.4","","7.8"
"192","Isaiah Bond","CLV","WR","16","2025","2.2","4.2","11.1","17.1","15.2","9.6","0.0","11.4","","","3.8","10.0","7.7","4.8","11.4","0.0","4.3","9.1","7.8"
"193","Dylan Sampson","CLV","RB","15","2025","17.8","6.3","0.0","2.9","3.0","3.8","5.6","17.1","","3.1","3.8","15.0","0.0","11.9","","","13.0","13.6","7.7"
"194","Demarcus Robinson","SF","WR","14","2025","","","","5.3","14.3","7.7","3.8","9.4","4.2","10.3","7.7","3.1","3.3","","6.7","5.9","6.1","14.8","7.6"
"195","Rachaad White","TB","RB","17","2025","3.1","5.3","3.4","10.0","12.1","13.0","12.0","8.3","","11.6","7.1","2.9","10.7","3.3","2.9","7.7","4.5","9.1","7.5"
"196","Xavier Restrepo","TEN","WR","2","2025","","","","","","","","","","","","11.9","2.6","","","","","","7.5"
"197","Marquez Valdes-Scantling","SF, PIT","WR","10","2025","0.0","2.6","2.4","","6.1","7.7","","","","","","","","2.9","3.7","7.3","23.1","14.9","7.4"
"198","Tre Harris","LAC","WR","17","2025","2.9","11.1","2.1","0.0","0.0","13.2","3.6","8.0","6.9","6.1","3.8","","19.0","7.7","17.2","17.2","3.1","13.6","7.4"
"199","Brandin Cooks","NO, BUF","WR","15","2025","8.7","5.9","12.2","14.3","3.1","3.8","3.1","7.8","12.0","0.0","","","4.3","0.0","10.7","5.3","14.3","","7.4"
"200","Jaylin Lane","WAS","WR","15","2025","6.7","7.1","9.5","11.1","7.7","7.7","18.8","6.7","22.7","4.5","3.3","","2.0","0.0","5.3","0.0","","","7.3"
"201","Quinshon Judkins","CLV","RB","14","2025","","6.3","2.8","11.4","6.1","1.9","0.0","8.6","","9.4","3.8","0.0","11.5","7.1","11.4","20.0","","","7.3"
"202","Tony Pollard","TEN","RB","17","2025","3.6","3.0","10.5","11.5","7.7","5.3","17.6","5.3","9.5","","8.1","11.9","5.3","0.0","6.9","0.0","5.0","9.1","7.2"
"203","JuJu Smith-Schuster","KC","WR","17","2025","12.8","6.9","10.8","13.5","7.3","10.0","8.6","5.9","2.9","","0.0","4.3","2.9","6.1","3.0","12.5","13.6","6.5","7.2"
"204","Tyquan Thornton","KC","WR","14","2025","10.3","17.2","24.3","2.7","12.2","0.0","5.7","0.0","2.9","","4.4","2.2","0.0","9.1","9.1","","","","7.1"
"205","Greg Dortch","ARZ","WR","12","2025","3.4","4.0","5.7","12.2","6.3","6.8","5.6","","0.0","0.0","10.5","18.0","5.0","","","","","","7.1"
"206","Kenneth Walker","SEA","RB","17","2025","13.0","3.0","4.8","7.7","2.9","3.7","0.0","","8.3","8.3","6.8","15.4","11.5","6.7","2.8","8.8","7.4","15.4","7.1"
"207","Jahan Dotson","PHI","WR","17","2025","13.0","4.5","9.4","0.0","7.9","6.1","0.0","10.0","","3.8","7.1","2.6","8.8","7.5","0.0","10.0","3.7","17.5","7.0"
"208","Tommy Tremble","CAR","TE","17","2025","2.9","5.5","8.3","19.4","6.7","16.0","3.1","4.2","5.0","0.0","4.4","0.0","10.0","","16.7","3.1","4.2","11.4","7.0"
"209","Elijah Arroyo","SEA","TE","13","2025","4.3","9.1","4.8","15.4","2.9","7.4","15.6","","8.3","8.3","4.5","3.8","3.8","3.3","","","","","7.0"
"210","Jerome Ford","CLV","RB","13","2025","2.2","12.5","11.1","5.7","6.1","9.6","11.1","5.7","","3.1","0.0","0.0","11.5","7.1","","","","","6.9"
"211","Jalen Tolbert","DAL","WR","13","2025","5.9","7.7","13.3","15.0","3.4","2.9","6.7","5.7","0.0","","3.0","","0.0","","","","18.9","0.0","6.8"
"212","KaVontae Turpin","DAL","WR","15","2025","5.9","7.7","6.7","10.0","","","3.3","14.3","7.7","","6.1","5.6","5.1","4.3","5.3","12.5","2.7","4.2","6.8"
"213","Dont'e Thornton","LV","WR","15","2025","11.8","9.3","13.8","9.5","5.6","0.0","16.7","","","7.4","0.0","4.5","8.7","","0.0","0.0","13.3","3.8","6.8"
"214","Audric Estime","NO","RB","6","2025","","","","","","","","","","0.0","","","","0.0","9.1","8.0","3.7","14.3","6.7"
"215","Noah Fant","CIN","TE","15","2025","21.7","8.9","18.5","","0.0","8.9","8.5","8.8","6.4","","12.5","2.6","4.3","5.6","0.0","","0.0","2.6","6.7"
"216","Lil'Jordan Humphrey","NYG, DEN","WR","10","2025","","","","","","26.9","3.0","0.0","","","0.0","","2.2","7.9","11.8","4.3","13.2","0.0","6.6"
"217","Jeremy McNichols","WAS","RB","17","2025","0.0","0.0","0.0","7.4","7.7","15.4","9.4","20.0","0.0","4.5","6.7","","4.0","4.2","5.3","13.0","13.0","4.5","6.6"
"218","Woody Marks","HST","RB","16","2025","0.0","4.2","5.3","17.9","3.2","","10.2","10.3","7.5","6.7","2.4","3.3","2.9","9.7","3.4","","7.1","9.4","6.6"
"219","Adam Thielen","MIN, PIT","WR","16","2025","5.0","14.3","8.3","4.3","0.0","","4.8","6.5","0.0","4.8","6.3","5.3","","2.9","3.7","9.8","12.8","12.8","6.5"
"220","Ray-Ray McCloud","NYG, ATL","WR","6","2025","7.1","9.5","11.6","7.7","","","","","3.0","0.0","","","","","","","","","6.5"
"221","Ronnie Bell","NO","WR","2","2025","","","","","","","","","","","","","","","","","0.0","11.4","6.5"
"222","Luke Musgrave","GB","TE","17","2025","4.5","6.5","0.0","2.3","","7.7","0.0","2.7","8.1","8.3","7.7","9.1","3.3","16.0","15.0","12.5","0.0","0.0","6.3"
"223","Ty Johnson","BUF","RB","17","2025","2.2","3.7","7.1","0.0","0.0","7.7","","0.0","7.7","5.0","6.7","8.8","17.4","10.7","10.7","0.0","11.4","6.9","6.3"
"224","Elijah Moore","BUF","WR","9","2025","2.2","3.7","10.7","0.0","","7.7","","17.4","3.8","5.0","","8.8","","","","","","","6.3"
"225","David Sills","ATL","WR","17","2025","0.0","0.0","4.7","0.0","","0.0","0.0","9.7","2.7","3.6","3.3","13.0","12.1","13.3","22.7","2.9","15.0","3.1","6.2"
"226","Bam Knight","ARZ","RB","12","2025","","0.0","","0.0","3.1","4.5","11.1","","6.5","8.9","7.0","10.0","7.5","11.4","0.0","","","","6.2"
"227","Casey Washington","ATL","WR","7","2025","14.3","","","11.5","","6.3","5.3","3.2","","0.0","0.0","","","","","","","","6.2"
"228","Isiah Pacheco","KC","RB","13","2025","7.7","6.9","2.7","8.1","7.3","10.0","5.7","0.0","","","","","5.9","0.0","0.0","29.2","0.0","","6.1"
"229","Jaylin Noel","HST","WR","17","2025","7.4","0.0","2.6","3.6","9.7","","14.3","15.4","0.0","8.9","2.4","6.7","2.9","6.5","0.0","0.0","14.3","3.1","6.0"
"230","Noah Gray","KC","TE","16","2025","2.6","13.8","10.8","2.7","0.0","6.7","2.9","11.8","2.9","","6.7","8.7","","9.1","0.0","0.0","4.5","12.9","6.0"
"231","Devin Neal","NO","RB","9","2025","0.0","","","","","","0.0","5.9","4.0","10.7","","15.6","7.9","5.0","3.0","","","","6.0"
"232","Ty Chandler","MIN","RB","3","2025","0.0","","","","","","","","","","","","","","","","0.0","12.9","6.0"
"233","Luke McCaffrey","WAS","WR","9","2025","0.0","2.4","14.3","11.1","7.7","3.8","6.3","10.0","0.0","","","","","","","","","","5.9"
"234","Brashard Smith","KC","RB","17","2025","0.0","3.4","2.7","10.8","7.3","13.3","14.3","0.0","2.9","","6.7","8.7","0.0","0.0","0.0","4.2","13.6","12.9","5.8"
"235","Zay Jones","ARZ","WR","8","2025","3.4","0.0","8.6","","6.3","15.9","5.6","","0.0","2.2","","","","","","","","","5.8"
"236","Isaiah Davis","NYJ","RB","16","2025","0.0","13.6","0.0","7.4","8.7","5.9","8.8","15.2","","9.1","3.7","0.0","3.0","0.0","3.0","11.4","2.9","","5.7"
"237","Jeremy Ruckert","NYJ","TE","17","2025","9.1","4.5","0.0","3.7","8.7","0.0","2.9","3.0","","9.1","18.5","0.0","6.1","8.8","6.1","8.6","5.9","0.0","5.7"
"238","Jawhar Jordan","HST","RB","4","2025","","","","","","","","","","","","","","","6.9","14.3","0.0","0.0","5.6"
"239","Jalin Hyatt","NYG","WR","8","2025","","","0.0","0.0","7.5","19.2","3.0","","0.0","","13.8","","","","2.7","","","","5.6"
"240","Jack Bech","LV","WR","16","2025","2.9","0.0","3.4","0.0","11.1","0.0","11.1","","0.0","3.7","2.4","0.0","13.0","18.8","12.0","13.0","","7.7","5.6"
"241","Drake Dabney","GB","TE","2","2025","","","","","","","","","","","","","","","","","0.0","18.2","5.6"
"242","Cade Stover","HST","TE","9","2025","14.8","","","","","","","","","","0.0","6.7","5.7","0.0","10.3","8.6","0.0","6.3","5.6"
"243","Allen Lazard","NYJ","WR","10","2025","","0.0","8.3","3.7","4.3","","8.8","6.1","","","","7.1","3.0","5.9","6.1","","","","5.5"
"244","Davis Allen","LA","TE","17","2025","6.9","3.0","2.9","2.4","4.3","7.7","3.0","","12.5","5.6","0.0","11.4","3.6","6.5","10.5","10.2","0.0","2.5","5.5"
"245","Terrance Ferguson","LA","TE","13","2025","","0.0","","","2.1","0.0","9.1","","9.4","11.1","0.0","2.9","7.1","3.2","5.3","8.2","10.5","","5.5"
"246","Chris Moore","WAS","WR","14","2025","3.3","","9.5","7.4","3.8","19.2","15.6","0.0","0.0","0.0","13.3","","0.0","","","0.0","4.3","0.0","5.5"
"247","Elijah Higgins","ARZ","TE","17","2025","6.9","8.0","2.9","0.0","6.3","4.5","2.8","","9.7","6.7","5.3","0.0","5.0","2.3","5.0","22.6","2.7","9.4","5.4"
"248","Austin Trammell","JAX","WR","6","2025","","","","","","","","","2.9","13.0","4.5","3.3","11.1","0.0","","","","","5.4"
"249","Kalif Raymond","DET","WR","15","2025","7.7","3.6","7.1","11.1","0.0","0.0","10.3","","2.7","11.4","0.0","4.8","","","2.4","7.4","3.4","7.1","5.4"
"250","Austin Hooper","NE","TE","16","2025","2.2","13.0","8.1","5.6","0.0","3.8","8.3","8.3","3.4","3.2","","11.4","0.0","","0.0","6.8","8.0","4.5","5.3"
"251","Trayveon Williams","LAC, CLV","RB","6","2025","","","","","","","","","","0.0","3.8","","","","5.7","13.3","0.0","9.1","5.3"
"252","Daniel Bellinger","NYG","TE","16","2025","2.7","0.0","3.1","4.8","10.0","0.0","12.1","4.2","","5.6","3.4","5.4","0.0","","10.8","0.0","10.0","6.1","5.3"
"253","Zach Charbonnet","SEA","RB","16","2025","0.0","0.0","","7.7","5.9","3.7","6.3","","4.2","0.0","4.5","0.0","0.0","10.0","2.8","11.8","7.4","15.4","5.2"
"254","Tanner Conner","MIA","TE","9","2025","12.9","0.0","5.9","0.0","5.6","3.0","9.7","7.4","2.5","","","","","","","","","","5.2"
"255","Tyler Badie","DEN","RB","16","2025","15.0","6.7","0.0","4.8","5.1","","4.0","0.0","8.1","3.6","2.6","","8.9","2.6","2.9","6.4","0.0","8.7","5.1"
"256","Jared Wayne","HST","WR","1","2025","","","","","","","","5.1","","","","","","","","","","","5.1"
"257","Julian Hill","MIA","TE","14","2025","0.0","0.0","2.9","8.0","13.9","9.1","6.5","","","","5.0","","4.3","0.0","7.1","0.0","9.1","4.0","5.1"
"258","Brock Wright","DET","TE","11","2025","0.0","10.7","0.0","0.0","12.5","0.0","10.3","","2.7","0.0","10.8","9.5","","","","","","","5.1"
"259","Bo Melton","GB","WR","9","2025","","","","","","","","","","13.9","0.0","0.0","3.3","8.0","2.5","0.0","12.0","0.0","5.0"
"260","Roman Wilson","PIT","WR","13","2025","0.0","5.7","0.0","0.0","","3.3","5.9","13.9","5.7","9.7","6.5","6.5","4.2","","","","0.0","","5.0"
"261","Hunter Long","JAX","TE","9","2025","3.2","0.0","7.5","9.7","4.0","7.1","4.2","","8.8","","","","","0.0","","","","","4.9"
"262","Kimani Vidal","LAC","RB","13","2025","","","","0.0","3.0","10.5","7.3","8.0","3.4","3.0","7.7","","4.8","11.5","3.4","0.0","","2.3","4.9"
"263","Tanner Hudson","CIN","TE","13","2025","","","","0.0","0.0","11.1","","5.9","4.3","","7.5","2.6","4.3","2.8","12.8","3.0","5.6","0.0","4.8"
"264","Justin Watson","HST","WR","3","2025","7.4","8.3","","","","","","","","","","","","","","","","0.0","4.8"
"265","David Montgomery","DET","RB","17","2025","10.3","3.6","3.6","3.7","4.2","6.9","6.9","","10.8","2.9","2.7","7.1","7.4","2.9","2.4","0.0","6.9","2.4","4.8"
"266","Will Dissly","LAC","TE","9","2025","2.9","3.7","","","","5.3","1.8","","","","","","","3.8","0.0","10.3","6.3","9.1","4.8"
"267","Miles Sanders","DAL","RB","4","2025","2.9","3.8","6.7","5.0","","","","","","","","","","","","","","","4.7"
"268","Curtis Samuel","BUF","WR","6","2025","","","","4.5","6.5","","","0.0","3.8","2.5","10.0","","","","","","","","4.7"
"269","Isaac TeSlaa","DET","WR","17","2025","2.6","3.6","7.1","0.0","4.2","0.0","3.4","","0.0","2.9","2.7","2.4","7.4","8.8","2.4","13.0","13.8","2.4","4.6"
"270","Braxton Berrios","HST","WR","4","2025","","","","","","","6.1","12.8","0.0","0.0","","","","","","","","","4.6"
"271","Zavier Scott","MIN","RB","11","2025","","","4.2","15.2","0.0","","2.4","6.5","0.0","","","","3.3","4.3","","4.3","0.0","3.2","4.6"
"272","Tyler Johnson","NYJ","WR","12","2025","9.1","4.5","8.3","","0.0","0.0","8.8","15.2","","0.0","0.0","","0.0","","","2.9","2.9","","4.6"
"273","Quentin Skinner","NYJ","WR","1","2025","","","","","","","","","","","","","","","","","","4.5","4.5"
"274","Tim Patrick","JAX","WR","16","2025","0.0","2.4","2.5","3.2","4.0","2.4","2.1","","","0.0","18.2","13.3","3.7","19.4","0.0","2.8","2.7","3.1","4.5"
"275","Kyle Monangai","CHI","RB","17","2025","2.9","6.1","3.6","0.0","","3.4","7.7","0.0","10.8","2.8","3.1","0.0","0.0","5.7","7.1","11.8","9.5","3.0","4.5"
"276","Derrick Henry","BLT","RB","17","2025","5.3","0.0","3.6","6.1","5.0","5.9","","4.5","4.3","10.3","8.0","8.7","3.1","5.7","0.0","0.0","0.0","0.0","4.5"
"277","Tyrell Shavers","BUF","WR","17","2025","0.0","7.4","7.1","0.0","3.2","19.2","","0.0","3.8","2.5","16.7","0.0","0.0","3.6","0.0","10.5","5.7","0.0","4.4"
"278","Josh Oliver","MIN","TE","15","2025","5.0","0.0","4.2","0.0","8.6","","2.4","0.0","","","3.1","5.3","0.0","8.7","4.2","13.0","12.5","6.5","4.3"
"279","Mitchell Evans","CAR","TE","17","2025","0.0","1.8","4.2","8.3","3.3","4.0","6.3","0.0","0.0","0.0","4.4","3.4","15.0","","0.0","9.4","8.3","5.7","4.3"
"280","Nick Westbrook-Ikhine","MIA","WR","15","2025","3.2","6.3","0.0","4.0","0.0","3.0","12.9","11.1","10.0","4.8","0.0","","0.0","0.0","3.6","","","0.0","4.2"
"281","Lucas Krull","DEN","TE","3","2025","5.0","0.0","8.0","","","","","","","","","","","","","","","","4.2"
"282","Jamari Thrash","CLV","WR","9","2025","2.2","2.1","8.3","0.0","3.0","3.8","11.1","8.6","","3.1","","","","","","","","","4.2"
"283","Kyle Williams","NE","WR","17","2025","2.2","0.0","2.7","0.0","0.0","7.7","4.2","0.0","3.4","6.5","8.8","2.9","3.2","","0.0","6.8","20.0","0.0","4.2"
"284","Stone Smartt","NYJ","TE","8","2025","","","","","","0.0","","","","0.0","","","0.0","2.9","0.0","14.3","8.8","0.0","4.1"
"285","Xavier Smith","LA","WR","16","2025","3.4","0.0","0.0","0.0","0.0","0.0","9.1","","9.4","2.8","3.6","","10.7","3.2","0.0","4.1","15.8","5.0","4.1"
"286","Jordan Whittington","LA","WR","17","2025","0.0","6.1","8.8","2.4","6.4","15.4","12.1","","0.0","0.0","3.6","8.6","3.6","3.2","0.0","2.0","0.0","0.0","4.0"
"287","J.K. Dobbins","DEN","RB","10","2025","5.0","6.7","8.0","2.4","2.6","3.3","2.0","6.9","2.7","3.6","","","","","","","","","4.0"
"288","Dante Pettis","NO","WR","8","2025","","","","","","","","","","0.0","","2.2","0.0","0.0","0.0","2.0","14.8","14.3","4.0"
"289","Emari Demercado","ARZ","RB","13","2025","0.0","0.0","2.9","4.9","0.0","2.3","","","3.2","8.9","3.5","","","","7.5","3.2","8.1","3.1","4.0"
"290","Kareem Hunt","KC","RB","17","2025","7.7","3.4","2.7","2.7","2.4","3.3","0.0","2.9","2.9","","4.4","6.5","5.9","3.0","6.1","0.0","0.0","9.7","3.9"
"291","Tutu Atwell","LA","WR","10","2025","3.4","3.0","2.9","4.9","8.5","","0.0","","","","","","","","5.3","0.0","2.6","7.5","3.9"
"292","Jahdae Walker","CHI","WR","7","2025","","","","0.0","","","","0.0","0.0","","","","","0.0","","8.8","9.5","9.1","3.9"
"293","Dylan Drummond","ATL","WR","9","2025","","","","","","","","0.0","0.0","","","13.0","9.1","16.7","0.0","0.0","0.0","0.0","3.9"
"294","Nick Chubb","HST","RB","15","2025","3.7","8.3","10.5","7.1","3.2","","6.1","5.1","0.0","2.2","4.9","3.3","0.0","0.0","","2.9","0.0","","3.8"
"295","Jackson Hawes","BUF","TE","17","2025","2.2","3.7","3.6","4.5","0.0","0.0","","13.0","7.7","5.0","0.0","5.9","4.3","3.6","3.6","10.5","0.0","3.4","3.8"
"296","Jimmy Horn","CAR","WR","13","2025","","","","","10.0","8.0","6.3","4.2","5.0","0.0","0.0","3.4","0.0","","4.2","0.0","8.3","2.9","3.8"
"297","Keaton Mitchell","BLT","RB","13","2025","","","","","5.0","0.0","","0.0","4.3","0.0","12.0","4.3","9.4","0.0","8.3","0.0","10.0","0.0","3.8"
"298","Shedrick Jackson","LV","WR","5","2025","","","","","","","0.0","","","","","","","3.1","0.0","","10.0","3.8","3.8"
"299","Mason Tipton","NO","WR","13","2025","","","0.0","0.0","0.0","0.0","3.1","2.0","0.0","0.0","","8.9","10.5","0.0","6.1","10.0","","","3.8"
"300","Ameer Abdullah","IND","RB","13","2025","","","","","0.0","3.3","2.9","3.2","2.0","3.8","","0.0","0.0","5.6","18.5","2.8","3.2","5.7","3.8"
"301","Adam Trautman","DEN","TE","17","2025","2.5","10.0","0.0","7.1","2.6","0.0","0.0","0.0","5.4","3.6","2.6","","8.9","5.3","0.0","6.4","5.3","0.0","3.8"
"302","Mitchell Tinsley","CIN","WR","17","2025","0.0","2.2","3.7","8.0","0.0","0.0","0.0","0.0","4.3","","0.0","15.8","19.6","0.0","5.1","3.0","0.0","0.0","3.8"
"303","Zamir White","LV","RB","5","2025","0.0","7.0","6.9","","","","","","","","","","","","","","0.0","3.8","3.7"
"304","Luke Schoonmaker","DAL","TE","17","2025","2.9","3.8","2.2","5.0","6.9","5.9","0.0","8.6","5.1","","0.0","2.8","2.6","4.3","2.6","0.0","5.4","4.2","3.7"
"305","Konata Mumpfield","LA","WR","17","2025","0.0","0.0","0.0","0.0","0.0","7.7","3.0","","0.0","2.8","0.0","5.7","0.0","3.2","2.6","16.3","13.2","2.5","3.7"
"306","Xavier Weaver","ARZ","WR","9","2025","","","","2.4","","","0.0","","0.0","","5.3","6.0","2.5","","","6.5","8.1","0.0","3.7"
"307","Tip Reiman","ARZ","TE","4","2025","3.4","","8.6","0.0","3.1","","","","","","","","","","","","","","3.6"
"308","Jaylen Wright","MIA","RB","10","2025","","","","","","","0.0","3.7","","0.0","0.0","","0.0","14.3","3.6","6.7","0.0","8.0","3.6"
"309","Taysom Hill","NO","TE","13","2025","","","","","0.0","0.0","6.3","2.0","0.0","3.6","","0.0","2.6","10.0","0.0","12.0","0.0","8.6","3.6"
"310","Devin Singletary","NYG","RB","17","2025","0.0","2.4","0.0","0.0","5.0","0.0","0.0","4.2","6.1","8.3","3.4","0.0","12.5","","2.7","7.7","13.3","0.0","3.6"
"311","KeAndre Lambert-Smith","LAC","WR","10","2025","2.9","0.0","","0.0","0.0","5.3","","","3.4","","","","","","3.4","3.4","3.1","11.4","3.6"
"312","John Bates","WAS","TE","15","2025","0.0","0.0","","","3.8","0.0","3.1","3.3","18.2","9.1","0.0","","4.0","0.0","5.3","4.3","0.0","9.1","3.6"
"313","Samaje Perine","CIN","RB","15","2025","8.7","0.0","0.0","4.0","5.0","6.7","0.0","2.9","0.0","","","","4.3","2.8","2.6","9.1","2.8","7.7","3.6"
"314","Cedrick Wilson","MIA","WR","10","2025","","","","","","","","3.7","2.5","0.0","0.0","","8.7","0.0","0.0","3.3","9.1","8.0","3.5"
"315","Emanuel Wilson","GB","RB","17","2025","0.0","0.0","0.0","7.0","","3.8","3.4","10.8","5.4","2.8","3.8","9.1","0.0","0.0","0.0","0.0","4.0","9.1","3.5"
"316","Chris Brooks","GB","RB","17","2025","4.5","12.9","0.0","2.3","","0.0","3.4","0.0","5.4","0.0","0.0","4.5","6.7","4.0","5.0","0.0","8.0","0.0","3.5"
"317","Mo Alie-Cox","IND","TE","17","2025","3.4","2.9","0.0","0.0","0.0","6.7","5.9","0.0","2.0","3.8","","3.2","0.0","5.6","0.0","5.6","9.7","8.6","3.5"
"318","Brycen Tremayne","CAR","WR","16","2025","0.0","7.3","8.3","11.1","3.3","0.0","0.0","0.0","5.0","","4.4","0.0","0.0","","0.0","0.0","4.2","5.7","3.5"
"319","Jordan Mason","MIN","RB","16","2025","5.0","14.3","0.0","6.5","11.4","","0.0","3.2","4.0","2.4","0.0","0.0","3.3","0.0","0.0","4.3","","0.0","3.4"
"320","Raheem Mostert","LV","RB","12","2025","","","","4.8","0.0","0.0","5.6","","2.6","3.7","4.8","6.8","0.0","3.1","4.0","4.3","","","3.4"
"321","Johnny Mundt","JAX","TE","16","2025","3.2","0.0","2.5","3.2","4.0","4.8","8.3","","0.0","8.7","9.1","6.7","0.0","","0.0","0.0","2.7","3.1","3.4"
"322","James Proche","TEN","WR","9","2025","","","","","","","","0.0","0.0","","","7.1","2.6","3.6","0.0","0.0","10.0","3.0","3.4"
"323","Raheim Sanders","CLV","RB","4","2025","0.0","","","","","","","","","","","","","","","3.3","8.7","4.5","3.3"
"324","Jacoby Jones","WAS","WR","1","2025","","","","","","","","","","","3.3","","","","","","","","3.3"
"325","John FitzPatrick","GB","TE","15","2025","4.5","0.0","8.0","0.0","","0.0","3.4","2.7","0.0","0.0","3.8","4.5","3.3","8.0","10.0","4.2","","","3.3"
"326","Gage Larvadain","CLV","WR","13","2025","","","","","0.0","5.8","5.6","0.0","","0.0","3.8","0.0","11.5","7.1","5.7","0.0","0.0","0.0","3.3"
"327","Arian Smith","NYJ","WR","16","2025","0.0","9.1","5.6","0.0","2.2","5.9","8.8","3.0","","0.0","0.0","0.0","","0.0","6.1","2.9","2.9","4.5","3.3"
"328","Nate Adkins","DEN","TE","9","2025","","","0.0","4.8","2.6","6.7","6.0","3.4","","","","","","","0.0","2.1","","0.0","3.1"
"329","Devontez Walker","BLT","WR","11","2025","","6.9","3.6","0.0","0.0","","","","","","0.0","4.3","6.3","","0.0","0.0","0.0","11.1","3.1"
"330","Tahj Washington","MIA","WR","6","2025","","","","","0.0","","","","5.0","0.0","0.0","","","","","","0.0","12.0","3.0"
"331","Malachi Corley","CLV","WR","13","2025","","","","","0.0","0.0","11.1","0.0","","3.1","7.7","5.0","0.0","0.0","2.9","6.7","4.3","9.1","3.0"
"332","Anthony Firkser","DET","TE","7","2025","","","","","","","","","","","","0.0","3.7","2.9","0.0","7.4","0.0","4.8","3.0"
"333","Rasheen Ali","BLT","RB","15","2025","0.0","0.0","0.0","0.0","0.0","0.0","","0.0","0.0","","4.0","","0.0","8.6","16.7","10.0","15.0","0.0","3.0"
"334","Ben Sinnott","WAS","TE","16","2025","0.0","2.4","0.0","0.0","0.0","0.0","0.0","3.3","0.0","4.5","","","0.0","4.2","5.3","8.7","17.4","9.1","3.0"
"335","Grant Calcaterra","PHI","TE","15","2025","0.0","9.1","0.0","8.3","5.3","","","0.0","","3.8","0.0","2.6","0.0","0.0","5.6","0.0","3.7","7.5","2.9"
"336","Tyler Allgeier","ATL","RB","17","2025","0.0","4.8","4.7","0.0","","3.1","0.0","6.5","0.0","0.0","6.7","4.3","6.1","6.7","0.0","2.9","0.0","6.3","2.9"
"337","Michael Bandy","DEN","WR","4","2025","","","","","","","","","2.7","0.0","","","","","2.9","","5.3","","2.9"
"338","Tyler Conklin","LAC","TE","10","2025","5.9","0.0","4.3","2.4","9.1","0.0","","0.0","","3.0","","","0.0","","","","","2.3","2.9"
"339","Darius Cooper","PHI","WR","13","2025","0.0","0.0","0.0","","","","","0.0","","0.0","0.0","5.1","0.0","2.5","11.1","0.0","3.7","12.5","2.9"
"340","Charlie Kolar","BLT","TE","17","2025","0.0","0.0","10.7","0.0","5.0","0.0","","4.5","8.7","3.4","0.0","0.0","3.1","2.9","0.0","5.0","5.0","0.0","2.8"
"341","Scott Miller","PIT","WR","13","2025","0.0","0.0","0.0","4.5","","0.0","2.9","","","","0.0","0.0","","0.0","0.0","7.3","12.8","4.3","2.8"
"342","Jalen Brooks","DAL, ARZ","WR","6","2025","","","","","0.0","","","","","","","","","6.8","7.5","0.0","0.0","0.0","2.8"
"343","Braelon Allen","NYJ","RB","4","2025","0.0","4.5","5.6","0.0","","","","","","","","","","","","","","","2.8"
"344","Savion Williams","GB","WR","12","2025","4.5","0.0","0.0","7.0","","0.0","0.0","2.7","5.4","5.6","3.8","0.0","","","","0.0","","","2.8"
"345","Josh Whyle","GB","TE","8","2025","","","","","","","","","","0.0","3.8","4.5","3.3","4.0","0.0","","4.0","9.1","2.8"
"346","Ian Thomas","LV","TE","15","2025","0.0","0.0","0.0","0.0","8.3","4.3","0.0","","2.6","0.0","2.4","9.1","4.3","6.3","","","0.0","0.0","2.8"
"347","Najee Harris","LAC","RB","3","2025","2.9","7.4","0.0","","","","","","","","","","","","","","","","2.8"
"348","KhaDarel Hodge","ATL","WR","11","2025","2.4","0.0","0.0","","","0.0","0.0","25.8","0.0","0.0","3.3","0.0","","","0.0","","","","2.7"
"349","Gunner Olszewski","NYG","WR","16","2025","0.0","0.0","0.0","0.0","0.0","0.0","0.0","0.0","3.0","5.6","0.0","0.0","0.0","","","0.0","3.3","27.3","2.7"
"350","Drew Sample","CIN","TE","17","2025","0.0","2.2","7.4","0.0","2.5","4.4","0.0","0.0","0.0","","0.0","2.6","4.3","0.0","5.1","6.1","2.8","7.7","2.7"
"351","Bhayshul Tuten","JAX","RB","15","2025","0.0","4.8","2.5","3.2","4.0","7.1","0.0","","2.9","8.7","0.0","0.0","3.7","0.0","3.1","","","0.0","2.7"
"352","Keleki Latu","BUF","TE","5","2025","","","","","","","","","","","3.3","0.0","0.0","","","","0.0","10.3","2.6"
"353","Foster Moreau","NO","TE","11","2025","","","","","0.0","3.8","0.0","2.0","0.0","10.7","","2.2","5.3","5.0","0.0","2.0","","","2.6"
"354","Ray Davis","BUF","RB","17","2025","2.2","0.0","3.6","0.0","0.0","7.7","","4.3","0.0","5.0","0.0","0.0","0.0","0.0","3.6","10.5","2.9","6.9","2.6"
"355","Ashton Dulin","IND","WR","12","2025","0.0","0.0","0.0","3.0","15.6","0.0","","3.2","0.0","0.0","","3.2","","","","","0.0","5.7","2.6"
"356","Ben Sims","GB, MIN","TE","9","2025","","","","","","0.0","","","","0.0","","0.0","0.0","4.3","0.0","0.0","6.3","12.9","2.6"
"357","Jacory Croskey-Merritt","WAS","RB","17","2025","3.3","2.4","4.8","7.4","7.7","3.8","3.1","3.3","4.5","0.0","3.3","","0.0","0.0","0.0","0.0","0.0","0.0","2.6"
"358","Tay Martin","WAS","WR","3","2025","","","","3.7","3.8","0.0","","","","","","","","","","","","","2.5"
"359","Clyde Edwards-Helaire","KC","RB","2","2025","","","","","","","","","0.0","","","4.3","","","","","","","2.5"
"360","Shane Zylstra","DET","TE","5","2025","0.0","","","","","","","","","","","","","","0.0","9.3","0.0","0.0","2.4"
"361","Blake Corum","LA","RB","17","2025","3.4","0.0","0.0","9.8","4.3","0.0","3.0","","0.0","0.0","7.1","0.0","0.0","3.2","0.0","4.1","0.0","2.5","2.3"
"362","Jordan Watkins","SF","WR","4","2025","","","","","","","","6.3","4.2","0.0","","","","","","0.0","","","2.3"
"363","Tylan Wallace","BLT","WR","14","2025","0.0","6.9","3.6","6.1","0.0","0.0","","4.5","0.0","0.0","4.0","4.3","","0.0","0.0","","","0.0","2.3"
"364","Will Shipley","PHI","RB","15","2025","0.0","","","0.0","2.6","0.0","4.3","0.0","","7.7","0.0","0.0","2.9","2.5","0.0","3.3","0.0","7.5","2.3"
"365","Dare Ogunbowale","HST","RB","17","2025","7.4","0.0","0.0","0.0","0.0","","2.0","2.6","2.5","0.0","2.4","0.0","0.0","0.0","13.8","2.9","0.0","6.3","2.2"
"366","Elijah Mitchell","KC","RB","1","2025","","","","","","","","","","","2.2","","","","","","","","2.2"
"367","Jaret Patterson","LAC","RB","6","2025","","","","","","","","0.0","0.0","0.0","","","0.0","","","","0.0","9.1","2.2"
"368","Corey Kiner","ARZ","RB","4","2025","","","","","","","","","","","","","","","0.0","0.0","0.0","9.4","2.1"
"369","Britain Covey","PHI","WR","6","2025","","","","","","","","","","","","","0.0","0.0","0.0","0.0","0.0","10.0","2.1"
"370","Kendre Miller","NO","RB","7","2025","0.0","2.9","4.9","0.0","3.1","3.8","0.0","","","","","","","","","","","","2.1"
"371","Brian Robinson","SF","RB","17","2025","5.7","2.6","0.0","0.0","0.0","7.7","0.0","0.0","0.0","2.6","3.8","6.3","0.0","","0.0","2.9","3.0","0.0","2.1"
"372","Luke Farrell","SF","TE","17","2025","2.9","5.1","0.0","5.3","2.0","0.0","3.8","0.0","4.2","5.1","0.0","3.1","3.3","","0.0","0.0","0.0","0.0","2.1"
"373","Beaux Collins","NYG","WR","9","2025","0.0","0.0","0.0","0.0","7.5","0.0","3.0","8.3","0.0","","","","","","","","","","2.1"
"374","Brevyn Spann-Ford","DAL","TE","17","2025","2.9","1.9","0.0","0.0","0.0","2.9","0.0","2.9","0.0","","3.0","2.8","0.0","2.1","2.6","0.0","5.4","12.5","2.1"
"375","Malik Heath","GB","WR","11","2025","0.0","3.2","0.0","2.3","","0.0","0.0","8.1","2.7","0.0","","0.0","3.3","","","","","","2.1"
"376","James Mitchell","CAR","TE","5","2025","","","","5.6","3.3","0.0","","","","","","","0.0","","","","","0.0","2.1"
"377","Mecole Hardman","BUF","WR","2","2025","","","","","","","","","","","3.3","","","","","0.0","","","2.0"
"378","Sean Tucker","TB","RB","17","2025","0.0","0.0","0.0","0.0","9.1","0.0","2.0","0.0","","4.7","7.1","5.9","0.0","0.0","0.0","0.0","2.3","0.0","2.0"
"379","LeQuint Allen","JAX","RB","17","2025","3.2","0.0","2.5","3.2","0.0","4.8","2.1","","2.9","4.3","0.0","0.0","0.0","6.5","3.1","0.0","0.0","0.0","2.0"
"380","Antonio Gibson","NE","RB","5","2025","2.2","4.3","0.0","0.0","3.3","","","","","","","","","","","","","","1.9"
"381","Brenden Bates","CLV, HST","TE","9","2025","","","","0.0","6.5","","0.0","","","","0.0","0.0","","","0.0","3.3","4.3","4.5","1.9"
"382","Jack Stoll","NO","TE","15","2025","0.0","0.0","7.3","3.6","0.0","0.0","3.1","2.0","0.0","","","2.2","0.0","0.0","3.0","4.0","0.0","","1.9"
"383","Ollie Gordon","MIA","RB","17","2025","3.2","3.1","0.0","4.0","0.0","3.0","6.5","3.7","2.5","0.0","0.0","","0.0","0.0","0.0","0.0","0.0","4.0","1.9"
"384","Jonathan Mingo","DAL","WR","6","2025","","","","","","","","","","","","0.0","","2.1","2.6","0.0","2.7","4.2","1.9"
"385","Kylen Granson","PHI","TE","17","2025","4.3","4.5","0.0","0.0","0.0","0.0","0.0","0.0","","0.0","7.1","0.0","0.0","0.0","0.0","0.0","0.0","12.5","1.8"
"386","Khalil Herbert","NYJ","RB","5","2025","","","","","0.0","","","","","","","","","0.0","0.0","","2.9","9.1","1.8"
"387","Tom Kennedy","DET","WR","6","2025","","","","","","","","","","","","","14.8","0.0","0.0","0.0","0.0","0.0","1.8"
"388","Andre Baccellia","ARZ","WR","5","2025","","","","","","","","","","","1.8","0.0","0.0","6.8","0.0","","","","1.7"
"389","Quintin Morris","JAX","TE","13","2025","","0.0","","0.0","0.0","0.0","","","","0.0","9.1","0.0","3.7","0.0","6.3","2.8","0.0","3.1","1.7"
"390","Jaleel McLaughlin","DEN","RB","8","2025","","","","","","3.3","","","","","2.6","","2.2","2.6","0.0","0.0","0.0","4.3","1.7"
"391","Will Mallory","IND","TE","2","2025","","","","","0.0","","","","","","","","","","","","3.2","","1.6"
"392","Coleman Owen","IND","WR","2","2025","","","","","","","","","","","","","","","0.0","2.8","","","1.6"
"393","Cody White","SEA","WR","9","2025","0.0","","","","","","","","8.3","0.0","0.0","0.0","3.8","3.3","0.0","0.0","","","1.6"
"394","Eric Saubert","SEA","TE","11","2025","0.0","0.0","4.8","0.0","0.0","0.0","0.0","","","","","","","","2.8","0.0","3.7","7.7","1.6"
"395","Brittain Brown","CHI","RB","2","2025","","","","","","","","","2.7","","","","","","0.0","","","","1.5"
"396","Dee Eskridge","MIA","WR","13","2025","6.5","3.1","0.0","0.0","0.0","0.0","6.5","0.0","2.5","","","","0.0","0.0","0.0","0.0","","","1.5"
"397","Jelani Woods","NYJ","TE","4","2025","","","","","","","","0.0","","","","","","","0.0","2.9","2.9","","1.5"
"398","Charlie Woerner","ATL","TE","17","2025","0.0","0.0","2.3","0.0","","0.0","0.0","0.0","0.0","3.6","0.0","13.0","0.0","0.0","4.5","2.9","0.0","0.0","1.5"
"399","Harrison Bryant","HST","TE","12","2025","","4.2","0.0","0.0","6.5","","0.0","2.6","5.0","0.0","","","","","0.0","0.0","0.0","0.0","1.4"
"400","AJ Dillon","PHI","RB","7","2025","0.0","0.0","0.0","0.0","0.0","6.1","","","","","","","","","","","","2.5","1.4"
"401","Malik Davis","DAL","RB","10","2025","","","","","","","0.0","0.0","0.0","","0.0","0.0","0.0","0.0","7.9","0.0","5.4","","1.4"
"402","Jalen Royals","KC","WR","7","2025","","","","0.0","0.0","0.0","0.0","","","","","","","","","0.0","0.0","9.7","1.4"
"403","Efton Chism","NE","WR","8","2025","","","","","","0.0","0.0","","0.0","0.0","0.0","","0.0","","","","8.0","4.5","1.4"
"404","Deven Thompkins","ATL","WR","7","2025","","","","","","0.0","","","","","","","6.1","3.3","0.0","0.0","0.0","0.0","1.3"
"405","Ross Dwelley","DET","TE","10","2025","","","0.0","0.0","0.0","0.0","0.0","","","2.9","0.0","0.0","7.4","2.9","","","","","1.3"
"406","Zaire Mitchell-Paden","NO, BLT","TE","8","2025","0.0","3.4","0.0","0.0","5.0","0.0","","","","3.6","","0.0","","","","","","","1.3"
"407","Xavier Gipson","PHI, NYJ","WR","6","2025","0.0","","","","","","0.0","5.0","","0.0","0.0","2.6","","","","","","","1.3"
"408","Kameron Johnson","TB","WR","17","2025","0.0","0.0","0.0","0.0","0.0","17.4","2.0","0.0","","2.3","0.0","0.0","0.0","3.3","0.0","0.0","0.0","0.0","1.3"
"409","Andrew Ogletree","IND","TE","15","2025","0.0","0.0","0.0","0.0","0.0","0.0","0.0","3.2","0.0","0.0","","6.5","3.7","0.0","0.0","5.6","","","1.2"
"410","Skyy Moore","SF","WR","17","2025","0.0","0.0","2.4","2.6","0.0","0.0","3.8","3.1","4.2","2.6","0.0","0.0","0.0","","0.0","2.9","0.0","0.0","1.2"
"411","Mason Kinsey","TEN","WR","10","2025","","","","","","","0.0","0.0","0.0","","8.1","0.0","","0.0","0.0","0.0","2.5","0.0","1.2"
"412","Ben Skowronek","PIT","WR","16","2025","3.3","0.0","0.0","4.5","","0.0","0.0","2.8","0.0","0.0","0.0","3.2","4.2","2.9","0.0","0.0","","0.0","1.2"
"413","Cam Grandy","CIN","TE","5","2025","","","3.7","0.0","","","0.0","","","","","","","","0.0","3.0","","","1.2"
"414","Dareke Young","SEA","WR","9","2025","","0.0","4.8","0.0","2.9","0.0","0.0","","","","","","","","","0.0","3.7","0.0","1.2"
"415","Trent Sherfield","ARZ, DEN","WR","12","2025","2.5","3.3","0.0","0.0","5.1","0.0","0.0","0.0","0.0","0.0","","","","2.3","0.0","","","","1.2"
"416","Blake Whiteheart","CLV","TE","16","2025","0.0","0.0","0.0","2.9","0.0","1.9","5.6","0.0","","0.0","","0.0","0.0","2.4","0.0","0.0","4.3","4.5","1.1"
"417","Chris Rodriguez","WAS","RB","13","2025","","","0.0","0.0","0.0","0.0","0.0","0.0","0.0","0.0","3.3","","2.0","0.0","","4.3","","4.5","1.1"
"418","Bryce Oliver","TEN","WR","3","2025","3.6","0.0","","","","","","","","","","","","","","","","0.0","1.1"
"419","Durham Smythe","CHI","TE","17","2025","0.0","0.0","0.0","0.0","","0.0","0.0","0.0","0.0","0.0","9.4","2.9","0.0","2.9","0.0","0.0","2.4","0.0","1.0"
"420","Tim Jones","MIN, JAX","WR","4","2025","0.0","0.0","","","","","","","2.9","0.0","","","","","","","","","1.0"
"421","Steven Sims","ARZ","WR","3","2025","","","","","","","","","","","","","","","","3.2","0.0","0.0","1.0"
"422","Hassan Haskins","LAC","RB","11","2025","0.0","0.0","0.0","0.0","3.0","2.6","3.6","","","","","","","0.0","","0.0","0.0","0.0","1.0"
"423","David Martin-Robinson","TEN","TE","15","2025","0.0","","0.0","","0.0","2.6","0.0","0.0","0.0","","0.0","0.0","0.0","3.6","0.0","0.0","2.5","6.1","1.0"
"424","Ryan Miller","TB","WR","13","2025","3.1","2.6","3.4","0.0","0.0","0.0","2.0","0.0","","0.0","0.0","0.0","0.0","0.0","","","","","0.9"
"425","Moliki Matavao","NO","TE","6","2025","0.0","0.0","","0.0","","","","","","","","","","","","0.0","7.4","0.0","0.9"
"426","Ben Yurosek","MIN","TE","12","2025","0.0","0.0","0.0","","","","0.0","6.5","0.0","0.0","0.0","","","","0.0","0.0","0.0","3.2","0.9"
"427","Jared Wiley","KC","TE","4","2025","","","","","","","","","","","","","2.9","","","0.0","0.0","0.0","0.9"
"428","Cam Akers","SEA, MIN","RB","4","2025","","","4.2","","0.0","","","","","","","","","","","","0.0","0.0","0.9"
"429","Devin Duvernay","CHI","WR","17","2025","0.0","0.0","0.0","0.0","","0.0","0.0","7.9","0.0","0.0","0.0","0.0","0.0","2.9","0.0","0.0","2.4","0.0","0.9"
"430","Tucker Fisk","LAC","TE","10","2025","","","0.0","2.4","0.0","0.0","0.0","0.0","3.4","3.0","0.0","","0.0","","","","","","0.9"
"431","Josiah Deguara","ARZ","TE","12","2025","","0.0","","","","","0.0","","0.0","0.0","0.0","2.0","0.0","2.3","0.0","0.0","0.0","6.3","0.9"
"432","Tyler Goodson","IND","RB","11","2025","","","0.0","3.0","","","","0.0","4.0","0.0","","0.0","0.0","0.0","0.0","0.0","","0.0","0.8"
"433","Tank Bigsby","PHI, JAX","RB","16","2025","0.0","","0.0","0.0","0.0","0.0","4.3","0.0","","0.0","0.0","0.0","0.0","0.0","5.6","0.0","3.7","2.5","0.8"
"434","Derius Davis","LAC","WR","11","2025","0.0","0.0","0.0","","","","0.0","0.0","0.0","3.0","3.8","","0.0","0.0","","","","2.3","0.8"
"435","Giovanni Ricci","DET","TE","3","2025","","","","","","","","","","","","","","","0.0","0.0","3.4","","0.8"
"436","Dylan Laube","LV","RB","17","2025","0.0","4.7","3.4","0.0","0.0","0.0","5.6","","0.0","0.0","0.0","0.0","0.0","0.0","0.0","0.0","0.0","0.0","0.8"
"437","Colson Yankoff","WAS","TE","14","2025","0.0","0.0","0.0","0.0","0.0","0.0","0.0","","","0.0","3.3","","2.0","4.2","0.0","","0.0","0.0","0.8"
"438","Connor Heyward","PIT","TE","16","2025","0.0","2.9","0.0","0.0","","3.3","2.9","0.0","0.0","0.0","0.0","0.0","","0.0","0.0","0.0","0.0","2.1","0.8"
"439","Alex Bachman","LV","WR","13","2025","2.9","0.0","0.0","","2.8","0.0","0.0","","0.0","0.0","","0.0","0.0","","","4.3","0.0","0.0","0.8"
"440","Tai Felton","MIN","WR","14","2025","0.0","","4.2","0.0","0.0","","0.0","0.0","0.0","","0.0","0.0","0.0","4.3","0.0","4.3","","0.0","0.7"
"441","George Holani","SEA","RB","10","2025","0.0","0.0","9.5","0.0","0.0","0.0","0.0","","0.0","0.0","0.0","","","","","","","","0.7"
"442","Payne Durham","TB","TE","17","2025","0.0","2.6","0.0","0.0","0.0","0.0","0.0","0.0","","2.3","0.0","0.0","3.6","0.0","0.0","0.0","0.0","4.5","0.7"
"443","DJ Giddens","IND","RB","9","2025","0.0","2.9","0.0","0.0","3.1","0.0","0.0","","","","","","","","","","0.0","0.0","0.7"
"444","Pharaoh Brown","ARZ","TE","7","2025","","","","","","","","","","","0.0","0.0","0.0","0.0","5.0","0.0","","0.0","0.7"
"445","Kaleb Johnson","PIT","RB","10","2025","0.0","0.0","","4.5","","0.0","","","2.9","0.0","0.0","","0.0","0.0","0.0","","","","0.7"
"446","David Moore","CAR","WR","4","2025","0.0","0.0","4.2","0.0","","","","","","","","","","","","","","","0.7"
"447","Jaydon Blue","DAL","RB","5","2025","","","","","0.0","0.0","3.3","0.0","","","","","","","","","","0.0","0.7"
"448","Jake Bobo","SEA","WR","11","2025","","0.0","0.0","3.8","0.0","0.0","3.1","","","","","0.0","","0.0","0.0","","0.0","0.0","0.6"
"449","DeeJay Dallas","CAR, JAX","RB","5","2025","","","","","0.0","0.0","","","","","","","","","","0.0","2.7","0.0","0.6"
"450","Anthony Gould","IND","WR","11","2025","0.0","0.0","0.0","0.0","0.0","0.0","2.9","0.0","","","","0.0","0.0","2.8","","","","","0.6"
"451","Trevor Etienne","CAR","RB","17","2025","0.0","1.8","0.0","0.0","3.3","0.0","0.0","0.0","0.0","0.0","0.0","0.0","5.0","","0.0","0.0","0.0","0.0","0.6"
"452","Dameon Pierce","HST, KC","RB","5","2025","3.7","","","","0.0","","","0.0","","0.0","","","","","","","","0.0","0.6"
"453","Terrell Jennings","NE","RB","6","2025","","","","","","","0.0","0.0","3.4","0.0","","0.0","0.0","","","","","","0.6"
"454","Evan Hull","NO","RB","6","2025","","","","","","","","","","","","","0.0","5.0","0.0","0.0","0.0","0.0","0.5"
"455","Jason Brownlee","KC","WR","6","2025","2.6","0.0","0.0","","0.0","0.0","","","","","","","","","","","","0.0","0.5"
"456","Tahj Brooks","CIN","RB","12","2025","0.0","0.0","0.0","0.0","","","0.0","0.0","0.0","","0.0","2.6","","","0.0","0.0","2.8","","0.5"
"457","Brayden Willis","SF","TE","6","2025","","2.6","0.0","0.0","0.0","0.0","","","","","","","","","","","0.0","","0.4"
"458","Nick Kallerup","SEA","TE","9","2025","","","","","","","","","0.0","8.3","0.0","0.0","0.0","0.0","0.0","0.0","0.0","","0.4"
"459","Chris Manhertz","NYG","TE","17","2025","0.0","0.0","3.1","0.0","0.0","0.0","0.0","0.0","0.0","0.0","0.0","0.0","0.0","","0.0","0.0","0.0","3.0","0.4"
"460","Kene Nwangwu","NYJ","RB","10","2025","0.0","","","","","0.0","0.0","","","0.0","0.0","0.0","","0.0","","0.0","0.0","4.5","0.4"
"461","Julius Chestnut","TEN","RB","17","2025","0.0","0.0","0.0","3.8","2.6","0.0","0.0","0.0","0.0","","0.0","0.0","0.0","0.0","0.0","0.0","0.0","0.0","0.4"
"462","Carter Runyon","LV","TE","10","2025","","","","","0.0","0.0","5.6","","","","0.0","0.0","0.0","0.0","","0.0","0.0","0.0","0.3"
"463","Ke'Shawn Williams","PIT, CIN","WR","11","2025","","","","","","0.0","0.0","0.0","0.0","0.0","0.0","0.0","0.0","","","0.0","2.8","0.0","0.3"
"464","Devin Culp","TB","TE","11","2025","","","","0.0","0.0","0.0","0.0","0.0","","0.0","0.0","0.0","0.0","0.0","2.9","","","","0.3"
"465","Nikko Remigio","KC","WR","14","2025","0.0","3.4","0.0","0.0","0.0","0.0","0.0","0.0","0.0","","0.0","0.0","0.0","","0.0","0.0","","","0.2"
"466","Charlie Jones","CIN","WR","14","2025","0.0","0.0","0.0","0.0","0.0","0.0","0.0","0.0","0.0","","0.0","2.6","0.0","0.0","0.0","","","","0.2"
"467","Robert Tonyan","KC","TE","16","2025","0.0","0.0","0.0","0.0","0.0","0.0","0.0","0.0","0.0","","2.2","0.0","0.0","0.0","0.0","0.0","","0.0","0.2"
"468","LaJohntay Wester","BLT","WR","16","2025","0.0","0.0","0.0","0.0","0.0","0.0","","","0.0","0.0","0.0","0.0","0.0","0.0","0.0","0.0","0.0","0.0","0.0"
"469","Lawrence Cager","WAS","TE","1","2025","","","","","","","","","","","","","","","","0.0","","","0.0"
"470","Jalen Cropper","DAL","WR","3","2025","","","","0.0","0.0","0.0","","","","","","","","","","","","","0.0"
"471","Jacardia Wright","SEA","RB","1","2025","","","0.0","","","","","","","","","","","","","","","","0.0"
"472","Russell Gage","SF","WR","1","2025","0.0","","","","","","","","","","","","","","","","","","0.0"
"473","Tejhaun Palmer","ARZ","WR","1","2025","","","","","","","","","","","","","","","","","","0.0","0.0"
"474","Jamal Agnew","ATL","WR","11","2025","0.0","","","0.0","","0.0","0.0","0.0","0.0","0.0","0.0","0.0","0.0","0.0","","","","","0.0"
"475","D'Ernest Johnson","NE, ARZ","RB","6","2025","","","","","","","0.0","","","0.0","0.0","","","","","0.0","0.0","0.0","0.0"
"476","Lew Nichols","PIT","RB","1","2025","","","","","","","","","0.0","","","","","","","","","","0.0"
"477","Ronnie Rivers","LA","RB","7","2025","","","","","","","0.0","","","","","","0.0","0.0","0.0","0.0","0.0","0.0","0.0"
"478","Ricky White","SEA","WR","2","2025","","","","","","","","","0.0","0.0","","","","","","","","","0.0"
"479","Treyton Welch","NO","TE","3","2025","","","0.0","","","","","","","","","","","","","","0.0","0.0","0.0"
"480","Eric Gray","NYG","RB","2","2025","","","","","","","","","","","","0.0","","","","","0.0","","0.0"
"481","Myles Gaskin","SEA","RB","1","2025","","","","","","","","","","","","","0.0","","","","","","0.0"
"482","Princeton Fant","DAL","TE","1","2025","","","","","","","","","0.0","","","","","","","","","","0.0"
"483","Jordan Mims","TEN","RB","1","2025","","0.0","","","","","","","","","","","","","","","","","0.0"
"484","Jeshaun Jones","MIN","WR","1","2025","","","","","","","","","","","","","","","","","","0.0","0.0"
"485","Ulysses Bentley","IND","RB","1","2025","0.0","","","","","","","","","","","","","","","","","","0.0"
"486","Gary Brightwell","CIN","RB","2","2025","","","","","","","","","","","","0.0","0.0","","","","","","0.0"
"487","E.J. Jenkins","PHI","TE","2","2025","","","","","","","0.0","","","","","","","","","0.0","","","0.0"
"488","Dalevon Campbell","CAR","WR","2","2025","","","0.0","0.0","","","","","","","","","","","","","","","0.0"
"489","Cameron Latu","PHI","TE","15","2025","","0.0","0.0","0.0","0.0","0.0","0.0","0.0","","0.0","0.0","0.0","0.0","0.0","0.0","","0.0","0.0","0.0"
"490","Avery Williams","NYJ","RB","1","2025","","","","","0.0","","","","","","","","","","","","","","0.0"
"491","River Cracraft","WAS","WR","2","2025","","","","","","","","","","","","","","","","","0.0","0.0","0.0"
"492","Hayden Rucci","MIA","TE","4","2025","","","","","","","","0.0","0.0","0.0","0.0","","","","","","","","0.0"
"493","Roschon Johnson","CHI","RB","6","2025","","0.0","0.0","0.0","","0.0","0.0","","","","0.0","","","","","","","","0.0"
"494","DJ Turner","LV","WR","1","2025","","","","","","","","","","","","","","0.0","","","","","0.0"
"495","Zach Davidson","NYG","TE","1","2025","","","","","","","","","","","","","","","","","0.0","","0.0"
"496","Kendall Milton","CIN","RB","1","2025","","","","","","","","","","","0.0","","","","","","","","0.0"
"497","Kaden Davis","CLV","WR","2","2025","","","0.0","","","","","","","","0.0","","","","","","","","0.0"
"498","Dominic Lovett","DET","WR","8","2025","","0.0","0.0","0.0","0.0","0.0","","","","0.0","0.0","","","0.0","","","","","0.0"
"499","CJ Dippre","NE","TE","2","2025","","","","","","","","","","","","","","","","","0.0","0.0","0.0"
"500","Sione Vaki","DET","RB","8","2025","","","0.0","","","","","","0.0","0.0","","","0.0","0.0","0.0","","0.0","0.0","0.0"
"501","Teagan Quitoriano","ATL","TE","15","2025","0.0","0.0","0.0","0.0","","0.0","","0.0","","0.0","0.0","0.0","0.0","0.0","0.0","0.0","0.0","0.0","0.0"
"502","Dan Chisena","CAR","WR","1","2025","","","","","","","","","","0.0","","","","","","","","","0.0"
"503","Kalel Mullings","TEN","RB","5","2025","","","","","","","","","","","","0.0","0.0","","0.0","0.0","0.0","","0.0"
"504","Nikola Kalinic","CHI","TE","2","2025","","","","","","","","","","","","0.0","","","","","","0.0","0.0"
"505","Ko Kieft","TB","TE","3","2025","0.0","0.0","0.0","","","","","","","","","","","","","","","","0.0"
"506","Stephen Carlson","CHI","TE","2","2025","","","","0.0","","","","0.0","","","","","","","","","","","0.0"
"507","Jackson Meeks","DET","WR","2","2025","","","","0.0","","","","","","","0.0","","","","","","","","0.0"
"508","Ja'Corey Brooks","WAS","WR","1","2025","","","","","","0.0","","","","","","","","","","","","","0.0"
"509","Velus Jones","NO, SEA","RB","6","2025","0.0","","0.0","0.0","0.0","","","","","","","","","0.0","0.0","","","","0.0"
"510","Chris Blair","ATL","WR","3","2025","","","","","","","","","","","","","","","0.0","0.0","0.0","","0.0"
"511","Isaac Guerendo","SF","RB","7","2025","0.0","0.0","0.0","","0.0","","0.0","","0.0","","","","0.0","","","","","","0.0"
"512","Feleipe Franks","ATL","TE","12","2025","0.0","","","0.0","","0.0","","0.0","0.0","0.0","0.0","0.0","0.0","0.0","","0.0","","0.0","0.0"
"513","Amar Johnson","LAC","RB","1","2025","","","","","","","","","","","0.0","","","","","","","","0.0"
"514","Josh Williams","TB","RB","2","2025","","","","","0.0","","","0.0","","","","","","","","","","","0.0"
"515","DeAndre Carter","CLV","WR","4","2025","0.0","0.0","0.0","0.0","","","","","","","","","","","","","","","0.0"
"516","Malik Turner","SF","WR","3","2025","","","0.0","","0.0","","0.0","","","","","","","","","","","","0.0"
"517","Maurice Alexander","CHI","WR","1","2025","","","","","","","","","","","","","","","","0.0","","","0.0"
"518","Simi Fehoko","ARZ","WR","7","2025","","","0.0","0.0","0.0","0.0","0.0","","0.0","0.0","","","","","","","","","0.0"
"519","Travis Homer","CHI","RB","8","2025","","","","","","","0.0","0.0","0.0","","0.0","","0.0","0.0","","","0.0","0.0","0.0"
"520","Jeff Wilson","MIA","RB","2","2025","0.0","","","","","","","","","","","","","","","","","0.0","0.0"
"521","Craig Reynolds","DET","RB","6","2025","0.0","0.0","","0.0","0.0","0.0","","","","0.0","","","","","","","","","0.0"
"522","Thomas Fidone","NYG","TE","2","2025","","","","","","","0.0","","0.0","","","","","","","","","","0.0"
"523","Nyheim Hines","LAC, NO","RB","4","2025","","","","","","0.0","0.0","0.0","","","","","","","","","","0.0","0.0"
"524","Dalen Cambre","NYG","WR","6","2025","","","","","","","","","","","0.0","0.0","0.0","","0.0","","0.0","0.0","0.0"
"525","Marcedes Lewis","DEN","TE","5","2025","","","","","","","","","0.0","0.0","0.0","","","0.0","","","0.0","","0.0"
"526","Owen Wright","TB","RB","3","2025","","","","","","0.0","","","","","0.0","0.0","","","","","","","0.0"
"527","Nate Carter","ATL","RB","4","2025","","0.0","0.0","","","","","0.0","","","","","","","","","","0.0","0.0"
"528","Jimmy Holiday","KC","WR","1","2025","","","","","","","","","","","","","","","","","","0.0","0.0"
"529","Zach Horton","DET","TE","2","2025","","","","","","","","","","","","","0.0","","","","","0.0","0.0"
"530","Laquon Treadwell","IND","WR","9","2025","","","","","","","0.0","","","0.0","","0.0","0.0","0.0","0.0","0.0","0.0","0.0","0.0"
"531","Trey Sermon","PIT","RB","3","2025","","","","0.0","","","","","0.0","0.0","","","","","","","","","0.0"
"532","Myles Price","MIN","WR","16","2025","0.0","0.0","0.0","0.0","0.0","","0.0","0.0","0.0","0.0","0.0","0.0","0.0","0.0","0.0","0.0","0.0","","0.0"
"533","Malik Cunningham","DET","WR","1","2025","","","","","","","","","","","","","","0.0","","","","","0.0"
"534","Jordan James","SF","RB","1","2025","","","","","","","","","","","","","","","","0.0","","","0.0"
"535","Sean McKeon","IND","TE","1","2025","","","","","","","","","","","","","","","","","","0.0","0.0"
"536","Parris Campbell","DAL","WR","1","2025","","","","","","0.0","","","","","","","","","","","","","0.0"
"537","Chase Edmonds","WAS","RB","3","2025","","","","","","","","","","","0.0","","","","0.0","","0.0","","0.0"
"538","Brandon Smith","NYJ","WR","1","2025","","","","","","","","0.0","","","","","","","","","","","0.0"
"539","Travis Vokolek","ARZ","TE","3","2025","0.0","0.0","","","0.0","","","","","","","","","","","","","","0.0"
"540","Nick Vannett","MIN, LA","TE","5","2025","","","","0.0","0.0","","","","0.0","","","","","0.0","","","","0.0","0.0"
"541","Justin Shorter","LV","WR","5","2025","0.0","","0.0","0.0","","0.0","0.0","","","","","","","","","","","","0.0"
"542","Jacob Saylors","DET","RB","11","2025","0.0","0.0","0.0","0.0","0.0","","0.0","","0.0","","0.0","0.0","","0.0","","0.0","","","0.0"

"Rank","Rank, Most to Least"
"Name","Full name of the player or team"
"Team","Team(s) played for"
"POS","Player Position"
"G","Games Played"
"W1","Week 1"
"W2","Week 2"
"W3","Week 3"
"W4","Week 4"
"W5","Week 5"
"W6","Week 6"
"W7","Week 7"
"W8","Week 8"
"W9","Week 9"
"W10","Week 10"
"W11","Week 11"
"W12","Week 12"
"W13","Week 13"
"W14","Week 14"
"W15","Week 15"
"W16","Week 16"
"W17","Week 17"
"W18","Week 18"
"TM TGT %","Team Target Share"